/*
SQLyog Ultimate v9.60 
MySQL - 5.7.25 : Database - erp
*********************************************************************
*/

/*!40101 SET NAMES utf8 */;

/*!40101 SET SQL_MODE=''*/;

/*!40014 SET @OLD_UNIQUE_CHECKS=@@UNIQUE_CHECKS, UNIQUE_CHECKS=0 */;
/*!40014 SET @OLD_FOREIGN_KEY_CHECKS=@@FOREIGN_KEY_CHECKS, FOREIGN_KEY_CHECKS=0 */;
/*!40101 SET @OLD_SQL_MODE=@@SQL_MODE, SQL_MODE='NO_AUTO_VALUE_ON_ZERO' */;
/*!40111 SET @OLD_SQL_NOTES=@@SQL_NOTES, SQL_NOTES=0 */;
/*Table structure for table `tb_ageseason` */

DROP TABLE IF EXISTS `tb_ageseason`;

CREATE TABLE `tb_ageseason` (
  `id` int(10) unsigned NOT NULL AUTO_INCREMENT COMMENT '主键id',
  `sessionmark` varchar(10) DEFAULT NULL,
  `name` varchar(100) DEFAULT NULL COMMENT '中文名称',
  PRIMARY KEY (`id`)
) ENGINE=InnoDB AUTO_INCREMENT=10 DEFAULT CHARSET=utf8mb4 COMMENT='年代季节';

/*Data for the table `tb_ageseason` */

insert  into `tb_ageseason`(`id`,`sessionmark`,`name`) values (1,'XX','2018'),(2,'SS','2018'),(3,'SS','2019'),(4,'FW','2019'),(5,'SS','2012'),(6,'FW','2018'),(7,'SS','2015'),(8,'FW','2015'),(9,'FW','2012');

/*Table structure for table `tb_aliases` */

DROP TABLE IF EXISTS `tb_aliases`;

CREATE TABLE `tb_aliases` (
  `id` int(10) unsigned NOT NULL AUTO_INCREMENT COMMENT '主键id',
  `name_cn` varchar(100) DEFAULT NULL COMMENT '中文名称',
  `name_en` varchar(100) DEFAULT NULL COMMENT '英文名称',
  `name_hk` varchar(100) DEFAULT NULL COMMENT '粤语名称',
  `name_fr` varchar(100) DEFAULT NULL COMMENT '法语名称',
  `name_it` varchar(100) DEFAULT NULL COMMENT '意大利语名称',
  `name_sp` varchar(100) DEFAULT NULL COMMENT '西班牙语名称',
  `name_de` varchar(100) DEFAULT NULL COMMENT '德语名称',
  `code` varchar(50) DEFAULT NULL COMMENT '编码',
  `brandid` int(10) unsigned DEFAULT NULL COMMENT '品牌主键id',
  PRIMARY KEY (`id`)
) ENGINE=InnoDB AUTO_INCREMENT=127 DEFAULT CHARSET=utf8mb4 COMMENT='别名表';

/*Data for the table `tb_aliases` */

insert  into `tb_aliases`(`id`,`name_cn`,`name_en`,`name_hk`,`name_fr`,`name_it`,`name_sp`,`name_de`,`code`,`brandid`) values (1,'12K镀金',NULL,NULL,NULL,NULL,NULL,NULL,NULL,207),(2,'2.55',NULL,NULL,NULL,NULL,NULL,NULL,NULL,43),(3,'5050',NULL,NULL,NULL,NULL,NULL,NULL,NULL,204),(4,'BRIKIN',NULL,NULL,NULL,NULL,NULL,NULL,NULL,100),(5,'CLASSIC',NULL,NULL,NULL,NULL,NULL,NULL,NULL,43),(6,'GST',NULL,NULL,NULL,NULL,NULL,NULL,NULL,43),(7,'H扣',NULL,NULL,NULL,NULL,NULL,NULL,NULL,100),(8,'KELLY',NULL,NULL,NULL,NULL,NULL,NULL,NULL,100),(9,'LADY',NULL,NULL,NULL,NULL,NULL,NULL,NULL,63),(10,'LE BOY',NULL,NULL,NULL,NULL,NULL,NULL,NULL,43),(11,'ROMA',NULL,NULL,NULL,NULL,NULL,NULL,NULL,27),(12,'YEEZY',NULL,NULL,NULL,NULL,NULL,NULL,NULL,221),(13,'Z扣',NULL,NULL,NULL,NULL,NULL,NULL,NULL,224),(14,'爱心',NULL,NULL,NULL,NULL,NULL,NULL,NULL,94),(15,'芭比娃娃',NULL,NULL,NULL,NULL,NULL,NULL,NULL,154),(16,'贝壳头',NULL,NULL,NULL,NULL,NULL,NULL,NULL,5),(17,'变形金刚熊',NULL,NULL,NULL,NULL,NULL,NULL,NULL,156),(18,'别针熊',NULL,NULL,NULL,NULL,NULL,NULL,NULL,154),(19,'波点',NULL,NULL,NULL,NULL,NULL,NULL,NULL,119),(20,'彩虹',NULL,NULL,NULL,NULL,NULL,NULL,NULL,212),(21,'彩片',NULL,NULL,NULL,NULL,NULL,NULL,NULL,187),(22,'彩色迷彩',NULL,NULL,NULL,NULL,NULL,NULL,NULL,212),(23,'翅膀',NULL,NULL,NULL,NULL,NULL,NULL,NULL,136),(24,'大匡威',NULL,NULL,NULL,NULL,NULL,NULL,NULL,189),(25,'大匡威 ',NULL,NULL,NULL,NULL,NULL,NULL,NULL,60),(26,'大象',NULL,NULL,NULL,NULL,NULL,NULL,NULL,126),(27,'倒三角',NULL,NULL,NULL,NULL,NULL,NULL,NULL,189),(28,'吊床包',NULL,NULL,NULL,NULL,NULL,NULL,NULL,126),(29,'豆豆',NULL,NULL,NULL,NULL,NULL,NULL,NULL,209),(30,'方扣',NULL,NULL,NULL,NULL,NULL,NULL,NULL,195),(31,'飞鱼',NULL,NULL,NULL,NULL,NULL,NULL,NULL,119),(32,'愤怒的小鸟',NULL,NULL,NULL,NULL,NULL,NULL,NULL,77),(33,'风镜',NULL,NULL,NULL,NULL,NULL,NULL,NULL,190),(34,'狗头',NULL,NULL,NULL,NULL,NULL,NULL,NULL,91),(35,'海绵宝宝',NULL,NULL,NULL,NULL,NULL,NULL,NULL,154),(36,'黑武士',NULL,NULL,NULL,NULL,NULL,NULL,NULL,221),(37,'红唇',NULL,NULL,NULL,NULL,NULL,NULL,NULL,175),(38,'蝴蝶',NULL,NULL,NULL,NULL,NULL,NULL,NULL,212),(39,'蝴蝶结',NULL,NULL,NULL,NULL,NULL,NULL,NULL,197),(40,'虎头',NULL,NULL,NULL,NULL,NULL,NULL,NULL,119),(41,'虎头',NULL,NULL,NULL,NULL,NULL,NULL,NULL,120),(42,'花朵',NULL,NULL,NULL,NULL,NULL,NULL,NULL,66),(43,'花卉',NULL,NULL,NULL,NULL,NULL,NULL,NULL,221),(44,'皇冠',NULL,NULL,NULL,NULL,NULL,NULL,NULL,66),(45,'机车',NULL,NULL,NULL,NULL,NULL,NULL,NULL,23),(46,'经典Y扣',NULL,NULL,NULL,NULL,NULL,NULL,NULL,196),(47,'经典格纹',NULL,NULL,NULL,NULL,NULL,NULL,NULL,32),(48,'经典款',NULL,NULL,NULL,NULL,NULL,NULL,NULL,141),(49,'经典款',NULL,NULL,NULL,NULL,NULL,NULL,NULL,149),(50,'恐龙',NULL,NULL,NULL,NULL,NULL,NULL,NULL,196),(51,'骷髅',NULL,NULL,NULL,NULL,NULL,NULL,NULL,8),(52,'骷髅头',NULL,NULL,NULL,NULL,NULL,NULL,NULL,175),(53,'老佛爷    ',NULL,NULL,NULL,NULL,NULL,NULL,NULL,77),(54,'肋骨',NULL,NULL,NULL,NULL,NULL,NULL,NULL,8),(55,'马鞍包',NULL,NULL,NULL,NULL,NULL,NULL,NULL,147),(56,'马赛克双枪',NULL,NULL,NULL,NULL,NULL,NULL,NULL,192),(57,'麦当劳',NULL,NULL,NULL,NULL,NULL,NULL,NULL,154),(58,'蟒蛇',NULL,NULL,NULL,NULL,NULL,NULL,NULL,136),(59,'铆钉',NULL,NULL,NULL,NULL,NULL,NULL,NULL,8),(60,'铆钉',NULL,NULL,NULL,NULL,NULL,NULL,NULL,175),(61,'铆钉',NULL,NULL,NULL,NULL,NULL,NULL,NULL,48),(62,'铆钉',NULL,NULL,NULL,NULL,NULL,NULL,NULL,212),(63,'美杜莎',NULL,NULL,NULL,NULL,NULL,NULL,NULL,215),(64,'美杜莎',NULL,NULL,NULL,NULL,NULL,NULL,NULL,223),(65,'迷彩',NULL,NULL,NULL,NULL,NULL,NULL,NULL,212),(66,'蜜蜂',NULL,NULL,NULL,NULL,NULL,NULL,NULL,66),(67,'女神靴 ',NULL,NULL,NULL,NULL,NULL,NULL,NULL,60),(68,'秋千',NULL,NULL,NULL,NULL,NULL,NULL,NULL,41),(69,'杀手',NULL,NULL,NULL,NULL,NULL,NULL,NULL,181),(70,'鲨鱼',NULL,NULL,NULL,NULL,NULL,NULL,NULL,158),(71,'鲨鱼',NULL,NULL,NULL,NULL,NULL,NULL,NULL,196),(72,'闪电',NULL,NULL,NULL,NULL,NULL,NULL,NULL,165),(73,'蛇头 ',NULL,NULL,NULL,NULL,NULL,NULL,NULL,35),(74,'圣诞熊',NULL,NULL,NULL,NULL,NULL,NULL,NULL,154),(75,'圣母',NULL,NULL,NULL,NULL,NULL,NULL,NULL,91),(76,'狮子头',NULL,NULL,NULL,NULL,NULL,NULL,NULL,218),(77,'双G',NULL,NULL,NULL,NULL,NULL,NULL,NULL,94),(78,'双LOGO',NULL,NULL,NULL,NULL,NULL,NULL,NULL,35),(79,'双金片',NULL,NULL,NULL,NULL,NULL,NULL,NULL,90),(80,'双马蹄扣',NULL,NULL,NULL,NULL,NULL,NULL,NULL,197),(81,'双枪',NULL,NULL,NULL,NULL,NULL,NULL,NULL,192),(82,'双枪国旗款',NULL,NULL,NULL,NULL,NULL,NULL,NULL,192),(83,'双钻片',NULL,NULL,NULL,NULL,NULL,NULL,NULL,90),(84,'锁头',NULL,NULL,NULL,NULL,NULL,NULL,NULL,34),(85,'太空熊',NULL,NULL,NULL,NULL,NULL,NULL,NULL,154),(86,'桃心',NULL,NULL,NULL,NULL,NULL,NULL,NULL,45),(87,'铁塔',NULL,NULL,NULL,NULL,NULL,NULL,NULL,119),(88,'兔子',NULL,NULL,NULL,NULL,NULL,NULL,NULL,143),(89,'袜子鞋',NULL,NULL,NULL,NULL,NULL,NULL,NULL,23),(90,'王菲款',NULL,NULL,NULL,NULL,NULL,NULL,NULL,149),(91,'巫师帽 ',NULL,NULL,NULL,NULL,NULL,NULL,NULL,60),(92,'吸血鬼',NULL,NULL,NULL,NULL,NULL,NULL,NULL,196),(93,'限量款',NULL,NULL,NULL,NULL,NULL,NULL,NULL,96),(94,'相机包',NULL,NULL,NULL,NULL,NULL,NULL,NULL,135),(95,'小怪兽',NULL,NULL,NULL,NULL,NULL,NULL,NULL,77),(96,'小鹿',NULL,NULL,NULL,NULL,NULL,NULL,NULL,91),(97,'小猫',NULL,NULL,NULL,NULL,NULL,NULL,NULL,44),(98,'小蜜蜂',NULL,NULL,NULL,NULL,NULL,NULL,NULL,94),(99,'小熊',NULL,NULL,NULL,NULL,NULL,NULL,NULL,131),(100,'小熊',NULL,NULL,NULL,NULL,NULL,NULL,NULL,154),(101,'小鸭子',NULL,NULL,NULL,NULL,NULL,NULL,NULL,158),(102,'小猪',NULL,NULL,NULL,NULL,NULL,NULL,NULL,47),(103,'笑脸',NULL,NULL,NULL,NULL,NULL,NULL,NULL,41),(104,'星空',NULL,NULL,NULL,NULL,NULL,NULL,NULL,212),(105,'星星',NULL,NULL,NULL,NULL,NULL,NULL,NULL,196),(106,'星星',NULL,NULL,NULL,NULL,NULL,NULL,NULL,91),(107,'星星',NULL,NULL,NULL,NULL,NULL,NULL,NULL,202),(108,'熊猫',NULL,NULL,NULL,NULL,NULL,NULL,NULL,126),(109,'眼睛',NULL,NULL,NULL,NULL,NULL,NULL,NULL,45),(110,'眼睛',NULL,NULL,NULL,NULL,NULL,NULL,NULL,119),(111,'眼睛',NULL,NULL,NULL,NULL,NULL,NULL,NULL,120),(112,'眼镜蛇',NULL,NULL,NULL,NULL,NULL,NULL,NULL,91),(113,'眼镜熊',NULL,NULL,NULL,NULL,NULL,NULL,NULL,158),(114,'燕子',NULL,NULL,NULL,NULL,NULL,NULL,NULL,143),(115,'燕子包',NULL,NULL,NULL,NULL,NULL,NULL,NULL,178),(116,'椰子',NULL,NULL,NULL,NULL,NULL,NULL,NULL,6),(117,'鹰头',NULL,NULL,NULL,NULL,NULL,NULL,NULL,201),(118,'邮差包',NULL,NULL,NULL,NULL,NULL,NULL,NULL,147),(119,'羽毛',NULL,NULL,NULL,NULL,NULL,NULL,NULL,14),(120,'纸板熊',NULL,NULL,NULL,NULL,NULL,NULL,NULL,156),(121,'中国新年款',NULL,NULL,NULL,NULL,NULL,NULL,NULL,119),(122,'竹节',NULL,NULL,NULL,NULL,NULL,NULL,NULL,94),(123,'自由女神',NULL,NULL,NULL,NULL,NULL,NULL,NULL,165),(124,'嘴唇',NULL,NULL,NULL,NULL,NULL,NULL,NULL,22),(125,'嘴唇',NULL,NULL,NULL,NULL,NULL,NULL,NULL,45),(126,'22','22',NULL,NULL,NULL,NULL,NULL,'22',1);

/*Table structure for table `tb_brand` */

DROP TABLE IF EXISTS `tb_brand`;

CREATE TABLE `tb_brand` (
  `id` int(10) unsigned NOT NULL AUTO_INCREMENT COMMENT '主键id',
  `name_cn` varchar(100) DEFAULT NULL COMMENT '中文名称',
  `name_en` varchar(100) DEFAULT NULL COMMENT '英文名称',
  `name_hk` varchar(100) DEFAULT NULL COMMENT '粤语名称',
  `name_fr` varchar(100) DEFAULT NULL COMMENT '法语名称',
  `name_it` varchar(100) DEFAULT NULL COMMENT '意大利语名称',
  `name_sp` varchar(100) DEFAULT NULL COMMENT '西班牙语名称',
  `name_de` varchar(100) DEFAULT NULL COMMENT '德语名称',
  `countryid` int(10) unsigned DEFAULT NULL,
  `filename` varchar(200) DEFAULT NULL COMMENT 'LOGO',
  `memo` text,
  `officialwebsite` varchar(500) DEFAULT NULL,
  PRIMARY KEY (`id`)
) ENGINE=InnoDB AUTO_INCREMENT=228 DEFAULT CHARSET=utf8mb4 COMMENT='品牌表';

/*Data for the table `tb_brand` */

insert  into `tb_brand`(`id`,`name_cn`,`name_en`,`name_hk`,`name_fr`,`name_it`,`name_sp`,`name_de`,`countryid`,`filename`,`memo`,`officialwebsite`) values (1,'菲利林','3.1 PHILLIP LIM',NULL,NULL,NULL,NULL,NULL,30,'brand/1.jpg','',''),(2,'阿米迪奥・铁狮东尼','A.TESTONI',NULL,NULL,NULL,NULL,NULL,60,'brand/2.jpg',NULL,'http://www.testoni.com'),(3,'广告杂项','AD POSTER','',NULL,'',NULL,NULL,52,'product/9f7c638cb76a5953f9566f2f73c57062.jpg','',''),(4,'阿迪达斯&拉夫西蒙','ADIDAS BY RAF SIMONS',NULL,NULL,NULL,NULL,NULL,15,'',NULL,''),(5,'ADIDAS BY RICK OWENS','ADIDAS BY RICK OWENS',NULL,NULL,NULL,NULL,NULL,60,'',NULL,''),(6,'椰子','ADIDAS YEEZY',NULL,NULL,NULL,NULL,NULL,13,'product/8c142566a0c757dda9a67da0bc30e398.jpg','',''),(7,'ALBERTO PREMI','ALBERTO PREMI',NULL,NULL,NULL,NULL,NULL,60,'brand/7.jpg',NULL,'http://www.albertopremi.com/'),(8,'亚历山大-麦昆','ALEXANDER MCQUEEN',NULL,NULL,NULL,NULL,NULL,63,'brand/8.jpg',NULL,'http://www.alexandermcqueen.co.uk/'),(9,'ALEXANDER WANG','ALEXANDER WANG',NULL,NULL,NULL,NULL,NULL,30,'',NULL,''),(10,'','AMBUSH',NULL,NULL,NULL,NULL,NULL,41,'brand/10.jpg',NULL,'http://www.ambushdesign.com/'),(11,'Alexandre Mattiussi','AMI',NULL,NULL,NULL,NULL,NULL,64,'brand/11.jpg',NULL,'https://www.amiparis.com'),(12,'','AMIRI',NULL,NULL,NULL,NULL,NULL,30,'',NULL,''),(13,'安哥杰克森','ANGEL JACKSON',NULL,NULL,NULL,NULL,NULL,60,'brand/13.jpg',NULL,'http://www.angeljackson.com/'),(14,'安娜','ANNA BAIGUERA',NULL,NULL,NULL,NULL,NULL,60,'brand/14.jpg',NULL,'http://www.annabaiguera.com/'),(15,'安特 皮塔格拉','ANTPITAGORA',NULL,NULL,NULL,NULL,NULL,60,'brand/15.jpg',NULL,'http://www.antpitagora.com/'),(16,'阿玛尼黑标','ARMANI COLLEZIONI',NULL,NULL,NULL,NULL,NULL,60,'brand/16.jpg',NULL,'http://www.armani.com/us/armanicollezioni'),(17,'阿玛尼牛仔','ARMANI JEANS',NULL,NULL,NULL,NULL,NULL,60,'brand/17.jpg',NULL,'http://www.armanijeanssale.org/'),(18,'阿玛尼童装','ARMANI JUNIOR',NULL,NULL,NULL,NULL,NULL,60,'brand/18.jpg',NULL,'http://www.armani.com/it/armanijunior'),(19,'','ARMY',NULL,NULL,NULL,NULL,NULL,60,'',NULL,''),(20,'爱莎尚品','ASA',NULL,NULL,NULL,NULL,NULL,66,'brand/20.jpg',NULL,''),(21,'ATELIERVLISCO','ATELIERVLISCO',NULL,NULL,NULL,NULL,NULL,60,'brand/21.jpg',NULL,'http://www.ateliervlisco.com/'),(22,'AU JOUR LE JOUR','AU JOUR LE JOUR',NULL,NULL,NULL,NULL,NULL,60,'brand/22.jpg',NULL,'http://www.aujourlejour.it'),(23,'巴黎世家','BALENCIAGA',NULL,NULL,NULL,NULL,NULL,15,'brand/23.jpg',NULL,'http://www.balenciaga.com/us'),(24,'巴利','BALLY',NULL,NULL,NULL,NULL,NULL,42,'brand/24.jpg',NULL,'http://www.bally.cn/Index.aspx'),(25,'巴尔曼','BALMAIN',NULL,NULL,NULL,NULL,NULL,15,'',NULL,''),(26,'BOSS 绿标','BOSS GREEN',NULL,NULL,NULL,NULL,NULL,13,'',NULL,''),(27,'宝缇嘉','BOTTEGA VENETA',NULL,NULL,NULL,NULL,NULL,60,'brand/27.jpg',NULL,'http://www.bottegaveneta.com/us/shop'),(28,'','BOUTIQUE MOSCHINO',NULL,NULL,NULL,NULL,NULL,60,'brand/28.jpg',NULL,''),(29,'伦敦男孩','BOY LONDON',NULL,NULL,NULL,NULL,NULL,64,'brand/29.jpg',NULL,'http://boy-london.com/'),(30,'BRIONI','BRIONI',NULL,NULL,NULL,NULL,NULL,60,'brand/30.jpg',NULL,''),(31,'BROOKSFIELD','BROOKSFIELD',NULL,NULL,NULL,NULL,NULL,60,'brand/31.jpg',NULL,''),(32,'博柏利','BURBERRY',NULL,NULL,NULL,NULL,NULL,63,'brand/32.jpg',NULL,'http://us.burberry.com/'),(33,'博柏利童装','BURBERRY KIDS',NULL,NULL,NULL,NULL,NULL,64,'',NULL,''),(34,'BUSCEMI','BUSCEMI',NULL,NULL,NULL,NULL,NULL,30,'brand/34.jpg',NULL,'http://jonbuscemi.com/'),(35,'宝格丽','BVLGARI',NULL,NULL,NULL,NULL,NULL,60,'brand/35.jpg',NULL,'http://zh-cn.bulgari.com'),(36,'加拿大鹅','CANADA GOOSE','',NULL,'',NULL,NULL,20,'brand/36.jpg','','http://www.canada-goose.com'),(37,'加拿大鹅童装','CANADA GOOSE KID',NULL,NULL,NULL,NULL,NULL,20,'',NULL,''),(38,'卡雷拉','CARRERA',NULL,NULL,NULL,NULL,NULL,42,'brand/38.jpg',NULL,''),(39,'卡地亚','CARTIER',NULL,NULL,NULL,NULL,NULL,15,'brand/39.jpg',NULL,'http://www.cartier.com/'),(40,'卡纷','CARVEN',NULL,NULL,NULL,NULL,NULL,15,'brand/40.jpg',NULL,''),(41,'赛琳','CELINE',NULL,NULL,NULL,NULL,NULL,15,'brand/41.jpg',NULL,'http://www.celine.com/'),(42,'','CHAMPION',NULL,NULL,NULL,NULL,NULL,30,'brand/42.jpg',NULL,''),(43,'香奈儿','CHANEL',NULL,NULL,NULL,NULL,NULL,15,'brand/43.jpg',NULL,'http://www.chanel.com/en_US/'),(44,'夏洛特·奥林匹亚','CHARLOTTE OLYMPIA',NULL,NULL,NULL,NULL,NULL,63,'brand/44.jpg',NULL,'http://www.charlotteolympia.com/'),(45,'嘉拉·法拉格尼','CHIARA FERRAGNI',NULL,NULL,NULL,NULL,NULL,60,'brand/45.jpg',NULL,'http://www.chiaraferragnicollection.com/en/'),(46,'CHIARA FERRAGNI KID','CHIARA FERRAGNI KID',NULL,NULL,NULL,NULL,NULL,60,'',NULL,''),(47,'寇依','CHLOE',NULL,NULL,NULL,NULL,NULL,15,'brand/47.jpg',NULL,'http://www.chloe.com/'),(48,'克里斯汀陆伯丁','CHRISTIAN LOUBOUTIN',NULL,NULL,NULL,NULL,NULL,15,'brand/48.jpg',NULL,'http://www.christainlouboutin.com/'),(49,'克里斯托弗·凯恩','CHRISTOPHER KANE',NULL,NULL,NULL,NULL,NULL,63,'brand/49.jpg',NULL,''),(50,'克罗心','CHROME HEARTS',NULL,NULL,NULL,NULL,NULL,30,'',NULL,''),(51,'','CINZIA ARAIA',NULL,NULL,NULL,NULL,NULL,60,'',NULL,''),(52,'卡尔文·克莱恩','CK',NULL,NULL,NULL,NULL,NULL,30,'brand/52.jpg',NULL,'http://www.ck.com/zh_CN/'),(53,'CLASS CAVALLI','CLASS CAVALLI',NULL,NULL,NULL,NULL,NULL,60,'',NULL,''),(54,'CNC','CNC',NULL,NULL,NULL,NULL,NULL,60,'',NULL,''),(55,'寇驰','COACH',NULL,NULL,NULL,NULL,NULL,30,'brand/55.jpg',NULL,'http://www.coach.com/international/'),(56,'','COLIAC',NULL,NULL,NULL,NULL,NULL,60,'',NULL,''),(57,'川久保玲','COMME DES GARCONS',NULL,NULL,NULL,NULL,NULL,15,'brand/57.jpg',NULL,'http://www.comme-des-garcons.com/'),(58,'','COMMON PROJECTS',NULL,NULL,NULL,NULL,NULL,30,'brand/58.jpg',NULL,''),(59,'DALMINE','DALMINE',NULL,NULL,NULL,NULL,NULL,60,'',NULL,''),(60,'','DARK SHADOW',NULL,NULL,NULL,NULL,NULL,60,'',NULL,''),(61,'Decimo Hombre','Decimo Hombre',NULL,NULL,NULL,NULL,NULL,15,'',NULL,''),(62,'','DESIGNINVERSO',NULL,NULL,NULL,NULL,NULL,60,'',NULL,''),(63,'克里斯汀·迪奥','DIOR',NULL,NULL,NULL,NULL,NULL,15,'brand/63.jpg',NULL,'http://www.dior.com/home/it_it'),(64,'迪奥','DIOR HOMME',NULL,NULL,NULL,NULL,NULL,15,'',NULL,''),(65,'贝肯鲍','DIRK BIKKEMBERGS',NULL,NULL,NULL,NULL,NULL,13,'brand/65.jpg',NULL,'http://www.bikkembergs.com/'),(66,'杜嘉班纳','DOLCE & GABBANA',NULL,NULL,NULL,NULL,NULL,60,'brand/66.jpg',NULL,'http://www.dolcegabbana.com/'),(67,'D二次方','DSQUARED2',NULL,NULL,NULL,NULL,NULL,60,'brand/67.jpg',NULL,'http://www.dsquared2.com/'),(68,'登喜路','DUNHILL',NULL,NULL,NULL,NULL,NULL,63,'brand/68.jpg',NULL,'http://www.dunhill.com/'),(69,'杜维迪卡','DUVETICA',NULL,NULL,NULL,NULL,NULL,60,'',NULL,''),(70,'EA7','EA7',NULL,NULL,NULL,NULL,NULL,60,'brand/70.jpg',NULL,'http://www.armani.cn/gb/ea7'),(71,'爱步','ECCO',NULL,NULL,NULL,NULL,NULL,2,'brand/71.jpg',NULL,'http://us.shop.ecco.com/'),(72,'ECO','ECO',NULL,NULL,NULL,NULL,NULL,60,'',NULL,''),(73,'ELISABETTA FRANCHI','ELISABETTA FRANCHI',NULL,NULL,NULL,NULL,NULL,60,'',NULL,''),(74,'安普里奥·阿玛尼','EMPORIO ARMANI',NULL,NULL,NULL,NULL,NULL,60,'brand/74.jpg',NULL,'http://www.armani.com/us/emporioarmani'),(75,'恩普里奥.杰尼亚','ERMENEGILDO ZEGNA',NULL,NULL,NULL,NULL,NULL,60,'brand/75.jpg',NULL,'http://www.zegna.com/ca/home.html'),(76,'ETRO','ETRO',NULL,NULL,NULL,NULL,NULL,60,'brand/76.jpg',NULL,'https://www.etro.com/zh_cn/'),(77,'芬迪','FENDI',NULL,NULL,NULL,NULL,NULL,60,'brand/77.jpg',NULL,'http://www.fendi.com/ii/en'),(78,'芬迪童装','FENDI KIDS',NULL,NULL,NULL,NULL,NULL,60,'',NULL,'http://www.fendi.com/ii/en'),(79,'FERRARI','FERRARI',NULL,NULL,NULL,NULL,NULL,60,'',NULL,''),(80,'FESTA','FESTA',NULL,NULL,NULL,NULL,NULL,60,'',NULL,''),(81,'FORTE COUTURE','FORTE COUTURE',NULL,NULL,NULL,NULL,NULL,60,'',NULL,''),(82,'弗兰基 莫雷诺','FRANKIE MORELLO',NULL,NULL,NULL,NULL,NULL,60,'brand/82.jpg',NULL,'http://www.frankiemorello.it/'),(83,'芙拉','FURLA',NULL,NULL,NULL,NULL,NULL,60,'brand/83.jpg',NULL,''),(84,'GARDEUR-G DESIGN','GARDEUR-G DESIGN',NULL,NULL,NULL,NULL,NULL,13,'',NULL,''),(85,'','GCDS',NULL,NULL,NULL,NULL,NULL,60,'',NULL,''),(86,'','GEDEBE',NULL,NULL,NULL,NULL,NULL,60,'',NULL,''),(87,'','GIAB\'S',NULL,NULL,NULL,NULL,NULL,60,'',NULL,''),(88,'GIACOMORELLI','GIACOMORELLI',NULL,NULL,NULL,NULL,NULL,60,'brand/88.jpg',NULL,'http://www.giacomorelli.com/'),(89,'乔治·阿玛尼','GIORGIO ARMANI',NULL,NULL,NULL,NULL,NULL,60,'brand/89.jpg',NULL,'http://www.giorgioarmanibeauty-usa.com/'),(90,'朱塞佩·萨诺第','GIUSEPPE ZANOTTI',NULL,NULL,NULL,NULL,NULL,60,'brand/90.jpg',NULL,'http://www.giuseppezanottidesign.com'),(91,'纪梵希','GIVENCHY',NULL,NULL,NULL,NULL,NULL,15,'brand/91.jpg',NULL,'http://www.givenchy.com/cn/'),(92,'黄金鹅','GOLDEN GOOSE',NULL,NULL,NULL,NULL,NULL,60,'brand/92.jpg',NULL,''),(93,'灰蚂蚁','GREY ANT',NULL,NULL,NULL,NULL,NULL,30,'brand/93.jpg',NULL,'http://shop.greyant.com/'),(94,'古琦','GUCCI',NULL,NULL,NULL,NULL,NULL,60,'brand/94.jpg',NULL,'http://www.gucci.com/cn/home?utm_source=baidu_cn&utm_medium=Brandzone&utm_term=headline&utm_campaign=officialwebsite'),(95,'盖尔斯','GUESS',NULL,NULL,NULL,NULL,NULL,30,'',NULL,''),(96,'贵迪','GUIDI',NULL,NULL,NULL,NULL,NULL,60,'',NULL,''),(97,'HACKETT','HACKETT',NULL,NULL,NULL,NULL,NULL,40,'',NULL,''),(98,'HACULLA','HACULLA',NULL,NULL,NULL,NULL,NULL,30,'brand/98.jpg',NULL,'http://www.haculla.com/'),(99,'海尔姆特·朗','HELMUT LANG',NULL,NULL,NULL,NULL,NULL,30,'brand/99.jpg',NULL,''),(100,'爱马仕','HERMES',NULL,NULL,NULL,NULL,NULL,15,'brand/100.jpg',NULL,'http://www.hermes.com/index_default.html'),(101,'HOGAN','HOGAN',NULL,NULL,NULL,NULL,NULL,60,'brand/101.jpg',NULL,'https://www.hogan.cn/cn-zh/home.html'),(102,'HOLDEM','HOLDEM',NULL,NULL,NULL,NULL,NULL,49,'',NULL,''),(103,'HBA','HOOD BY AIR',NULL,NULL,NULL,NULL,NULL,30,'',NULL,''),(104,'','HOW AND WHAT',NULL,NULL,NULL,NULL,NULL,19,'',NULL,''),(105,'胡戈-波士','HUGO BOSS',NULL,NULL,NULL,NULL,NULL,13,'brand/105.jpg',NULL,'http://store-us.hugoboss.com/'),(106,'ICE','ICE',NULL,NULL,NULL,NULL,NULL,60,'',NULL,''),(107,'ICEBERG','ICEBERG',NULL,NULL,NULL,NULL,NULL,60,'',NULL,''),(108,'IH NOM UH NIT','IH NOM UH NIT',NULL,NULL,NULL,NULL,NULL,15,'brand/108.jpg',NULL,'http://www.ihnomuhnit.co/en'),(109,'J BRAND','J BRAND',NULL,NULL,NULL,NULL,NULL,30,'brand/109.jpg',NULL,''),(110,'JIL SANDER','JIL SANDER',NULL,NULL,NULL,NULL,NULL,60,'',NULL,''),(111,'周仰杰','JIMMY CHOO',NULL,NULL,NULL,NULL,NULL,63,'brand/111.jpg',NULL,'http://row.jimmychoo.com/on/demandware.store/Sites-jchrow-Site/en/Default-Start?geoip=geoip'),(112,'JOHN SMEDLEY','JOHN SMEDLEY',NULL,NULL,NULL,NULL,NULL,63,'',NULL,''),(113,'JOSHUA SANDERS','JOSHUA SANDERS',NULL,NULL,NULL,NULL,NULL,60,'brand/113.jpg',NULL,'http://www.joshua-sanders.com'),(114,'JUICY','JUICY',NULL,NULL,NULL,NULL,NULL,30,'',NULL,''),(115,'卡沃利','JUST CAVALLI',NULL,NULL,NULL,NULL,NULL,60,'',NULL,''),(116,'','JUUNJ',NULL,NULL,NULL,NULL,NULL,19,'brand/116.jpg',NULL,''),(117,'卡尔 拉格斐','KARL LAGERFELD',NULL,NULL,NULL,NULL,NULL,60,'',NULL,''),(118,'KATE SPADE','KATE SPADE',NULL,NULL,NULL,NULL,NULL,30,'',NULL,''),(119,'高田贤三','KENZO',NULL,NULL,NULL,NULL,NULL,15,'brand/119.jpg',NULL,'https://www.kenzo.com/'),(120,'高田贤三童装','KENZO BABY',NULL,NULL,NULL,NULL,NULL,15,'brand/120.jpg',NULL,'https://www.kenzo.com/'),(121,'考拉比','KOALABI',NULL,NULL,NULL,NULL,NULL,66,'brand/121.jpg',NULL,''),(122,'','KTZ',NULL,NULL,NULL,NULL,NULL,64,'',NULL,''),(123,'兰姿','LANCEL',NULL,NULL,NULL,NULL,NULL,15,'brand/123.jpg',NULL,'http://www.lancel.com/'),(124,'浪凡','LANVIN',NULL,NULL,NULL,NULL,NULL,15,'brand/124.jpg',NULL,'http://www.lanvin.com/'),(125,'琳达·法罗','LINDA FARROW',NULL,NULL,NULL,NULL,NULL,63,'brand/125.jpg',NULL,'http://www.lindafarrowvintage.com/'),(126,'罗意威','LOEWE',NULL,NULL,NULL,NULL,NULL,54,'brand/126.jpg',NULL,'http://www.loewe.com/'),(127,'珑骧','LONG CHAMP',NULL,NULL,NULL,NULL,NULL,15,'brand/127.jpg',NULL,'http://www.longchamp.com/'),(128,'LONG CLOTHING','LONG CLOTHING',NULL,NULL,NULL,NULL,NULL,64,'brand/128.jpg',NULL,'http://www.longclothing.com'),(129,'路易里曼','LOUIS LEEMAN',NULL,NULL,NULL,NULL,NULL,60,'brand/129.jpg',NULL,''),(130,'路易-威登','LOUIS VUITTON',NULL,NULL,NULL,NULL,NULL,15,'brand/130.jpg',NULL,'http://fr.louisvuitton.com/fra-fr/homepage'),(131,'最爱马斯奇诺','LOVE MOSCHINO',NULL,NULL,NULL,NULL,NULL,60,'brand/131.jpg',NULL,'http://www.moschino.com/it'),(132,'','MAJE',NULL,NULL,NULL,NULL,NULL,15,'',NULL,''),(133,'马诺洛','MANOLO BLAHNIK',NULL,NULL,NULL,NULL,NULL,15,'brand/133.jpg',NULL,'www.manoloblahnik.com'),(134,'马克.马克-雅各布','MARC BY MARC JACOBS',NULL,NULL,NULL,NULL,NULL,30,'brand/134.jpg',NULL,''),(135,'马克-雅各布','MARC JACOBS',NULL,NULL,NULL,NULL,NULL,30,'brand/135.jpg',NULL,'http://www.marcjacobs.com/'),(136,'马克布隆','MARCELO BURLON',NULL,NULL,NULL,NULL,NULL,60,'brand/136.jpg',NULL,'http://www.marceloburlonblog.com/'),(137,'MARCELO BURLON KID','MARCELO BURLON KID',NULL,NULL,NULL,NULL,NULL,60,'',NULL,''),(138,'','MARNI',NULL,NULL,NULL,NULL,NULL,60,'brand/138.jpg',NULL,''),(139,'马丁·马吉拉','MARTIN MARGIELA',NULL,NULL,NULL,NULL,NULL,15,'',NULL,''),(140,'马图','MATUA',NULL,NULL,NULL,NULL,NULL,60,'brand/140.jpg',NULL,''),(141,'麦丝玛拉','MAXMARA',NULL,NULL,NULL,NULL,NULL,60,'brand/141.jpg',NULL,'cn.maxmara.com'),(142,'MCM','MCM',NULL,NULL,NULL,NULL,NULL,13,'brand/142.jpg',NULL,'http://www.mcmworldwide.com/'),(143,'麦昆','MCQ',NULL,NULL,NULL,NULL,NULL,63,'brand/143.jpg',NULL,'http://www.alexandermcqueen.com/us/mcq/'),(144,'MELIS YILDIZ','MELIS YILDIZ',NULL,NULL,NULL,NULL,NULL,60,'',NULL,''),(145,'梅丽莎','MELISSA',NULL,NULL,NULL,NULL,NULL,60,'brand/145.jpg',NULL,''),(146,'MENBUR','MENBUR',NULL,NULL,NULL,NULL,NULL,54,'',NULL,''),(147,'迈克-柯尔','MICHAEL KORS',NULL,NULL,NULL,NULL,NULL,30,'brand/147.jpg',NULL,'http://www.michaelkors.cn/'),(148,'缪缪','MIU MIU',NULL,NULL,NULL,NULL,NULL,60,'brand/148.jpg',NULL,'http://www.miumiu.com/hans?cc=CN'),(149,'盟可睐','MONCLER',NULL,NULL,NULL,NULL,NULL,15,'brand/149.jpg',NULL,'http://eng.moncler.com/'),(150,'盟可睞童装','MONCLER KID',NULL,NULL,NULL,NULL,NULL,15,'',NULL,''),(151,'MONCLER X OFF WHITE','MONCLER X OFF WHITE',NULL,NULL,NULL,NULL,NULL,60,'',NULL,''),(152,'万宝龙','MONT BLANC',NULL,NULL,NULL,NULL,NULL,13,'brand/152.jpg',NULL,'http://www.montblanc.com/en-us/shop/watches.aspx'),(153,'','MOOSE KNUCKLES',NULL,NULL,NULL,NULL,NULL,20,'',NULL,''),(154,'莫斯奇诺','MOSCHINO',NULL,NULL,NULL,NULL,NULL,60,'brand/154.jpg',NULL,'https://secure.moschino.com/chooseyourcountry.asp'),(155,'MOSCHINO CHEAP&CHIC','MOSCHINO CHEAP&CHIC',NULL,NULL,NULL,NULL,NULL,60,'',NULL,''),(156,'','MOSCHINO COUTURE',NULL,NULL,NULL,NULL,NULL,60,'',NULL,''),(157,'','MOSCHINO KID',NULL,NULL,NULL,NULL,NULL,60,'',NULL,''),(158,'莫斯奇诺 泳装','MOSCHINO SWIM',NULL,NULL,NULL,NULL,NULL,60,'',NULL,''),(159,'','MR&MRS ITALY',NULL,NULL,NULL,NULL,NULL,60,'brand/159.jpg',NULL,''),(160,'MSGM','MSGM',NULL,NULL,NULL,NULL,NULL,60,'brand/160.jpg',NULL,'http://msgm.it/'),(161,'MSGM童装','MSGM KID',NULL,NULL,NULL,NULL,NULL,60,'',NULL,''),(162,'MULBERRY','MULBERRY',NULL,NULL,NULL,NULL,NULL,60,'',NULL,''),(163,'21号','N°21',NULL,NULL,NULL,NULL,NULL,60,'brand/163.jpg',NULL,'http://www.numeroventuno.com/'),(164,'nana-nana','NANA-NANA',NULL,NULL,NULL,NULL,NULL,41,'brand/164.jpg',NULL,'https://midtownproject.co.jp/'),(165,'尼奥·贝奈特','NEIL BARRETT',NULL,NULL,NULL,NULL,NULL,60,'brand/165.jpg',NULL,'http://www.neilbarrett.com/'),(166,'','NUNUNU',NULL,NULL,NULL,NULL,NULL,60,'brand/166.jpg',NULL,''),(167,'奥克利','OAKLEY',NULL,NULL,NULL,NULL,NULL,60,'brand/167.jpg',NULL,'http://uk.oakley.com/'),(168,'纯白色','OFF WHITE',NULL,NULL,NULL,NULL,NULL,30,'brand/168.jpg',NULL,'http://www.off---white.com/'),(169,'OPENING CEREMONY','OPENING CEREMONY',NULL,NULL,NULL,NULL,NULL,30,'brand/169.jpg',NULL,''),(170,'葩莎帝','PASOTTI',NULL,NULL,NULL,NULL,NULL,60,'brand/170.jpg',NULL,'http://www.pasotti.com/'),(171,'保罗-史密斯','PAUL SMITH',NULL,NULL,NULL,NULL,NULL,63,'brand/171.jpg',NULL,'http://www.paulsmith.co.uk/'),(172,'保罗史密斯童装','PAUL SMITH JUNIOR',NULL,NULL,NULL,NULL,NULL,63,'',NULL,''),(173,'宝鲨','PAUL&SHARK',NULL,NULL,NULL,NULL,NULL,60,'brand/173.jpg',NULL,'http://www.paulshark.it/'),(174,'宝拉·凯蒂马托瑞','PAULA CADEMARTORI',NULL,NULL,NULL,NULL,NULL,60,'brand/174.jpg',NULL,'http://www.paulacademartori.com'),(175,'菲利普','PHILIPP PLEIN',NULL,NULL,NULL,NULL,NULL,13,'brand/175.jpg',NULL,'http://www.philipp-plein.com'),(176,'PICCIONE','PICCIONE.PICCIONE',NULL,NULL,NULL,NULL,NULL,60,'',NULL,''),(177,'皮埃尔·巴尔曼','PIERRE BALMAIN',NULL,NULL,NULL,NULL,NULL,15,'brand/177.jpg',NULL,''),(178,'PINKO','PINKO',NULL,NULL,NULL,NULL,NULL,60,'',NULL,''),(179,'PLEIN SPORT','PLEIN SPORT',NULL,NULL,NULL,NULL,NULL,60,'brand/179.jpg',NULL,'http://pleinsport.com'),(180,'宝丽来','POLAROID',NULL,NULL,NULL,NULL,NULL,60,'brand/180.jpg',NULL,'http://polaroideyewear.com'),(181,'普拉达','PRADA',NULL,NULL,NULL,NULL,NULL,60,'brand/181.jpg',NULL,'http://www.prada.com/hans?cc=CN'),(182,'贝缇巴拉纳斯','PRETTY BALLERINAS',NULL,NULL,NULL,NULL,NULL,54,'brand/182.jpg',NULL,'http://www.prettyballerinas.com/'),(183,'PROENZA SCHOULER','PROENZA SCHOULER',NULL,NULL,NULL,NULL,NULL,60,'',NULL,''),(184,'代金卡','QT其他使用',NULL,NULL,NULL,NULL,NULL,15,'',NULL,''),(185,'R13','R13',NULL,NULL,NULL,NULL,NULL,30,'brand/185.jpg',NULL,'https://www.r13denim.com/'),(186,'拉尔夫-劳伦','RALPH LAUREN',NULL,NULL,NULL,NULL,NULL,30,'brand/186.jpg',NULL,'http://www.ralphlauren.com/frontdoor/index.jsp'),(187,'雷朋','RAY-BAN',NULL,NULL,NULL,NULL,NULL,60,'brand/187.jpg',NULL,'http://china.ray-ban.com/zh/'),(188,'华伦天奴','RED VALENTINO',NULL,NULL,NULL,NULL,NULL,60,'brand/188.jpg',NULL,'http://www.redvalentino.com/'),(189,'瑞克·欧文斯','RICK OWENS',NULL,NULL,NULL,NULL,NULL,30,'brand/189.jpg',NULL,'http://www.rickowens.eu/en/'),(190,'暴风骑士','RIDERS ON THE STORM',NULL,NULL,NULL,NULL,NULL,60,'brand/190.jpg',NULL,''),(191,'风暴骑士儿童','RIDERS ON THE STORM KIDS',NULL,NULL,NULL,NULL,NULL,60,'',NULL,''),(192,'双枪','ROAR',NULL,NULL,NULL,NULL,NULL,41,'brand/192.jpg',NULL,''),(193,'罗伯特·卡沃利','ROBERTO CAVALLI',NULL,NULL,NULL,NULL,NULL,60,'brand/193.jpg',NULL,''),(194,'罗恩','ROEN',NULL,NULL,NULL,NULL,NULL,41,'brand/194.jpg',NULL,'http://www.roen.jp/'),(195,'罗杰·维威耶','ROGER VIVIER',NULL,NULL,NULL,NULL,NULL,15,'brand/195.jpg',NULL,'http://www.rogervivier.com/'),(196,'伊夫圣罗兰','SAINT LAURENT PARIS',NULL,NULL,NULL,NULL,NULL,15,'brand/196.jpg',NULL,'http://www.ysl.com/us'),(197,'菲拉格慕','SALVATORE FERRAGAMO',NULL,NULL,NULL,NULL,NULL,60,'brand/197.jpg',NULL,'http://www.ferragamo.com/'),(198,'克洛伊','SEE BY CHLOE\'',NULL,NULL,NULL,NULL,NULL,15,'brand/198.jpg',NULL,'http://www.chloe.com/#/collections/see-by-chloe/chs'),(199,'SERGIO ROSSI','SERGIO ROSSI',NULL,NULL,NULL,NULL,NULL,60,'',NULL,''),(200,'SIVIGLIA','SIVIGLIA',NULL,NULL,NULL,NULL,NULL,13,'',NULL,''),(201,'史提芬劳 尼治','STEFANO RICCI',NULL,NULL,NULL,NULL,NULL,60,'brand/201.jpg',NULL,'http://www.stefanoricci.com/'),(202,'斯特拉-麦卡托尼','STELLA MCCARTNEY',NULL,NULL,NULL,NULL,NULL,30,'brand/202.jpg',NULL,'www.stellamccartney.cn'),(203,'斯特拉.麦特卡尼童装','STELLA MCCARTNEY KID',NULL,NULL,NULL,NULL,NULL,30,'',NULL,''),(204,'斯图尔特·韦茨曼','STUART WEITZMAN',NULL,NULL,NULL,NULL,NULL,30,'brand/204.jpg',NULL,''),(205,'施华洛世奇','SWAROVSKI',NULL,NULL,NULL,NULL,NULL,42,'brand/205.jpg',NULL,'http://www.swarovski.com/Web_US/en/index'),(206,'','THIS IS NOT CLOTHING',NULL,NULL,NULL,NULL,NULL,15,'brand/206.jpg',NULL,'http://www.thisisnotclothing.com'),(207,'汤姆·布郎','THOM BROWNE',NULL,NULL,NULL,NULL,NULL,30,'',NULL,''),(208,'蒂凡尼','TIFFANY&CO',NULL,NULL,NULL,NULL,NULL,30,'brand/208.jpg',NULL,'http://www.tiffany.cn/'),(209,'托德斯','TOD\'S',NULL,NULL,NULL,NULL,NULL,60,'brand/209.jpg',NULL,'http://www.tods.com/'),(210,'汤丽柏琦','TORY BURCH',NULL,NULL,NULL,NULL,NULL,30,'brand/210.jpg',NULL,'http://www.toryburch.com/'),(211,'URSULA MASCARO','URSULA MASCARO',NULL,NULL,NULL,NULL,NULL,54,'brand/211.jpg',NULL,'http://www.ursulamascaro.com/'),(212,'华伦天奴','VALENTINO',NULL,NULL,NULL,NULL,NULL,60,'brand/212.jpg',NULL,'http://www.valentino.com/'),(213,'梵克雅宝','VAN CLEEF & ARPELS',NULL,NULL,NULL,NULL,NULL,15,'brand/213.jpg',NULL,'http://www.vancleefarpels.com/cn/zh/?from_unlocalized=1'),(214,'','VASA',NULL,NULL,NULL,NULL,NULL,60,'',NULL,''),(215,'范思哲','VERSACE',NULL,NULL,NULL,NULL,NULL,60,'brand/215.jpg',NULL,'http://www.versace.com/'),(216,'范思哲','VERSACE COLLECTION',NULL,NULL,NULL,NULL,NULL,60,'brand/216.jpg',NULL,'http://www.versacecollection.com/'),(217,'范思哲牛仔','VERSACE JEANS',NULL,NULL,NULL,NULL,NULL,60,'brand/217.jpg',NULL,'http://www.versace-jeans.com/'),(218,'范瑟丝','VERSUS',NULL,NULL,NULL,NULL,NULL,60,'brand/218.jpg',NULL,'http://www.versus.it/'),(219,'维维安-韦斯特伍德','VIVIENNE WESTWOOD',NULL,NULL,NULL,NULL,NULL,63,'brand/219.jpg',NULL,'http://www.viviennewestwood.com/'),(220,'艾格','WEEKEND',NULL,NULL,NULL,NULL,NULL,15,'brand/220.jpg',NULL,''),(221,'Y-3','Y-3',NULL,NULL,NULL,NULL,NULL,13,'brand/221.jpg',NULL,'http://www.y-3.com'),(222,'杜旸','YANG DU',NULL,NULL,NULL,NULL,NULL,63,'brand/222.jpg',NULL,'WWW.YANGDU-DUYANG.COM'),(223,'范思哲童装','YOUNG VERSACE',NULL,NULL,NULL,NULL,NULL,60,'brand/223.jpg',NULL,''),(224,'Z杰尼亚','Z ZEGNA',NULL,NULL,NULL,NULL,NULL,60,'brand/224.jpg',NULL,'http://www.zegna.com/cn/z-zegna.html'),(225,'杰尼亚运动','ZEGNA SPORT',NULL,NULL,NULL,NULL,NULL,60,'brand/225.jpg',NULL,'http://www.zegna.com/cn/zegna-sport.html'),(226,'1','','',NULL,'',NULL,NULL,1,'','',''),(227,'22','','',NULL,'',NULL,NULL,0,'','','');

/*Table structure for table `tb_brand_rate` */

DROP TABLE IF EXISTS `tb_brand_rate`;

CREATE TABLE `tb_brand_rate` (
  `id` int(11) NOT NULL AUTO_INCREMENT,
  `brandid` int(11) DEFAULT NULL,
  `ageseasonid` int(11) DEFAULT NULL,
  `brandgroupid` int(11) DEFAULT NULL,
  `rate` float(6,2) DEFAULT NULL,
  `modifystaff` int(11) DEFAULT NULL,
  `modifytime` datetime DEFAULT NULL,
  PRIMARY KEY (`id`),
  UNIQUE KEY `brandid` (`brandid`,`ageseasonid`,`brandgroupid`)
) ENGINE=InnoDB AUTO_INCREMENT=13 DEFAULT CHARSET=utf8 COLLATE=utf8_bin;

/*Data for the table `tb_brand_rate` */

insert  into `tb_brand_rate`(`id`,`brandid`,`ageseasonid`,`brandgroupid`,`rate`,`modifystaff`,`modifytime`) values (1,1,3,1,1.30,NULL,NULL),(2,2,4,2,2.30,NULL,NULL),(3,3,3,4,3.00,NULL,NULL),(4,1,2,2,3.01,NULL,NULL),(5,3,3,1,2.40,NULL,NULL),(6,NULL,4,1,2.60,1,'2019-04-30 11:58:31'),(7,NULL,4,2,2.60,1,'2019-04-30 11:58:31'),(8,NULL,4,3,2.60,1,'2019-04-30 11:58:31'),(9,1,4,1,3.30,1,'2019-04-30 11:59:28'),(10,1,4,2,3.30,1,'2019-04-30 11:59:28'),(11,1,4,3,3.30,1,'2019-04-30 11:59:28'),(12,10,3,1,2.60,1,'2019-05-06 19:29:28');

/*Table structure for table `tb_brandgroup` */

DROP TABLE IF EXISTS `tb_brandgroup`;

CREATE TABLE `tb_brandgroup` (
  `id` int(10) unsigned NOT NULL AUTO_INCREMENT COMMENT '主键id',
  `displayindex` int(11) DEFAULT '0' COMMENT '排序序号',
  `name_cn` varchar(100) DEFAULT NULL COMMENT '中文名称',
  `name_en` varchar(100) DEFAULT NULL COMMENT '英文名称',
  `name_hk` varchar(100) DEFAULT NULL COMMENT '粤语名称',
  `name_fr` varchar(100) DEFAULT NULL COMMENT '法语名称',
  `name_it` varchar(100) DEFAULT NULL COMMENT '意大利语名称',
  `name_sp` varchar(100) DEFAULT NULL COMMENT '西班牙语名称',
  `name_de` varchar(100) DEFAULT NULL COMMENT '德语名称',
  PRIMARY KEY (`id`)
) ENGINE=InnoDB AUTO_INCREMENT=9 DEFAULT CHARSET=utf8mb4 COMMENT='品类表';

/*Data for the table `tb_brandgroup` */

insert  into `tb_brandgroup`(`id`,`displayindex`,`name_cn`,`name_en`,`name_hk`,`name_fr`,`name_it`,`name_sp`,`name_de`) values (1,33,'衣服','','',NULL,NULL,NULL,NULL),(2,44,'包袋','','',NULL,'',NULL,NULL),(3,55,'鞋子','','',NULL,NULL,NULL,NULL),(4,66,'首饰','','',NULL,NULL,NULL,NULL),(5,67,'上装','','',NULL,NULL,NULL,NULL),(6,68,'眼镜','','',NULL,NULL,NULL,NULL),(7,69,'腰带','','',NULL,NULL,NULL,NULL),(8,60,'22','22','22',NULL,'22',NULL,NULL);

/*Table structure for table `tb_brandgroupchild` */

DROP TABLE IF EXISTS `tb_brandgroupchild`;

CREATE TABLE `tb_brandgroupchild` (
  `id` int(10) unsigned NOT NULL AUTO_INCREMENT COMMENT '主键id',
  `name_cn` varchar(100) DEFAULT NULL COMMENT '中文名称',
  `name_en` varchar(100) DEFAULT NULL COMMENT '英文名称',
  `name_hk` varchar(100) DEFAULT NULL COMMENT '粤语名称',
  `name_fr` varchar(100) DEFAULT NULL COMMENT '法语名称',
  `name_it` varchar(100) DEFAULT NULL COMMENT '意大利语名称',
  `name_sp` varchar(100) DEFAULT NULL COMMENT '西班牙语名称',
  `name_de` varchar(100) DEFAULT NULL COMMENT '德语名称',
  `brandgroupid` int(10) unsigned DEFAULT NULL,
  `displayindex` int(11) DEFAULT '0' COMMENT '序号',
  PRIMARY KEY (`id`),
  KEY `brandgroupid` (`brandgroupid`)
) ENGINE=InnoDB AUTO_INCREMENT=20 DEFAULT CHARSET=utf8mb4 COMMENT='子品类';

/*Data for the table `tb_brandgroupchild` */

insert  into `tb_brandgroupchild`(`id`,`name_cn`,`name_en`,`name_hk`,`name_fr`,`name_it`,`name_sp`,`name_de`,`brandgroupid`,`displayindex`) values (2,'上衣','','',NULL,'',NULL,NULL,1,100),(4,'夹克','','',NULL,'',NULL,NULL,1,0),(5,'运动服','','',NULL,'',NULL,NULL,1,50),(6,'网球鞋','','',NULL,NULL,NULL,NULL,3,NULL),(7,'足球鞋','','',NULL,NULL,NULL,NULL,3,NULL),(8,'篮球鞋','','',NULL,NULL,NULL,NULL,3,NULL),(9,'跑步鞋','','',NULL,NULL,NULL,NULL,3,NULL),(10,'项链','','',NULL,NULL,NULL,NULL,4,NULL),(11,'戒指','','',NULL,NULL,NULL,NULL,4,NULL),(12,'背包','','',NULL,NULL,NULL,NULL,2,NULL),(13,'手提包','','',NULL,NULL,NULL,NULL,2,NULL),(14,'电脑包','','',NULL,NULL,NULL,NULL,2,NULL),(15,'长袖T恤衫','','',NULL,NULL,NULL,NULL,5,NULL),(16,'斜挎包','','',NULL,NULL,NULL,NULL,2,NULL),(17,'手提包','','',NULL,NULL,NULL,NULL,2,NULL),(18,'太阳镜','','',NULL,NULL,NULL,NULL,6,NULL),(19,'腰带','','',NULL,NULL,NULL,NULL,7,NULL);

/*Table structure for table `tb_brandgroupchild_property` */

DROP TABLE IF EXISTS `tb_brandgroupchild_property`;

CREATE TABLE `tb_brandgroupchild_property` (
  `id` int(11) unsigned NOT NULL AUTO_INCREMENT COMMENT 'id',
  `name_cn` varchar(100) COLLATE utf8_bin DEFAULT NULL COMMENT '中文名称',
  `name_en` varchar(100) COLLATE utf8_bin DEFAULT NULL COMMENT '英文名称',
  `name_hk` varchar(100) COLLATE utf8_bin DEFAULT NULL COMMENT '粤语名称',
  `name_fr` varchar(100) COLLATE utf8_bin DEFAULT NULL COMMENT '法语名称',
  `name_it` varchar(100) COLLATE utf8_bin DEFAULT NULL COMMENT '意大利语名称',
  `name_sp` varchar(100) COLLATE utf8_bin DEFAULT NULL COMMENT '西班牙语名称',
  `name_de` varchar(100) COLLATE utf8_bin DEFAULT NULL COMMENT '德语名称',
  `brandgroupchildid` int(11) DEFAULT NULL COMMENT '所属id',
  `displayindex` int(11) DEFAULT NULL COMMENT '显示顺序',
  `propertyid` int(11) DEFAULT NULL,
  PRIMARY KEY (`id`),
  UNIQUE KEY `brandgroupchildid` (`brandgroupchildid`,`propertyid`)
) ENGINE=InnoDB AUTO_INCREMENT=66 DEFAULT CHARSET=utf8 COLLATE=utf8_bin COMMENT='自定义属性';

/*Data for the table `tb_brandgroupchild_property` */

insert  into `tb_brandgroupchild_property`(`id`,`name_cn`,`name_en`,`name_hk`,`name_fr`,`name_it`,`name_sp`,`name_de`,`brandgroupchildid`,`displayindex`,`propertyid`) values (1,'腰围','','',NULL,NULL,NULL,NULL,2,0,NULL),(3,'衣长','','',NULL,NULL,NULL,NULL,2,1,NULL),(6,'宽度','','',NULL,NULL,NULL,NULL,12,2,NULL),(7,'高度','','',NULL,NULL,NULL,NULL,12,3,NULL),(8,'厚度','','',NULL,NULL,NULL,NULL,12,1,NULL),(10,'胸围','','',NULL,NULL,NULL,NULL,2,-3,NULL),(11,'袖长','','',NULL,NULL,NULL,NULL,2,4,NULL),(12,'袖长','','',NULL,'',NULL,NULL,15,1,NULL),(13,'衣长','','',NULL,'',NULL,NULL,15,2,NULL),(14,'胸围','','',NULL,'',NULL,NULL,15,3,NULL),(15,'腰围','','',NULL,'',NULL,NULL,15,4,NULL),(16,'高度','','',NULL,'',NULL,NULL,6,2,NULL),(17,'长度','','',NULL,'',NULL,NULL,6,1,NULL),(38,'腰围','','',NULL,NULL,NULL,NULL,4,0,2),(39,'衣长','','',NULL,NULL,NULL,NULL,4,1,3),(40,'胸围','','',NULL,NULL,NULL,NULL,4,10,1),(56,'',NULL,NULL,NULL,NULL,NULL,NULL,4,20,5),(57,'',NULL,NULL,NULL,NULL,NULL,NULL,4,99,8),(58,'',NULL,NULL,NULL,NULL,NULL,NULL,4,88,11),(59,NULL,NULL,NULL,NULL,NULL,NULL,NULL,19,10,1),(60,NULL,NULL,NULL,NULL,NULL,NULL,NULL,19,0,2),(61,NULL,NULL,NULL,NULL,NULL,NULL,NULL,19,1,3),(62,NULL,NULL,NULL,NULL,NULL,NULL,NULL,19,20,5),(63,NULL,NULL,NULL,NULL,NULL,NULL,NULL,19,99,8),(64,NULL,NULL,NULL,NULL,NULL,NULL,NULL,19,88,11),(65,'',NULL,NULL,NULL,NULL,NULL,NULL,5,0,5);

/*Table structure for table `tb_buycar` */

DROP TABLE IF EXISTS `tb_buycar`;

CREATE TABLE `tb_buycar` (
  `id` int(10) NOT NULL,
  `product_id` int(10) unsigned NOT NULL COMMENT '商品id',
  `product_name` varchar(255) NOT NULL COMMENT '商品名称',
  `color_id` int(10) unsigned NOT NULL COMMENT '颜色id',
  `color_name` int(11) NOT NULL COMMENT '颜色名称',
  `size_id` int(11) NOT NULL COMMENT '规格id',
  `size_name` int(11) NOT NULL COMMENT '规格名称',
  `member_id` int(10) unsigned NOT NULL COMMENT '用户id',
  `number` int(10) unsigned NOT NULL DEFAULT '1' COMMENT '数量',
  `price` decimal(9,2) NOT NULL COMMENT '价格',
  `total_price` decimal(9,2) NOT NULL COMMENT '总价格'
) ENGINE=InnoDB DEFAULT CHARSET=utf8mb4 COMMENT='购物车';

/*Data for the table `tb_buycar` */

/*Table structure for table `tb_colortemplate` */

DROP TABLE IF EXISTS `tb_colortemplate`;

CREATE TABLE `tb_colortemplate` (
  `id` int(10) unsigned NOT NULL AUTO_INCREMENT COMMENT '主键id',
  `name_cn` varchar(100) DEFAULT NULL COMMENT '中文名称',
  `name_en` varchar(100) DEFAULT NULL COMMENT '英文名称',
  `name_hk` varchar(100) DEFAULT NULL COMMENT '粤语名称',
  `name_fr` varchar(100) DEFAULT NULL COMMENT '法语名称',
  `name_it` varchar(100) DEFAULT NULL COMMENT '意大利语名称',
  `name_sp` varchar(100) DEFAULT NULL COMMENT '西班牙语名称',
  `name_de` varchar(100) DEFAULT NULL COMMENT '德语名称',
  `picture` varchar(200) DEFAULT NULL,
  `code` varchar(40) DEFAULT NULL,
  PRIMARY KEY (`id`)
) ENGINE=InnoDB AUTO_INCREMENT=7 DEFAULT CHARSET=utf8mb4 COMMENT='asa颜色模板';

/*Data for the table `tb_colortemplate` */

insert  into `tb_colortemplate`(`id`,`name_cn`,`name_en`,`name_hk`,`name_fr`,`name_it`,`name_sp`,`name_de`,`picture`,`code`) values (1,'红色','red','',NULL,NULL,NULL,NULL,'colortemplate/bde9713e9d89260fb001ef2723b53331.jpg','red'),(2,'黑色','black','黑色',NULL,NULL,NULL,NULL,'colortemplate/fa9e7e53209f9a7daf6e381a6ee9b00b.jpg','black'),(3,'蓝色','blue','',NULL,'',NULL,NULL,'colortemplate/a64fc7f6d58429d561050775d5a944de.jpg','blue'),(4,'白色','','',NULL,NULL,NULL,NULL,'colortemplate/75bbc8242732bf5e6143dc51803a095e.jpg','white'),(5,'绿色','green','',NULL,NULL,NULL,NULL,'product/4d3ee4214c0fd2eebaff0a8718fc745f.jpg','GREEN'),(6,'黄色','','',NULL,NULL,NULL,NULL,'','yellow');

/*Table structure for table `tb_company` */

DROP TABLE IF EXISTS `tb_company`;

CREATE TABLE `tb_company` (
  `id` int(10) unsigned NOT NULL AUTO_INCREMENT COMMENT '主键id',
  `name` varchar(1000) DEFAULT NULL COMMENT '公司名称',
  `countryid` int(10) unsigned DEFAULT NULL COMMENT '国家id',
  `memo` text COMMENT '备注说明',
  `uniqid` int(11) DEFAULT NULL,
  `saleportid` int(11) unsigned DEFAULT NULL COMMENT '商城的销售端口',
  `address` varchar(100) DEFAULT NULL COMMENT '地址',
  `phone` varchar(30) DEFAULT NULL COMMENT '电话',
  `zipcode` varchar(20) DEFAULT NULL COMMENT '邮编',
  `fax` varchar(50) DEFAULT NULL COMMENT '传真',
  `legal` varchar(50) DEFAULT NULL COMMENT '法人',
  `website` varchar(150) DEFAULT NULL COMMENT '公司网址',
  `registeredcapital` varchar(100) DEFAULT NULL COMMENT '注册资本',
  `businesslicense` varchar(30) DEFAULT NULL COMMENT '营业执照',
  `heading` varchar(20) DEFAULT NULL COMMENT '税号',
  `currencyid` int(11) DEFAULT NULL COMMENT '本币',
  `language` varchar(10) DEFAULT NULL COMMENT '默认语言',
  PRIMARY KEY (`id`),
  UNIQUE KEY `randid` (`uniqid`)
) ENGINE=InnoDB AUTO_INCREMENT=2 DEFAULT CHARSET=utf8mb4;

/*Data for the table `tb_company` */

insert  into `tb_company`(`id`,`name`,`countryid`,`memo`,`uniqid`,`saleportid`,`address`,`phone`,`zipcode`,`fax`,`legal`,`website`,`registeredcapital`,`businesslicense`,`heading`,`currencyid`,`language`) values (1,'22225',2,'',NULL,0,'','','','','','','','','',5,'cn');

/*Table structure for table `tb_company_invoice` */

DROP TABLE IF EXISTS `tb_company_invoice`;

CREATE TABLE `tb_company_invoice` (
  `id` int(11) unsigned NOT NULL AUTO_INCREMENT,
  `name` varchar(200) COLLATE utf8_bin DEFAULT NULL,
  `address` varchar(255) COLLATE utf8_bin DEFAULT NULL,
  `telephone` varchar(30) COLLATE utf8_bin DEFAULT NULL,
  `bank` varchar(200) COLLATE utf8_bin DEFAULT NULL,
  `bank_account` varchar(30) COLLATE utf8_bin DEFAULT NULL,
  `companyid` int(11) DEFAULT NULL,
  PRIMARY KEY (`id`),
  KEY `companyid` (`companyid`)
) ENGINE=InnoDB AUTO_INCREMENT=2 DEFAULT CHARSET=utf8 COLLATE=utf8_bin;

/*Data for the table `tb_company_invoice` */

insert  into `tb_company_invoice`(`id`,`name`,`address`,`telephone`,`bank`,`bank_account`,`companyid`) values (1,'44','34','44','343','665',1);

/*Table structure for table `tb_companyhost` */

DROP TABLE IF EXISTS `tb_companyhost`;

CREATE TABLE `tb_companyhost` (
  `id` int(10) unsigned NOT NULL COMMENT '主键id',
  `url` varchar(100) DEFAULT NULL COMMENT '网址',
  `companyid` int(10) unsigned NOT NULL COMMENT '公司id',
  `is_default` tinyint(1) DEFAULT '0' COMMENT '是否为默认：0-非默认 1-默认'
) ENGINE=InnoDB DEFAULT CHARSET=utf8mb4 COMMENT='公司商铺域名表';

/*Data for the table `tb_companyhost` */

/*Table structure for table `tb_confirmorder` */

DROP TABLE IF EXISTS `tb_confirmorder`;

CREATE TABLE `tb_confirmorder` (
  `id` int(10) unsigned NOT NULL AUTO_INCREMENT COMMENT '主键id',
  `companyid` int(11) DEFAULT NULL COMMENT '公司id',
  `status` tinyint(1) DEFAULT '1' COMMENT '状态:1-未提交审核；2-待审核；3-审核完成,4-作废',
  `orderno` varchar(50) DEFAULT NULL COMMENT '发货单号',
  `supplierid` int(10) unsigned DEFAULT NULL COMMENT '供货商id',
  `makedate` datetime DEFAULT NULL COMMENT '制单日期',
  `makestaff` int(10) unsigned DEFAULT NULL COMMENT '制单人',
  `currency` int(10) unsigned DEFAULT NULL COMMENT '货币类型',
  `total` decimal(16,2) DEFAULT NULL COMMENT '总金额',
  `isstatus` tinyint(1) DEFAULT NULL COMMENT '0-在途未入库，1-已入库，2-已备货未发出',
  `memo` varchar(200) DEFAULT NULL,
  `brandid` int(10) unsigned DEFAULT NULL,
  `ageseasonid` int(10) unsigned DEFAULT NULL COMMENT '年份季节id',
  `seasontype` tinyint(1) DEFAULT NULL COMMENT '0-pre ,1-main ,2-fashion show',
  `auditstaff` int(10) unsigned DEFAULT NULL COMMENT '审核人',
  `auditdate` datetime DEFAULT NULL COMMENT '审核日期',
  `exchangerate` decimal(16,4) DEFAULT NULL,
  `finalsupplierid` int(10) unsigned DEFAULT NULL COMMENT '供货单位id',
  `flightno` varchar(50) DEFAULT NULL COMMENT '航班号',
  `flightdate` varchar(10) DEFAULT NULL,
  `arrivaldate` varchar(10) DEFAULT NULL,
  `mblno` varchar(50) DEFAULT NULL COMMENT '主单号',
  `hblno` varchar(50) DEFAULT NULL COMMENT '子单号',
  `dispatchport` varchar(50) DEFAULT NULL,
  `deliveryport` varchar(50) DEFAULT NULL,
  `transcompany` int(10) unsigned DEFAULT NULL,
  `isexamination` tinyint(1) DEFAULT NULL,
  `examinationresult` varchar(50) DEFAULT NULL,
  `clearancedate` datetime DEFAULT NULL,
  `pickingdate` datetime DEFAULT NULL,
  `motortransportpool` varchar(50) DEFAULT NULL,
  `warehouseid` int(10) unsigned DEFAULT NULL,
  `box_number` int(11) DEFAULT NULL COMMENT '箱数',
  `weight` decimal(16,2) DEFAULT NULL COMMENT '重量',
  `volume` decimal(16,2) DEFAULT NULL COMMENT '体积',
  `issjyh` varchar(1) DEFAULT NULL,
  `sellerid` int(10) unsigned DEFAULT NULL,
  `sjyhresult` varchar(50) DEFAULT NULL,
  `buyerid` int(10) unsigned DEFAULT NULL,
  `transporttype` tinyint(1) DEFAULT NULL COMMENT '0-by air 1-快递 2-中转',
  `paytype` tinyint(1) DEFAULT NULL COMMENT '0- t/t',
  `property` tinyint(1) DEFAULT NULL COMMENT '0-自采 1-代销',
  `payoutpercentage` varchar(10) DEFAULT NULL COMMENT '属性',
  `pickingaddress` text,
  `chargedweight` decimal(16,2) DEFAULT NULL COMMENT '计费重量',
  `paydate` varchar(10) DEFAULT NULL,
  `apickingdate` varchar(10) DEFAULT NULL COMMENT '安排提货时间',
  `aarrivaldate` varchar(10) DEFAULT NULL COMMENT '到库时间',
  `invoiceno` varchar(50) DEFAULT NULL,
  `dd_company` int(10) unsigned DEFAULT NULL,
  PRIMARY KEY (`id`)
) ENGINE=InnoDB AUTO_INCREMENT=32 DEFAULT CHARSET=utf8mb4 COMMENT='发货单';

/*Data for the table `tb_confirmorder` */

insert  into `tb_confirmorder`(`id`,`companyid`,`status`,`orderno`,`supplierid`,`makedate`,`makestaff`,`currency`,`total`,`isstatus`,`memo`,`brandid`,`ageseasonid`,`seasontype`,`auditstaff`,`auditdate`,`exchangerate`,`finalsupplierid`,`flightno`,`flightdate`,`arrivaldate`,`mblno`,`hblno`,`dispatchport`,`deliveryport`,`transcompany`,`isexamination`,`examinationresult`,`clearancedate`,`pickingdate`,`motortransportpool`,`warehouseid`,`box_number`,`weight`,`volume`,`issjyh`,`sellerid`,`sjyhresult`,`buyerid`,`transporttype`,`paytype`,`property`,`payoutpercentage`,`pickingaddress`,`chargedweight`,`paydate`,`apickingdate`,`aarrivaldate`,`invoiceno`,`dd_company`) values (25,1,3,'C000001201903291913295586',1,'2019-03-29 19:13:29',1,5,'0.00',NULL,NULL,NULL,1,1,NULL,NULL,'0.0000',1,'','',NULL,'','','','',0,NULL,NULL,NULL,NULL,NULL,2,0,'0.00','0.00',NULL,0,NULL,0,0,0,1,NULL,NULL,'0.00','','','','',0),(26,1,3,'C000001201904011733341115',4,'2019-04-01 17:33:34',1,0,'0.00',NULL,NULL,NULL,6,1,NULL,NULL,'0.0000',4,'','',NULL,'','','','',0,NULL,NULL,NULL,NULL,NULL,2,0,'0.00','0.00',NULL,0,NULL,0,0,0,1,NULL,NULL,'0.00','','','','',0),(27,1,2,'C000001201904011939563784',6,'2019-04-01 19:39:56',1,0,'0.00',NULL,NULL,NULL,2,1,NULL,NULL,'0.0000',6,'','',NULL,'','','','',0,NULL,NULL,NULL,NULL,NULL,4,0,'0.00','0.00',NULL,0,NULL,0,0,0,1,NULL,NULL,'0.00','','','','',0),(28,1,2,'C000001201904011941139972',5,'2019-04-01 19:41:13',1,0,'0.00',NULL,NULL,NULL,5,1,NULL,NULL,'0.0000',5,'','',NULL,'','','','',0,NULL,NULL,NULL,NULL,NULL,4,0,'0.00','0.00',NULL,0,NULL,0,0,0,1,NULL,NULL,'0.00','','','','',0),(29,1,3,'C000001201904011941359914',6,'2019-04-01 19:41:35',1,0,'0.00',NULL,NULL,NULL,6,2,NULL,NULL,'0.0000',6,'','',NULL,'','','','',0,NULL,NULL,NULL,NULL,NULL,4,0,'0.00','0.00',NULL,0,NULL,0,0,0,2,NULL,NULL,'0.00','','','','',0),(30,1,3,'C000001201904181859269249',2,'2019-04-18 18:59:26',1,0,'0.00',NULL,NULL,NULL,4,0,NULL,NULL,'0.0000',2,'','',NULL,'','','','',0,NULL,NULL,NULL,NULL,NULL,5,0,'0.00','0.00',NULL,0,NULL,0,0,0,1,NULL,NULL,'0.00','','','','',0),(31,1,3,'C000001201904181910065031',3,'2019-04-18 19:10:06',1,0,'0.00',NULL,NULL,NULL,3,0,NULL,NULL,'0.0000',3,'','',NULL,'','','','',0,NULL,NULL,NULL,NULL,NULL,5,0,'0.00','0.00',NULL,0,NULL,0,0,0,1,NULL,NULL,'0.00','','','','',0);

/*Table structure for table `tb_confirmorderdetails` */

DROP TABLE IF EXISTS `tb_confirmorderdetails`;

CREATE TABLE `tb_confirmorderdetails` (
  `id` int(10) unsigned NOT NULL AUTO_INCREMENT COMMENT '主键id',
  `confirmorderid` int(10) unsigned DEFAULT NULL COMMENT '发货单id',
  `orderdetailsid` int(10) unsigned DEFAULT NULL COMMENT '订单明细id',
  `number` int(11) DEFAULT NULL COMMENT '发货数量',
  `price` decimal(16,2) DEFAULT NULL COMMENT '单价',
  `actualnumber` int(11) DEFAULT NULL COMMENT '到货数量',
  `companyid` int(11) DEFAULT NULL COMMENT '公司id',
  PRIMARY KEY (`id`),
  KEY `orderdetailsid` (`orderdetailsid`),
  KEY `confirmorderid` (`confirmorderid`),
  CONSTRAINT `tb_confirmorderdetails_ibfk_1` FOREIGN KEY (`orderdetailsid`) REFERENCES `tb_orderdetails` (`id`),
  CONSTRAINT `tb_confirmorderdetails_ibfk_2` FOREIGN KEY (`confirmorderid`) REFERENCES `tb_confirmorder` (`id`)
) ENGINE=InnoDB AUTO_INCREMENT=24 DEFAULT CHARSET=utf8mb4 COMMENT='发货单明细';

/*Data for the table `tb_confirmorderdetails` */

insert  into `tb_confirmorderdetails`(`id`,`confirmorderid`,`orderdetailsid`,`number`,`price`,`actualnumber`,`companyid`) values (3,25,37,2,'1000.00',NULL,1),(4,25,36,2,'1000.00',NULL,1),(5,25,35,2,'1000.00',NULL,1),(6,26,42,1,'1000.00',NULL,1),(7,26,41,2,'1000.00',NULL,1),(11,30,95,1,'125.00',NULL,1),(12,30,94,1,'125.00',NULL,1),(13,30,93,1,'125.00',NULL,1),(19,31,92,1,'125.00',NULL,1),(20,31,42,1,'1000.00',NULL,1),(21,31,40,3,'1000.00',NULL,1),(22,31,39,5,'1000.00',NULL,1),(23,31,38,2,'1000.00',NULL,1);

/*Table structure for table `tb_country` */

DROP TABLE IF EXISTS `tb_country`;

CREATE TABLE `tb_country` (
  `id` int(10) unsigned NOT NULL AUTO_INCREMENT COMMENT '主键id',
  `code` varchar(20) NOT NULL COMMENT '国家编码(3位)',
  `name_cn` varchar(100) DEFAULT NULL COMMENT '中文名称',
  `name_en` varchar(100) DEFAULT NULL COMMENT '英文名称',
  `name_hk` varchar(100) DEFAULT NULL COMMENT '粤语名称',
  `name_fr` varchar(100) DEFAULT NULL COMMENT '法语名称',
  `name_it` varchar(100) DEFAULT NULL COMMENT '意大利语名称',
  `name_sp` varchar(100) DEFAULT NULL COMMENT '西班牙语名称',
  `name_de` varchar(100) DEFAULT NULL COMMENT '德语名称',
  `localcurrency` varchar(20) DEFAULT NULL,
  `code_short` varchar(2) DEFAULT NULL COMMENT '2位的国家编码',
  PRIMARY KEY (`id`)
) ENGINE=InnoDB AUTO_INCREMENT=67 DEFAULT CHARSET=utf8mb4 COMMENT='国家表';

/*Data for the table `tb_country` */

insert  into `tb_country`(`id`,`code`,`name_cn`,`name_en`,`name_hk`,`name_fr`,`name_it`,`name_sp`,`name_de`,`localcurrency`,`code_short`) values (1,'ALB','阿尔巴尼亚','ALBANIA','',NULL,'',NULL,NULL,'',NULL),(2,'EGY','埃及','EGYPT',NULL,NULL,NULL,NULL,NULL,NULL,NULL),(3,'IRL','爱尔兰','IRELAND',NULL,NULL,NULL,NULL,NULL,NULL,NULL),(4,'AUT','奥地利','AUSTRIA','1',NULL,'2',NULL,NULL,'2','33'),(5,'AUS','澳大利亚','AUSTRALIA','',NULL,'',NULL,NULL,'1',NULL),(6,'BRZ','巴西','BRAZIL',NULL,NULL,NULL,NULL,NULL,NULL,NULL),(7,'BEL','白俄罗斯','BELARUS',NULL,NULL,NULL,NULL,NULL,NULL,NULL),(8,'BUL','保加利亚','BULGARIA',NULL,NULL,NULL,NULL,NULL,NULL,NULL),(9,'BEL','比利时','BELGIAN',NULL,NULL,NULL,NULL,NULL,NULL,NULL),(10,'BIH','波黑','BOSNIA AND HERZEGOVINA',NULL,NULL,NULL,NULL,NULL,NULL,NULL),(11,'POL','波兰','POLAND',NULL,NULL,NULL,NULL,NULL,NULL,NULL),(12,'波斯尼亚','波斯尼亚','BOSNIA',NULL,NULL,NULL,NULL,NULL,NULL,NULL),(13,'DEU','德国','GERMANY',NULL,NULL,NULL,NULL,NULL,NULL,NULL),(14,'ECU','厄瓜多尔','ECUADOR',NULL,NULL,NULL,NULL,NULL,NULL,NULL),(15,'FRE','法国','FRANCE',NULL,NULL,NULL,NULL,NULL,NULL,NULL),(16,'EXUE','非欧盟','EXTRA UE',NULL,NULL,NULL,NULL,NULL,NULL,NULL),(17,'PHI','菲律宾','PHILIPPINES',NULL,NULL,NULL,NULL,NULL,NULL,NULL),(18,'GEO','格鲁吉亚','GEORGIA',NULL,NULL,NULL,NULL,NULL,NULL,NULL),(19,'KRE','韩国','KOREA',NULL,NULL,NULL,NULL,NULL,NULL,NULL),(20,'CAN','加拿大','CANADA',NULL,NULL,NULL,NULL,NULL,NULL,NULL),(21,'CAM','柬埔寨','CAMBODIA',NULL,NULL,NULL,NULL,NULL,NULL,NULL),(22,'CRO','克罗地亚','CROATIA',NULL,NULL,NULL,NULL,NULL,NULL,NULL),(23,'LAO','老挝','LAOS',NULL,NULL,NULL,NULL,NULL,NULL,NULL),(24,'LTU','立陶宛','LITHUANIA',NULL,NULL,NULL,NULL,NULL,NULL,NULL),(25,'ROM','罗马尼亚','ROMANIA',NULL,NULL,NULL,NULL,NULL,NULL,NULL),(26,'MAD','马达加斯加','MADAGASCAR',NULL,NULL,NULL,NULL,NULL,NULL,NULL),(27,'MAL','马来西亚','MALAYSIA',NULL,NULL,NULL,NULL,NULL,NULL,NULL),(28,'MAC','马其顿','MACEDONIA',NULL,NULL,NULL,NULL,NULL,NULL,NULL),(29,'MAU','毛里求斯','MAURITIUS',NULL,NULL,NULL,NULL,NULL,NULL,NULL),(30,'USA','美国','U.S.A.',NULL,NULL,NULL,NULL,NULL,NULL,NULL),(31,'BGD','孟加拉','BANGLADESH',NULL,NULL,NULL,NULL,NULL,NULL,NULL),(32,'PER','秘鲁','PERU',NULL,NULL,NULL,NULL,NULL,NULL,NULL),(33,'MMR','缅甸','MYANMAR(BURMA)',NULL,NULL,NULL,NULL,NULL,NULL,NULL),(34,'MOD','摩尔达维亚','MOLDAVIA',NULL,NULL,NULL,NULL,NULL,NULL,NULL),(35,'MOL','摩尔多瓦','MOLDOVA',NULL,NULL,NULL,NULL,NULL,NULL,NULL),(36,'MAR','摩洛哥','MOROCCO',NULL,NULL,NULL,NULL,NULL,NULL,NULL),(37,'MEX','墨西哥','MEXICAN',NULL,NULL,NULL,NULL,NULL,NULL,NULL),(38,'NGA','尼日利亚','NIGERIA',NULL,NULL,NULL,NULL,NULL,NULL,NULL),(39,'EUR','欧盟','EURO',NULL,NULL,NULL,NULL,NULL,NULL,NULL),(40,'PRT','葡萄牙','PORTUGAL',NULL,NULL,NULL,NULL,NULL,NULL,NULL),(41,'JPN','日本','JAPAN',NULL,NULL,NULL,NULL,NULL,NULL,NULL),(42,'CHE','瑞士','SWITZERLAND',NULL,NULL,NULL,NULL,NULL,NULL,NULL),(43,'RU','塞尔维亚','SERBIA',NULL,NULL,NULL,NULL,NULL,NULL,NULL),(44,'SLA','斯里兰卡','SRI LANKA',NULL,NULL,NULL,NULL,NULL,NULL,NULL),(45,'SLK','斯洛伐克','SLOVAKIA',NULL,NULL,NULL,NULL,NULL,NULL,NULL),(46,'SLO','斯洛文尼亚','SLOVENIA',NULL,NULL,NULL,NULL,NULL,NULL,NULL),(47,'SCO','苏格兰','SCOTLAND',NULL,NULL,NULL,NULL,NULL,NULL,NULL),(48,'TWN','台湾','TAIWAN',NULL,NULL,NULL,NULL,NULL,NULL,NULL),(49,'THA','泰国','THAILAND',NULL,NULL,NULL,NULL,NULL,NULL,NULL),(50,'TUN','突尼斯','TUNIS',NULL,NULL,NULL,NULL,NULL,NULL,NULL),(51,'TUR','土耳其','TURKRY',NULL,NULL,NULL,NULL,NULL,NULL,NULL),(52,'XXX未知','未知AAA','WEIZHI',NULL,NULL,NULL,NULL,NULL,NULL,NULL),(53,'UKA','乌克兰','UKRAINE',NULL,NULL,NULL,NULL,NULL,NULL,NULL),(54,'ESP','西班牙','SPAIN',NULL,NULL,NULL,NULL,NULL,NULL,NULL),(55,'GRE','希腊','GREECE',NULL,NULL,NULL,NULL,NULL,NULL,NULL),(56,'HKG','香港','HONG KONG',NULL,NULL,NULL,NULL,NULL,NULL,NULL),(57,'HUN','匈牙利','HUNGARY',NULL,NULL,NULL,NULL,NULL,NULL,NULL),(58,'ARM','亚美尼亚','ARMENIA',NULL,NULL,NULL,NULL,NULL,NULL,NULL),(59,'ILS','以色列','STATE OF ISRAEL',NULL,NULL,NULL,NULL,NULL,NULL,NULL),(60,'ITA','意大利','ITALY',NULL,NULL,NULL,NULL,NULL,NULL,NULL),(61,'IND','印度','INDIA',NULL,NULL,NULL,NULL,NULL,NULL,NULL),(62,'INA','印度尼西亚','INDONESIA',NULL,NULL,NULL,NULL,NULL,NULL,NULL),(63,'GBR','英国','ENGLAND',NULL,NULL,NULL,NULL,NULL,NULL,NULL),(64,'UKI','英国','THE UNITED KINGDOM',NULL,NULL,NULL,NULL,NULL,NULL,NULL),(65,'VIT','越南','VIETNAM',NULL,NULL,NULL,NULL,NULL,NULL,NULL),(66,'CHN','中国','CHINA',NULL,NULL,NULL,NULL,NULL,NULL,NULL);

/*Table structure for table `tb_currency` */

DROP TABLE IF EXISTS `tb_currency`;

CREATE TABLE `tb_currency` (
  `id` int(10) unsigned NOT NULL AUTO_INCREMENT COMMENT '主键id',
  `code` varchar(20) NOT NULL COMMENT '货币编码',
  `name_cn` varchar(100) DEFAULT NULL COMMENT '中文名称',
  `name_en` varchar(100) DEFAULT NULL COMMENT '英文名称',
  `name_hk` varchar(100) DEFAULT NULL COMMENT '粤语名称',
  `name_fr` varchar(100) DEFAULT NULL COMMENT '法语名称',
  `name_it` varchar(100) DEFAULT NULL COMMENT '意大利语名称',
  `name_sp` varchar(100) DEFAULT NULL COMMENT '西班牙语名称',
  `name_de` varchar(100) DEFAULT NULL COMMENT '德语名称',
  PRIMARY KEY (`id`)
) ENGINE=InnoDB AUTO_INCREMENT=10 DEFAULT CHARSET=utf8mb4 COMMENT='货币表';

/*Data for the table `tb_currency` */

insert  into `tb_currency`(`id`,`code`,`name_cn`,`name_en`,`name_hk`,`name_fr`,`name_it`,`name_sp`,`name_de`) values (1,'CAD','加元','','',NULL,'',NULL,NULL),(3,'HKD','港币','','',NULL,'',NULL,NULL),(4,'JPY','日元','','',NULL,'',NULL,NULL),(5,'RMB','人民币','','',NULL,'',NULL,NULL),(6,'USD','美元','','',NULL,'',NULL,NULL),(9,'ERU','欧元','','',NULL,'',NULL,NULL);

/*Table structure for table `tb_department` */

DROP TABLE IF EXISTS `tb_department`;

CREATE TABLE `tb_department` (
  `id` int(10) unsigned NOT NULL AUTO_INCREMENT COMMENT '主键id',
  `name` varchar(100) DEFAULT NULL,
  `memo` varchar(1000) DEFAULT NULL,
  `companyid` int(10) unsigned NOT NULL COMMENT '公司id',
  `priceid` int(10) unsigned DEFAULT NULL COMMENT '此价格id可以是基础价格id，也可以是销售端口id',
  `spotid` int(10) unsigned DEFAULT NULL,
  `up_dp_id` int(10) unsigned DEFAULT '0' COMMENT '上级部门ID',
  `checkingflag` varchar(1) DEFAULT NULL,
  PRIMARY KEY (`id`)
) ENGINE=InnoDB AUTO_INCREMENT=4 DEFAULT CHARSET=utf8mb4 COMMENT='部门表';

/*Data for the table `tb_department` */

insert  into `tb_department`(`id`,`name`,`memo`,`companyid`,`priceid`,`spotid`,`up_dp_id`,`checkingflag`) values (1,'company1552557078',NULL,1,NULL,NULL,0,NULL),(2,'售后',NULL,1,NULL,NULL,1,NULL),(3,'技术12',NULL,1,NULL,NULL,1,NULL);

/*Table structure for table `tb_exchange_rate` */

DROP TABLE IF EXISTS `tb_exchange_rate`;

CREATE TABLE `tb_exchange_rate` (
  `id` int(11) unsigned NOT NULL AUTO_INCREMENT,
  `currency_from` int(11) DEFAULT NULL,
  `currency_to` int(11) DEFAULT NULL,
  `rate` decimal(10,3) DEFAULT NULL,
  `companyid` int(11) DEFAULT NULL,
  `begin_time` datetime DEFAULT NULL,
  `end_time` datetime DEFAULT NULL,
  `status` tinyint(4) DEFAULT NULL COMMENT '1=历史汇率；0=当前汇率',
  PRIMARY KEY (`id`),
  KEY `currency_from` (`companyid`,`currency_from`,`currency_to`,`status`,`begin_time`)
) ENGINE=InnoDB AUTO_INCREMENT=13 DEFAULT CHARSET=utf8mb4;

/*Data for the table `tb_exchange_rate` */

insert  into `tb_exchange_rate`(`id`,`currency_from`,`currency_to`,`rate`,`companyid`,`begin_time`,`end_time`,`status`) values (4,1,5,'3.210',1,'2019-04-29 10:28:17','2019-04-29 11:23:40',1),(5,9,5,'4.700',1,'2019-04-29 10:28:59','2019-04-29 10:30:54',1),(6,9,5,'4.701',1,'2019-04-29 10:30:54','2019-04-29 10:48:41',1),(7,9,5,'4.720',1,'2019-04-29 10:48:41','2019-04-29 11:20:15',1),(8,9,5,'4.790',1,'2019-04-29 11:20:15','2019-04-29 11:30:07',1),(9,1,5,'3.216',1,'2019-04-29 11:23:40',NULL,0),(10,9,5,'4.730',1,'2019-04-29 11:30:07','2019-04-29 11:30:18',1),(11,9,5,'4.734',1,'2019-04-29 11:30:18',NULL,0),(12,1,9,'4.000',1,'2019-04-30 09:50:57',NULL,0);

/*Table structure for table `tb_goods` */

DROP TABLE IF EXISTS `tb_goods`;

CREATE TABLE `tb_goods` (
  `id` int(11) unsigned NOT NULL AUTO_INCREMENT COMMENT '主键id',
  `productid` int(10) unsigned NOT NULL,
  `sizecontentid` int(10) unsigned NOT NULL,
  `defective_level` tinyint(11) DEFAULT '0' COMMENT '残次品等级；0=合格品 1=残次品',
  `property` tinyint(1) DEFAULT NULL COMMENT '0-自采 1-代销',
  `change_time` datetime DEFAULT NULL COMMENT '修改时间',
  `change_stuff` int(10) unsigned DEFAULT NULL COMMENT '修改人',
  `price` decimal(11,2) NOT NULL COMMENT '价格',
  `companyid` int(11) NOT NULL,
  PRIMARY KEY (`id`),
  UNIQUE KEY `productid` (`companyid`,`productid`,`sizecontentid`,`defective_level`,`property`)
) ENGINE=InnoDB AUTO_INCREMENT=26 DEFAULT CHARSET=utf8mb4 COMMENT='库存商品表';

/*Data for the table `tb_goods` */

insert  into `tb_goods`(`id`,`productid`,`sizecontentid`,`defective_level`,`property`,`change_time`,`change_stuff`,`price`,`companyid`) values (1,1,3,0,1,NULL,NULL,'1100.00',1),(2,1,4,0,2,NULL,NULL,'8000.00',1),(9,2,11,0,1,'2019-03-30 10:49:49',NULL,'1000.00',1),(10,2,12,0,1,'2019-03-30 10:49:49',NULL,'1000.00',1),(11,2,13,0,1,'2019-03-30 10:49:49',NULL,'1000.00',1),(18,2,6,0,1,'2019-04-01 17:50:11',NULL,'1000.00',1),(19,2,7,0,1,'2019-04-01 17:50:11',NULL,'1000.00',1),(20,1,5,0,1,'2019-04-18 19:08:09',NULL,'125.00',1),(21,1,1,0,1,'2019-04-18 19:08:10',NULL,'125.00',1),(22,1,4,0,1,'2019-04-18 19:10:45',NULL,'125.00',1),(23,2,8,0,1,'2019-04-18 19:10:45',NULL,'1000.00',1),(24,2,9,0,1,'2019-04-18 19:10:45',NULL,'1000.00',1),(25,2,10,0,1,'2019-04-18 19:10:45',NULL,'1000.00',1);

/*Table structure for table `tb_group` */

DROP TABLE IF EXISTS `tb_group`;

CREATE TABLE `tb_group` (
  `id` int(10) unsigned NOT NULL AUTO_INCREMENT COMMENT '主键id',
  `group_name` varchar(50) DEFAULT NULL,
  `group_memo` varchar(500) DEFAULT NULL,
  `companyid` int(10) unsigned DEFAULT NULL,
  PRIMARY KEY (`id`)
) ENGINE=InnoDB AUTO_INCREMENT=4 DEFAULT CHARSET=utf8mb4 COMMENT='组信息';

/*Data for the table `tb_group` */

insert  into `tb_group`(`id`,`group_name`,`group_memo`,`companyid`) values (1,'技术组','44',1),(2,'客服部','',1),(3,'临时','22',1);

/*Table structure for table `tb_language` */

DROP TABLE IF EXISTS `tb_language`;

CREATE TABLE `tb_language` (
  `id` int(10) unsigned NOT NULL AUTO_INCREMENT COMMENT '主键id',
  `code` varchar(200) DEFAULT NULL COMMENT '代号',
  `name_cn` text COMMENT '中文名称',
  `name_en` text COMMENT '英文名称',
  `name_hk` text COMMENT '粤语名称',
  `name_fr` text COMMENT '法语名称',
  `name_it` text COMMENT '意大利语名称',
  `name_sp` text COMMENT '西班牙语名称',
  `name_de` text COMMENT '德语名称',
  PRIMARY KEY (`id`)
) ENGINE=InnoDB AUTO_INCREMENT=703 DEFAULT CHARSET=utf8mb4 COMMENT='语言配置表';

/*Data for the table `tb_language` */

insert  into `tb_language`(`id`,`code`,`name_cn`,`name_en`,`name_hk`,`name_fr`,`name_it`,`name_sp`,`name_de`) values (1,'system_name','ERP管理系统','ERP MANAGEMENT SYSTEM',NULL,NULL,NULL,NULL,NULL),(2,'lang','cn','en',NULL,NULL,NULL,NULL,NULL),(3,'language','简体中文','SIMPLIFIED CHINESE',NULL,NULL,NULL,NULL,NULL),(4,'1001','非法数据','NOT ALLOWED',NULL,NULL,NULL,NULL,NULL),(5,'1002','操作失败','FAILED',NULL,NULL,NULL,NULL,NULL),(6,'1003','数据正在使用，无法删除','USING DATA, CAN\'T BE DELETED',NULL,NULL,NULL,NULL,NULL),(7,'1004','非法数据','NOT ALLOWED',NULL,NULL,NULL,NULL,NULL),(8,'1100','没有设置倍率','NO MARK UP INFO',NULL,NULL,NULL,NULL,NULL),(9,'1101','汇率数据已经存在，不能重复添加。','EXCHANGE RATE ALREADY EXISTS, CAN\'T BE ADDED',NULL,NULL,NULL,NULL,NULL),(10,'1102','数据没有变化，无需更改','NO CHANGES, DON\'T NEED TO MODIFY',NULL,NULL,NULL,NULL,NULL),(11,'8000','不能为空','REQUIRED',NULL,NULL,NULL,NULL,NULL),(12,'menu-1','组织架构','ORGANISATION STRUCTURE',NULL,NULL,NULL,NULL,NULL),(13,'menu-1-1','员工信息','EMPLOYEE INFO',NULL,NULL,NULL,NULL,NULL),(14,'menu-1-2','权限组管理','ADMIN ',NULL,NULL,NULL,NULL,NULL),(15,'menu-1-3','职能信息','POSITION',NULL,NULL,NULL,NULL,NULL),(16,'menu-1-4','部门信息','DEPARTMENT INFO',NULL,NULL,NULL,NULL,NULL),(17,'xitongshezhi','系统设置','SYSTEM SETUP',NULL,NULL,NULL,NULL,NULL),(18,'kaipiaoxinxi','开票信息','RECEIPT INFO',NULL,NULL,NULL,NULL,NULL),(19,'menu-2','基础数据','BASIC DATA',NULL,NULL,NULL,NULL,NULL),(20,'shouye','首页','HOMEPAGE',NULL,NULL,NULL,NULL,NULL),(21,'menu-2-1-1','品牌维护','BRANDS MAINTENACE',NULL,NULL,NULL,NULL,NULL),(22,'menu-2-1-2','品类维护','CATEGORY MAINTENACE',NULL,NULL,NULL,NULL,NULL),(23,'menu-2-1-3','款式年代','SEASON',NULL,NULL,NULL,NULL,NULL),(24,'menu-2-1-4','颜色模板','COLOUR TEMPLATE',NULL,NULL,NULL,NULL,NULL),(25,'menu-2-1-5','商品尺码模板','SIZE TEMPLATE',NULL,NULL,NULL,NULL,NULL),(26,'caizhiguanli','材质管理','MATERIAL MANAGEMENT',NULL,NULL,NULL,NULL,NULL),(27,'menu-2-1-7','商品尺寸','PRODUCT SIZE',NULL,NULL,NULL,NULL,NULL),(28,'menu-2-13','商品别名','PRODUCT ALIAS',NULL,NULL,NULL,NULL,NULL),(29,'kuanshi','款式','STYLE',NULL,NULL,NULL,NULL,NULL),(30,'qubanma','去半码','NO HALF SIZE',NULL,NULL,NULL,NULL,NULL),(31,'fuzhuma','辅助码','SECONDARY CODE',NULL,NULL,NULL,NULL,NULL),(32,'shengxiaoshijian','生效时间','START FROM',NULL,NULL,NULL,NULL,NULL),(33,'lishihuilv','历史汇率','HISTORICAL RATE',NULL,NULL,NULL,NULL,NULL),(34,'jiezhishijian','截止时间','DEADLINE',NULL,NULL,NULL,NULL,NULL),(35,'menu-2-1-15','洗涤说明','WASHING INSTRUTIONS',NULL,NULL,NULL,NULL,NULL),(36,'menu-2-1-16','防寒指数','TEMPETURE RATING',NULL,NULL,NULL,NULL,NULL),(37,'menu-2-1-17','材质状态管理','MATERIAL MANAGEMENT',NULL,NULL,NULL,NULL,NULL),(38,'menu-2-1-19','商品尺码描述','SIZE DESCRIPTIONS',NULL,NULL,NULL,NULL,NULL),(39,'yinhangmingcheng','银行名称','BANK ',NULL,NULL,NULL,NULL,NULL),(40,'gaojichaxun','高级查询','ADVANCED SEARCH',NULL,NULL,NULL,NULL,NULL),(41,'wenjianming','文件名','FILE NAME',NULL,NULL,NULL,NULL,NULL),(42,'yinhangdizhi','银行地址','BANK ADDRESS',NULL,NULL,NULL,NULL,NULL),(43,'menu-2-3-1','仓库管理','WAREHOUSE MANAGEMENT',NULL,NULL,NULL,NULL,NULL),(44,'menu-2-3-2','销售端口管理','SALES MANAGEMENT',NULL,NULL,NULL,NULL,NULL),(45,'menu-2-3-3','国际及地区信息维护','INTERNATION AND REGIONAL INFO MAINTENANCE',NULL,NULL,NULL,NULL,NULL),(46,'menu-2-3-4','费用名称','NAME OF THE FEE',NULL,NULL,NULL,NULL,NULL),(47,'fenhangmingcheng','分行名称','BRANCH NAME',NULL,NULL,NULL,NULL,NULL),(48,'menu-2-3-6','销售性质','SALES DESCRIPTION',NULL,NULL,NULL,NULL,NULL),(49,'menu-2-3-7','业务类型','BUSINESS TYPE',NULL,NULL,NULL,NULL,NULL),(50,'kaihuhang','开户行','BANK NAME',NULL,NULL,NULL,NULL,NULL),(51,'yinhangzhanghao','银行账号','BANK ACCOUNT NO.',NULL,NULL,NULL,NULL,NULL),(52,'zhuijia','追加一条','ADDITION',NULL,NULL,NULL,NULL,NULL),(53,'tongkuanduose','同款多色','MORE COLOURS',NULL,NULL,NULL,NULL,NULL),(54,'fuzhidao','复制到','COPY TO',NULL,NULL,NULL,NULL,NULL),(56,'menu-3','商品管理','PRODUCT MANAGEMENT',NULL,NULL,NULL,NULL,NULL),(57,'menu-3-1','商品信息','PRODUCT INFO',NULL,NULL,NULL,NULL,NULL),(58,'menu-3-2','图片管理','IMAGES MANAGEMENT',NULL,NULL,NULL,NULL,NULL),(59,'menu-3-3','图片上传','IMAGES UPLOAD',NULL,NULL,NULL,NULL,NULL),(60,'menu-4','客户管理','CLIENTS MANAGEMENT',NULL,NULL,NULL,NULL,NULL),(61,'jiumingzi','旧名字','PRIVIOUS NAME',NULL,NULL,NULL,NULL,NULL),(62,'menu-4-2','供货商报价','SUPPLIER QUOTE',NULL,NULL,NULL,NULL,NULL),(63,'menu-4-3','供货商级别','SUPPLIER LEVEL',NULL,NULL,NULL,NULL,NULL),(64,'menu-5','供应链管理','SUPPLY CHAIN MANAGEMENT',NULL,NULL,NULL,NULL,NULL),(65,'menu-5-1','订单管理','ORDERS MANAGEMENT',NULL,NULL,NULL,NULL,NULL),(67,'menu-5-1-2','订单状态查询','ORDER STATUS',NULL,NULL,NULL,NULL,NULL),(68,'shuxingdingyi','属性定义','DEFINATION',NULL,NULL,NULL,NULL,NULL),(69,'menu-5-2','发货单管理','INVOICE',NULL,NULL,NULL,NULL,NULL),(70,'menu-5-3','到货入库','ARRIVED WAREHOUSE',NULL,NULL,NULL,NULL,NULL),(72,'menu-5-3-2','入库单查询','INBOUND ORDER SEARCH',NULL,NULL,NULL,NULL,NULL),(73,'menu-6','库存管理','INVENTORY MANAGEMENT',NULL,NULL,NULL,NULL,NULL),(74,'menu-6-1','调拨相关','ALLOCATION',NULL,NULL,NULL,NULL,NULL),(75,'menu-6-1-1','调拨单查询/申请','ALLOCATION INQUIRY',NULL,NULL,NULL,NULL,NULL),(76,'fuzhishuxing','复制属性',NULL,NULL,NULL,NULL,NULL,NULL),(77,'menu-6-1-3','调拨入库确认','ALLOCATION CONFIRM',NULL,NULL,NULL,NULL,NULL),(78,'menu-6-2','库存盘点','INVENTORY CHECK',NULL,NULL,NULL,NULL,NULL),(79,'gengxinren','更新人','UPDATER',NULL,NULL,NULL,NULL,NULL),(80,'gengxinshijian','更新时间','UPDATE TIME',NULL,NULL,NULL,NULL,NULL),(81,'menu-6-3','库存余额查询','STOCKS BALANCE SEARCH',NULL,NULL,NULL,NULL,NULL),(82,'menu-6-4','库存查询','STOCKS SEARCH',NULL,NULL,NULL,NULL,NULL),(83,'menu-6-5','快照统计',NULL,NULL,NULL,NULL,NULL,NULL),(84,'menu-7','销售管理','SALES MANAGEMENT',NULL,NULL,NULL,NULL,NULL),(85,'menu-7-1','商品零售/批发','RETAIL/WHOLESALE',NULL,NULL,NULL,NULL,NULL),(86,'menu-7-2','销售端口库存统计','SALES DEPARTMENT STOCKS',NULL,NULL,NULL,NULL,NULL),(87,'menu-7-3','选项3','OPTION 3',NULL,NULL,NULL,NULL,NULL),(88,'menu-7-4','销售对账','SALES RECONCILIATION',NULL,NULL,NULL,NULL,NULL),(89,'menu-7-4-1','销售对账页面','SALES RECONCILIATION PAGE',NULL,NULL,NULL,NULL,NULL),(90,'menu-7-4-2','对账查询页面','RECONCILIATION INQUIRY PAGE',NULL,NULL,NULL,NULL,NULL),(91,'menu-7-5','销售统计','SALES STATISTICS',NULL,NULL,NULL,NULL,NULL),(92,'menu-8','结算','SETTLEMENT',NULL,NULL,NULL,NULL,NULL),(93,'dingdanjiesuan','订单结算','ORDER SETTLEMENT',NULL,NULL,NULL,NULL,NULL),(94,'xiaoshoujiesuan','销售结算','SALES SETTLEMENT',NULL,NULL,NULL,NULL,NULL),(95,'menu-9','费用管理','FEE MANAGEMENT',NULL,NULL,NULL,NULL,NULL),(96,'menu-9-1','费用申请','FEE APPLICATION',NULL,NULL,NULL,NULL,NULL),(97,'menu-9-2','费用申请主管审批','FEE APPLICATION APPROVAL FROM SUPERVISOR',NULL,NULL,NULL,NULL,NULL),(98,'menu-9-3','费用申请财务审批','FEE APPLICATION APPROVAL FROM FINANCE',NULL,NULL,NULL,NULL,NULL),(99,'jiage','价格','PRICE',NULL,NULL,NULL,NULL,NULL),(100,'menu-10-1','对账查询','RECONCILIATION INQUIRY',NULL,NULL,NULL,NULL,NULL),(101,'menu-11','系统','SYSTEM',NULL,NULL,NULL,NULL,NULL),(102,'menu-11-1','系统帮助','SYSTEM HELP',NULL,NULL,NULL,NULL,NULL),(103,'menu-11-2','修改密码','CHANGE PASSWORD',NULL,NULL,NULL,NULL,NULL),(104,'menu-11-3','退出','EXIT',NULL,NULL,NULL,NULL,NULL),(105,'en','英','ENGLISH',NULL,NULL,NULL,NULL,NULL),(106,'cn','中','CHINESE',NULL,NULL,NULL,NULL,NULL),(107,'button-save','保存','SAVE',NULL,NULL,NULL,NULL,NULL),(108,'button-cancel','取消','CANCLE',NULL,NULL,NULL,NULL,NULL),(109,'button-add','添加','ADD',NULL,NULL,NULL,NULL,NULL),(110,'button-create','新建','NEW',NULL,NULL,NULL,NULL,NULL),(111,'button-modify','编辑','EDIT',NULL,NULL,NULL,NULL,NULL),(112,'button-submit','提交','APPLY',NULL,NULL,NULL,NULL,NULL),(113,'button-delete','删除','DELETE',NULL,NULL,NULL,NULL,NULL),(114,'button-ok','确定','CONFIRM',NULL,NULL,NULL,NULL,NULL),(115,'bumenmingcheng','部门名称','DEPARTMENT NAME',NULL,NULL,NULL,NULL,NULL),(116,'depart-parent','上级部门','MANAGEMENT DEPARTEMTN',NULL,NULL,NULL,NULL,NULL),(117,'depart-create','新建部门','NEW DEPARTMENT',NULL,NULL,NULL,NULL,NULL),(118,'description','说明','INSTRUCTIONS',NULL,NULL,NULL,NULL,NULL),(119,'memo','备注','NOTE',NULL,NULL,NULL,NULL,NULL),(120,'password','密码','PASSWORD',NULL,NULL,NULL,NULL,NULL),(121,'depart','部门','DEPARTMENT',NULL,NULL,NULL,NULL,NULL),(122,'bu','事业部','BUSINESS DEPARTMENT',NULL,NULL,NULL,NULL,NULL),(123,'country','国家','COUNTRY',NULL,NULL,NULL,NULL,NULL),(124,'gender','性别','SEX',NULL,NULL,NULL,NULL,NULL),(125,'user-setting','用户管理','USER MANAGEMENT',NULL,NULL,NULL,NULL,NULL),(126,'user-loginname','登录名','LOGIN NAME',NULL,NULL,NULL,NULL,NULL),(127,'user-join','入职时间','ENTRY TIME',NULL,NULL,NULL,NULL,NULL),(128,'user-left','离职时间','RESIGN TIME',NULL,NULL,NULL,NULL,NULL),(129,'user-realname','真实姓名','LEGAL NAME',NULL,NULL,NULL,NULL,NULL),(130,'user-linkman','备用联系人','ALTERNATE CONTACT',NULL,NULL,NULL,NULL,NULL),(131,'telephone','电话','PHONE',NULL,NULL,NULL,NULL,NULL),(132,'mobile','手机','MOBILE PHONE NO.',NULL,NULL,NULL,NULL,NULL),(133,'email','E-mail','E-MAIL',NULL,NULL,NULL,NULL,NULL),(134,'email-password','邮箱密码','E-MAIL PASSWORD',NULL,NULL,NULL,NULL,NULL),(135,'sale-port','销售端口','SALES DEPARTMENT',NULL,NULL,NULL,NULL,NULL),(136,'group-info','组信息','GROUP INFO',NULL,NULL,NULL,NULL,NULL),(137,'jiesuandanwei','结算单位','SETTLEMENT UNIT',NULL,NULL,NULL,NULL,NULL),(138,'cangku','仓库','WAREHOUSE',NULL,NULL,NULL,NULL,NULL),(139,'jiagedan','价格单','PRICE LIST',NULL,NULL,NULL,NULL,NULL),(140,'gerenshezhi','个人设置','PERSONAL SETTING',NULL,NULL,NULL,NULL,NULL),(141,'yuangongxinxi','用户信息','USER INFORMATION',NULL,NULL,NULL,NULL,NULL),(142,'xinjianyonghu','新建用户','NEW USER',NULL,NULL,NULL,NULL,NULL),(143,'qingxuanze','请选择','SELECT',NULL,NULL,NULL,NULL,NULL),(144,'xuanzeriqi','选择日期','SELECT A DATE',NULL,NULL,NULL,NULL,NULL),(145,'man','男','MALE',NULL,NULL,NULL,NULL,NULL),(146,'woman','女','FEMALE',NULL,NULL,NULL,NULL,NULL),(147,'group-add','新建组','NEW GROUP',NULL,NULL,NULL,NULL,NULL),(148,'group-modify','编辑组信息','GROUP INFORMATION EDIT',NULL,NULL,NULL,NULL,NULL),(149,'zumingcheng','组名称','GROUP NAME',NULL,NULL,NULL,NULL,NULL),(150,'zuxinxi','组信息','GROUP INFORMATION',NULL,NULL,NULL,NULL,NULL),(151,'caozuo','操作','OPERATION',NULL,NULL,NULL,NULL,NULL),(153,'xinjian','新建','NEW',NULL,NULL,NULL,NULL,NULL),(154,'user-list','用户列表','USERS LIST',NULL,NULL,NULL,NULL,NULL),(155,'pinpaishangbiao','品牌商标','LOGO',NULL,NULL,NULL,NULL,NULL),(156,'yingwenmingcheng','英文名称','ENGLISH NAME',NULL,NULL,NULL,NULL,NULL),(157,'pinpaimingcheng','品牌名称','BRAND NAME',NULL,NULL,NULL,NULL,NULL),(158,'shifoushouquanpinpai','是否授权品牌','AUTHORIZE',NULL,NULL,NULL,NULL,NULL),(159,'guishujituan','归属集团','GROUP',NULL,NULL,NULL,NULL,NULL),(160,'guishuguojia','归属国家','REGION',NULL,NULL,NULL,NULL,NULL),(161,'guanwangdizhi','官网地址','OFFICIAL WEBSITE',NULL,NULL,NULL,NULL,NULL),(162,'duizhaodaima','对照代码','CODE',NULL,NULL,NULL,NULL,NULL),(163,'zhongwenmingcheng','中文名称','CHINESE NAME',NULL,NULL,NULL,NULL,NULL),(164,'pinpaibianhao','品牌编号','BRAND CODE',NULL,NULL,NULL,NULL,NULL),(165,'pinpaifenlei','品牌分类','BRAND CATALOGUE',NULL,NULL,NULL,NULL,NULL),(166,'xinjianpinpai','新建品牌','NEW BRAND',NULL,NULL,NULL,NULL,NULL),(167,'yanse','颜色','COLOUR',NULL,NULL,NULL,NULL,NULL),(168,'jibenziliao','基本资料','BASIC INFO',NULL,NULL,NULL,NULL,NULL),(169,'pinlei','品类','CATEGORY',NULL,NULL,NULL,NULL,NULL),(170,'jiagebili','价格比例','PRICE RATIO',NULL,NULL,NULL,NULL,NULL),(171,'bieming','别名','ALIAS',NULL,NULL,NULL,NULL,NULL),(172,'xilie','系列','SERIES',NULL,NULL,NULL,NULL,NULL),(173,'jiekoudaimaduizhao','接口代码对照','INTERFACE CODE COMPARISON',NULL,NULL,NULL,NULL,NULL),(174,'xiaoshouduankoudengji','销售端口等级','SALES DEPARTMENT LEVEL',NULL,NULL,NULL,NULL,NULL),(175,'teshyanse','特殊颜色','SPECIAL COLOR',NULL,NULL,NULL,NULL,NULL),(176,'gonghuoshangdengji','供货商等级','SUPPLIER LEVEL',NULL,NULL,NULL,NULL,NULL),(177,'zhekoubili','折扣比例','DISCOUNT',NULL,NULL,NULL,NULL,NULL),(178,'niandai','年代','SEASON',NULL,NULL,NULL,NULL,NULL),(179,'guojiadaima3','国家代码[3]','COUNTRY CODE[3]',NULL,NULL,NULL,NULL,NULL),(180,'guojiadaima2','国家代码[2]','COUNTRY CODE[2]',NULL,NULL,NULL,NULL,NULL),(181,'guojiamingcheng','国家名称','COUNTRY ',NULL,NULL,NULL,NULL,NULL),(182,'bizhong','币种','CURRENCY',NULL,NULL,NULL,NULL,NULL),(183,'dianshangduizhaobiao','电商对照表','E-COMMERCE COMPARISON TABLE',NULL,NULL,NULL,NULL,NULL),(184,'bianji','编辑','EDIT',NULL,NULL,NULL,NULL,NULL),(185,'shanchu','删除','DELETE',NULL,NULL,NULL,NULL,NULL),(186,'miaoshu','描述','DESCRIPTIONS',NULL,NULL,NULL,NULL,NULL),(187,'xinjianxinxi','新建信息','NEW',NULL,NULL,NULL,NULL,NULL),(188,'yonghuxinxi','用户信息','USER INFORMATION',NULL,NULL,NULL,NULL,NULL),(189,'xiugaixinxi','修改信息','EDIT INFORMATION',NULL,NULL,NULL,NULL,NULL),(190,'yuzhong','语种','LANGUAGE',NULL,NULL,NULL,NULL,NULL),(191,'pinpaijieshao','品牌介绍','BRAND INTRODUCTION',NULL,NULL,NULL,NULL,NULL),(192,'department-tip1','点击左侧部门树，添加或者修改部门信息。','CLICK LEFT TO MODIFY',NULL,NULL,NULL,NULL,NULL),(193,'zuneirenyuan','组内人员','GROUP MEMBER',NULL,NULL,NULL,NULL,NULL),(194,'quanxian','权限','ACCESS ',NULL,NULL,NULL,NULL,NULL),(195,'delete_warning','此操作将删除该记录, 是否继续?','THIS ACTION WILL DELETE THE RECORD, CONTINUE?',NULL,NULL,NULL,NULL,NULL),(196,'zuofei_warning','此操作将订单作废, 是否继续?','THIS ACTION WILL DELETE THE ORDER, CONTINUE?',NULL,NULL,NULL,NULL,NULL),(197,'tijiao_warning','此操作将提交订单, 是否继续?','DO YOU WANT TO APPLY THE ORDER?',NULL,NULL,NULL,NULL,NULL),(198,'tip','提示','HINT',NULL,NULL,NULL,NULL,NULL),(199,'tianjiaxinxi','添加信息','ADD ',NULL,NULL,NULL,NULL,NULL),(200,'xingming','姓名','NAME',NULL,NULL,NULL,NULL,NULL),(201,'baocun','保存','SAVE',NULL,NULL,NULL,NULL,NULL),(202,'success','操作成功','SUCCESS',NULL,NULL,NULL,NULL,NULL),(203,'delete_success','删除成功','DELETE SUCCESS',NULL,NULL,NULL,NULL,NULL),(204,'error_tip','错误提示',NULL,NULL,NULL,NULL,NULL,NULL),(205,'ok','确定','CONFIRM',NULL,NULL,NULL,NULL,NULL),(206,'cancel','取消','CANCLE',NULL,NULL,NULL,NULL,NULL),(207,'dengluming','登录名','LONIN NAME',NULL,NULL,NULL,NULL,NULL),(208,'zu','组','GROUP',NULL,NULL,NULL,NULL,NULL),(209,'pinleimingcheng','品类名称','CATEGORY',NULL,NULL,NULL,NULL,NULL),(210,'pinleibianma','品类编码','CATEGORY CODE',NULL,NULL,NULL,NULL,NULL),(211,'yuyan','语言','LANGUAGE',NULL,NULL,NULL,NULL,NULL),(212,'chakanziji','查看子集','CHECK SUBSET',NULL,NULL,NULL,NULL,NULL),(213,'zileimingcheng','子类名称','SUB-CATEGORY NAME',NULL,NULL,NULL,NULL,NULL),(214,'zileibianma','子类编码','SUB-CATEGORY CODE',NULL,NULL,NULL,NULL,NULL),(215,'chimamoban','尺码模板','SIZE TEMPLATE',NULL,NULL,NULL,NULL,NULL),(216,'maozhong','毛重','GROSS WEIGHT',NULL,NULL,NULL,NULL,NULL),(217,'caizhidaima','材质代码','MATERIAL CODE',NULL,NULL,NULL,NULL,NULL),(218,'caizhimingcheng','材质名称','MATERIAL NAME',NULL,NULL,NULL,NULL,NULL),(219,'bianhao','编号','CODE',NULL,NULL,NULL,NULL,NULL),(220,'caizhibeizhu','材质备注','MATERIAL NOTE',NULL,NULL,NULL,NULL,NULL),(221,'chima','尺码','SIZE',NULL,NULL,NULL,NULL,NULL),(222,'jiegoumingcheng','结构名称','STRUCTURE NAME',NULL,NULL,NULL,NULL,NULL),(223,'peijiandaima','配件代码','ACCESSORIES CODE',NULL,NULL,NULL,NULL,NULL),(224,'peijianmingcheng','配件名称','ACCESSORIES NAME',NULL,NULL,NULL,NULL,NULL),(225,'shifoubaozhuang','是否包装','PACKAGING?',NULL,NULL,NULL,NULL,NULL),(226,'yes','是','YES',NULL,NULL,NULL,NULL,NULL),(227,'no','否','NO',NULL,NULL,NULL,NULL,NULL),(228,'changhemingcheng','场合名称','OCCASION NAME',NULL,NULL,NULL,NULL,NULL),(229,'changheshuoming','场合说明','OCCASION DESCRIPTION',NULL,NULL,NULL,NULL,NULL),(230,'bihefangshimingcheng','闭合方式名称','CLOSURE NAME',NULL,NULL,NULL,NULL,NULL),(231,'bihefangshishuoming','闭合方式说明','CLOSURE DESCRIPTION',NULL,NULL,NULL,NULL,NULL),(232,'mingcheng','名称','NAME',NULL,NULL,NULL,NULL,NULL),(233,'shixiang','事项','ITEM',NULL,NULL,NULL,NULL,NULL),(234,'beizhu','备注','NOTES',NULL,NULL,NULL,NULL,NULL),(235,'xidimingcheng','洗涤名称',NULL,NULL,NULL,NULL,NULL,NULL),(236,'tupian','图片','IMAGE',NULL,NULL,NULL,NULL,NULL),(237,'shangchuan','上传','UPLOAD',NULL,NULL,NULL,NULL,NULL),(238,'fanghanzhishu','防寒指数','TEMPARATURE RATING',NULL,NULL,NULL,NULL,NULL),(239,'mobanmingcheng','模板名称','TEMPLATE NAME',NULL,NULL,NULL,NULL,NULL),(240,'biaoti','标题','TITLE',NULL,NULL,NULL,NULL,NULL),(241,'xuhao','序号','SERIAL NUMBER',NULL,NULL,NULL,NULL,NULL),(242,'neirong','内容','CONTENT',NULL,NULL,NULL,NULL,NULL),(243,'yanseseban','颜色色板','COLORS CHART',NULL,NULL,NULL,NULL,NULL),(244,'asabianhao','颜色编码','COLOUR CODE',NULL,NULL,NULL,NULL,NULL),(245,'yansefenlei','颜色分类','COLOUR',NULL,NULL,NULL,NULL,NULL),(246,'guojiadaima','国家代码','COUNTRY CODE',NULL,NULL,NULL,NULL,NULL),(247,'biemingmingcheng','别名名称','ALTERNATIVE NAME',NULL,NULL,NULL,NULL,NULL),(248,'biemingbianma','别名编码','ALTERNATIVE NAME CODE',NULL,NULL,NULL,NULL,NULL),(249,'gonghuoshangbianma','供货商编码','SUPPLIER CODE',NULL,NULL,NULL,NULL,NULL),(250,'guojiachengshi','国家城市','COUNTRY',NULL,NULL,NULL,NULL,NULL),(251,'leibiemingcheng','类别名称','CATEGORY NAME',NULL,NULL,NULL,NULL,NULL),(252,'zhuyishixiang','注意事项','NOTES',NULL,NULL,NULL,NULL,NULL),(253,'fabuji','发布季','SEASON',NULL,NULL,NULL,NULL,NULL),(254,'nianfen','年份','YEAR',NULL,NULL,NULL,NULL,NULL),(255,'gonghuoshangmingcheng','供货商名称','SUPPLIER NAME',NULL,NULL,NULL,NULL,NULL),(256,'dizhi','地址','ADDRESS',NULL,NULL,NULL,NULL,NULL),(257,'wangzhi','网址','WENSITE',NULL,NULL,NULL,NULL,NULL),(258,'chuanzhen','传真','FAX',NULL,NULL,NULL,NULL,NULL),(259,'faren','法人','LEGAL PERSON',NULL,NULL,NULL,NULL,NULL),(260,'zhuceziben','注册资本','REGISTERED CAPITAL',NULL,NULL,NULL,NULL,NULL),(261,'shuihao','税号','TAX NUMBER',NULL,NULL,NULL,NULL,NULL),(262,'yingyezhizhaohao','营业执照号','BUSINESS LICENSE NO.',NULL,NULL,NULL,NULL,NULL),(263,'zhuceshijian','注册时间','REGISTER NUMBER',NULL,NULL,NULL,NULL,NULL),(264,'zhongzhishijian','终止时间','DEADLINE',NULL,NULL,NULL,NULL,NULL),(265,'leixing','类型','TYPE',NULL,NULL,NULL,NULL,NULL),(266,'dianhua','电话','PHONE NUMBER',NULL,NULL,NULL,NULL,NULL),(267,'lianxiren','联系人','CONTACTS',NULL,NULL,NULL,NULL,NULL),(268,'pinpai','品牌','BRAND',NULL,NULL,NULL,NULL,NULL),(269,'zipinlei','子品类','SUB-CATEGORY',NULL,NULL,NULL,NULL,NULL),(270,'chandi','产地','REGION',NULL,NULL,NULL,NULL,NULL),(271,'pinpaiseban','品牌色板','BRAND\'S COLOR CHART',NULL,NULL,NULL,NULL,NULL),(272,'caizhizhuangtai','材质状态','MATERIAL STATUS',NULL,NULL,NULL,NULL,NULL),(273,'changhefengge','场合风格','STYLE',NULL,NULL,NULL,NULL,NULL),(274,'shangpinchicun','商品尺寸','PRODUCT SIZE',NULL,NULL,NULL,NULL,NULL),(275,'shangpinmiaoshu','商品描述','PRODUCT DESCRIPTION',NULL,NULL,NULL,NULL,NULL),(276,'bihefangshi','闭合方式','CLOSURE',NULL,NULL,NULL,NULL,NULL),(277,'shangpinbieming','商品别名','PRODUCT ALTERNATIVE NAME',NULL,NULL,NULL,NULL,NULL),(278,'shangpinxilie','商品系列','PRODUCT SERIES',NULL,NULL,NULL,NULL,NULL),(279,'shangpinzixilie','子系列','SUB-SERIES',NULL,NULL,NULL,NULL,NULL),(280,'chengjiaojiage','成交价格','FINAL PRICE',NULL,NULL,NULL,NULL,NULL),(281,'guojilingshoujia','国际零售价','INTERNATIONAL RETAIL PRICE',NULL,NULL,NULL,NULL,NULL),(282,'chuchangjia','国际出厂价','INTERNATIONAL EX-FACTORY PRICE',NULL,NULL,NULL,NULL,NULL),(283,'benguolingshoujia','本国零售价','CHINA RETAIL PRICE',NULL,NULL,NULL,NULL,NULL),(284,'chicunbeizhu','尺寸备注','SIZE NOTES',NULL,NULL,NULL,NULL,NULL),(285,'xingbie','性别','SEX',NULL,NULL,NULL,NULL,NULL),(286,'jijie','季节','SEASON',NULL,NULL,NULL,NULL,NULL),(287,'chimaguige','尺码规格','SIZE FORMAT',NULL,NULL,NULL,NULL,NULL),(288,'anquanleibie','安全类别','SAFETY CLASS',NULL,NULL,NULL,NULL,NULL),(289,'zhixingbiaozhun','执行标准','EXECUTIVE STANDARD',NULL,NULL,NULL,NULL,NULL),(290,'jiandangren','建档人','ARCHIVER',NULL,NULL,NULL,NULL,NULL),(291,'jiandangshijian','建档时间','BUILD TIME',NULL,NULL,NULL,NULL,NULL),(292,'zuihouruku','最后入库','LAST STORAGE',NULL,NULL,NULL,NULL,NULL),(293,'guigexinghao','规格型号','STYLE CODE',NULL,NULL,NULL,NULL,NULL),(294,'shangpinmingcheng','商品名称','PRODUCT NAME',NULL,NULL,NULL,NULL,NULL),(295,'shangpintiaoma','商品条码','PRODUCT BAR CODE',NULL,NULL,NULL,NULL,NULL),(296,'shangpintupian','商品图片','PRODUCT IMAGE',NULL,NULL,NULL,NULL,NULL),(297,'zhutu','主图','MAIN PICTURE',NULL,NULL,NULL,NULL,NULL),(298,'futu','副图','SECONARY PICTURE',NULL,NULL,NULL,NULL,NULL),(299,'guanlianxinxi','关联信息','ASSOCIATED INFO',NULL,NULL,NULL,NULL,NULL),(300,'xiliebianma','系列编码','SERIAL CODE',NULL,NULL,NULL,NULL,NULL),(301,'xiliemingcheng','系列名称','SERIES NAME',NULL,NULL,NULL,NULL,NULL),(302,'zixilie','子系列','SUB-SERIES',NULL,NULL,NULL,NULL,NULL),(303,'bianma','编码','CODE',NULL,NULL,NULL,NULL,NULL),(304,'cangkumingcheng','仓库名称','WAREHOUSE NAME',NULL,NULL,NULL,NULL,NULL),(305,'guojiadiqu','国家地区','COUNTRY',NULL,NULL,NULL,NULL,NULL),(306,'shifoukeyong','是否可用','AVAILABLE',NULL,NULL,NULL,NULL,NULL),(307,'qitalianxifangshi','其他联系方式','OTHER CONTACTS',NULL,NULL,NULL,NULL,NULL),(308,'yidongdianhua','移动电话','MOBILE PHONE',NULL,NULL,NULL,NULL,NULL),(309,'youbian','邮编','ZIP CODE',NULL,NULL,NULL,NULL,NULL),(310,'chengshi','城市','CITY',NULL,NULL,NULL,NULL,NULL),(311,'dingdanbianhao','订单编号','ORDER NO.',NULL,NULL,NULL,NULL,NULL),(312,'yewuleixing','业务类型','BUSINESS TYPE',NULL,NULL,NULL,NULL,NULL),(313,'gonghuoshang','供货商','SUPPLIER',NULL,NULL,NULL,NULL,NULL),(314,'fahuodanwei','发货单位','SUPPLIER',NULL,NULL,NULL,NULL,NULL),(315,'niandaileixing','年代类型','YEAR/TYPE',NULL,NULL,NULL,NULL,NULL),(316,'nannvkuan','男/女款','MAN/WOMAN',NULL,NULL,NULL,NULL,NULL),(317,'dingdanriqi','订单日期','ORDER DATE',NULL,NULL,NULL,NULL,NULL),(318,'zongjine','总金额','TOTAL',NULL,NULL,NULL,NULL,NULL),(319,'huilv','汇率','EXCHANGE RATE',NULL,NULL,NULL,NULL,NULL),(320,'zhekou','折扣','DISCOUNT',NULL,NULL,NULL,NULL,NULL),(321,'dingdanhao','订单号','ORDER NUMBER',NULL,NULL,NULL,NULL,NULL),(322,'haiwaidingdanhao','海外订单号','OVERSEAS ORDER NUMBER',NULL,NULL,NULL,NULL,NULL),(323,'fapiaohao','发票号','INVOICE NUMBER',NULL,NULL,NULL,NULL,NULL),(324,'zhidanren','制单人','PREPARED BY',NULL,NULL,NULL,NULL,NULL),(325,'shenheren','审核人','REVIEWER',NULL,NULL,NULL,NULL,NULL),(326,'shuxing','采购类型','PURCHASE TYPE',NULL,NULL,NULL,NULL,NULL),(327,'wofanglianxiren','我方联系人','OUR CONTACT',NULL,NULL,NULL,NULL,NULL),(328,'dinghuokehu','订货客户','CLIENTS',NULL,NULL,NULL,NULL,NULL),(329,'dinghuokehulianxiren','订货联系人','CLIENT CONTACT',NULL,NULL,NULL,NULL,NULL),(330,'baocundingdan','保存订单','SAVE ORDER',NULL,NULL,NULL,NULL,NULL),(331,'xuanzeshangpin','选择商品','SELECT PRODUCTS',NULL,NULL,NULL,NULL,NULL),(332,'zongshu','总数','TOTAL',NULL,NULL,NULL,NULL,NULL),(333,'zidonghuoqu','系统自动生成','AUTOMATIC SYSTEM GENERATION',NULL,NULL,NULL,NULL,NULL),(334,'dinggoushuliang','订购数量','PURCHASE QUANTITIES',NULL,NULL,NULL,NULL,NULL),(335,'guojima','国际码','INTERNATIONAL CODE',NULL,NULL,NULL,NULL,NULL),(336,'huohao','货号','STYLE CODE',NULL,NULL,NULL,NULL,NULL),(337,'huiyuan','会员','MEMBER',NULL,NULL,NULL,NULL,NULL),(338,'xiaoshouren','销售人','SALES',NULL,NULL,NULL,NULL,NULL),(339,'waitudingdanhao','外部订单号','EXTERNAL ORDER NUMBER',NULL,NULL,NULL,NULL,NULL),(340,'xiaoshoucangku','销售仓库','SOLD WAREHOUSE LOCATION',NULL,NULL,NULL,NULL,NULL),(341,'xiaoshouriqi','销售日期','SOLD DATE',NULL,NULL,NULL,NULL,NULL),(342,'duizhangdanhao','对账单号','RECONCILIATION NUMBER',NULL,NULL,NULL,NULL,NULL),(343,'zhidanriqi','制单日期','ORDER BUILED DATE',NULL,NULL,NULL,NULL,NULL),(344,'tihuofangshi','提货方式','PICK UP WAY',NULL,NULL,NULL,NULL,NULL),(345,'kuaidifukuanfang','快递付款','EXPRESS DELIVERY PAYMENT',NULL,NULL,NULL,NULL,NULL),(346,'kuaididanhao','快递单号','EXPRESS DELIVERY INVOICE NUMBER',NULL,NULL,NULL,NULL,NULL),(347,'kuaidifeiyong','快递费用','EXPRESS DELIVERY FEE',NULL,NULL,NULL,NULL,NULL),(348,'shouhuodizhi','收货地址','SHIPPING ADDRESS',NULL,NULL,NULL,NULL,NULL),(349,'tijiao','提交','APPLY',NULL,NULL,NULL,NULL,NULL),(350,'yushou','预售','PRE-ORDER',NULL,NULL,NULL,NULL,NULL),(351,'fujian','附件','ATTACHMENT',NULL,NULL,NULL,NULL,NULL),(352,'shuliang','数量','AMOUNT',NULL,NULL,NULL,NULL,NULL),(353,'tijiaoshenhe','提交审核','SUBMIT REVIEW',NULL,NULL,NULL,NULL,NULL),(354,'order_submit_confirm','订单是否确定提交审核？','SENDING THE ORDER FOR SUBMITTED REVIEW?',NULL,NULL,NULL,NULL,NULL),(355,'huiyuanming','会员名','MEMBER NAME',NULL,NULL,NULL,NULL,NULL),(356,'weixin','微信','WECHAT',NULL,NULL,NULL,NULL,NULL),(357,'weibo','微博','WEIBO',NULL,NULL,NULL,NULL,NULL),(358,'qq','QQ','QQ',NULL,NULL,NULL,NULL,NULL),(359,'shengri','生日','BIRTHDAY',NULL,NULL,NULL,NULL,NULL),(360,'shouji','手机','CELL-PHONE NUMBER',NULL,NULL,NULL,NULL,NULL),(361,'gonghuodanwei','供货单位','SUPPLIER',NULL,NULL,NULL,NULL,NULL),(362,'daohuocangku','到货仓库','ARRIVAL WAREHOUSE',NULL,NULL,NULL,NULL,NULL),(363,'fahuodanhao','发货单号','SHIPMENT NUMBER',NULL,NULL,NULL,NULL,NULL),(364,'niandaijijie','年代季节','SEASON',NULL,NULL,NULL,NULL,NULL),(365,'fukuanshijian','付款时间','PAID TIME',NULL,NULL,NULL,NULL,NULL),(366,'daidiandanwei','代垫单位','PRE-PAID UNIT',NULL,NULL,NULL,NULL,NULL),(367,'anpaitihuoshijian','安排提货时间','PICK UP TIME',NULL,NULL,NULL,NULL,NULL),(368,'hangbanhao','航班号','FLIGHT NO.',NULL,NULL,NULL,NULL,NULL),(369,'hangbanriqi','航班日期','FLIGHT DATE',NULL,NULL,NULL,NULL,NULL),(370,'zhudanhao','主单号','MAWB',NULL,NULL,NULL,NULL,NULL),(371,'zidanhao','子单号','HAWB',NULL,NULL,NULL,NULL,NULL),(372,'fahuogang','发货港','DISPATCH PORT',NULL,NULL,NULL,NULL,NULL),(373,'daohuogang','到货港','DESTINATION PORT',NULL,NULL,NULL,NULL,NULL),(374,'xiangshu','箱数','BOX NUMBER',NULL,NULL,NULL,NULL,NULL),(375,'zhongliang','重量','WEIGHT',NULL,NULL,NULL,NULL,NULL),(376,'tiji','体积','VOLUME',NULL,NULL,NULL,NULL,NULL),(377,'jifeizhongliang','计费重量','CHARGEABLE WEIGHT',NULL,NULL,NULL,NULL,NULL),(378,'kongyunshang','空运商','AIR CARRIER',NULL,NULL,NULL,NULL,NULL),(379,'haiwaifapiaohao','海外发票号','OVERSEA INVOICE NUMBER',NULL,NULL,NULL,NULL,NULL),(380,'daokushijian','到库时间','ARRIVAL TIME',NULL,NULL,NULL,NULL,NULL),(381,'hetongmaifang','合同买方','BUYER CONTRACT',NULL,NULL,NULL,NULL,NULL),(382,'hetongmaifang2','合同卖方','SELLER CONTRACT',NULL,NULL,NULL,NULL,NULL),(383,'yunshufangshi','运输方式','TRANSPORT METHODS',NULL,NULL,NULL,NULL,NULL),(384,'zhifufangshi','支付方式','WAY OF PAYMENT',NULL,NULL,NULL,NULL,NULL),(385,'shengyushuliang','剩余数量','REMAINING AMOUNT',NULL,NULL,NULL,NULL,NULL),(386,'xuanze','选择','SELECT',NULL,NULL,NULL,NULL,NULL),(387,'xitongdenglu','系统登录','SYSTEM LOGIN',NULL,NULL,NULL,NULL,NULL),(388,'denglu','登录','LOGIN',NULL,NULL,NULL,NULL,NULL),(389,'mima','密码','PASSWORD',NULL,NULL,NULL,NULL,NULL),(390,'yonghuming','用户名','USER NAME',NULL,NULL,NULL,NULL,NULL),(391,'dengluchenggong','登录成功','LOGIN SUCCESSFUL',NULL,NULL,NULL,NULL,NULL),(392,'chaxun','查询','SEARCH',NULL,NULL,NULL,NULL,NULL),(393,'querensuoxuan','确认所选','CONFIRM',NULL,NULL,NULL,NULL,NULL),(394,'zuofei','作废','DELETE',NULL,NULL,NULL,NULL,NULL),(395,'xiaoshoudanhao','销售单号','SOLD ORDER NUMBER',NULL,NULL,NULL,NULL,NULL),(396,'zhuangtai','状态','STATUS',NULL,NULL,NULL,NULL,NULL),(397,'ruku','入库','STORAGE',NULL,NULL,NULL,NULL,NULL),(398,'shenhetongguo','审核通过','PASSED',NULL,NULL,NULL,NULL,NULL),(399,'tuihui','退回','BACK',NULL,NULL,NULL,NULL,NULL),(400,'shengchengrukudan','生成入库单','GENERATE INBOUND ORDER',NULL,NULL,NULL,NULL,NULL),(401,'quxiaoshenhe','取消审核','CANCEL REVIEW',NULL,NULL,NULL,NULL,NULL),(402,'rukuriqi','入库日期','STORAGE DATE',NULL,NULL,NULL,NULL,NULL),(403,'daohuoshuliang','到货数量','ARRIVAL NUMBER',NULL,NULL,NULL,NULL,NULL),(404,'shuliangxiangfu','数量相符','MATCH NUMBERS',NULL,NULL,NULL,NULL,NULL),(405,'tishi','提示','REMINDER',NULL,NULL,NULL,NULL,NULL),(406,'order-add-warning','商品条目已经添加过了。','ADDED',NULL,NULL,NULL,NULL,NULL),(407,'confirm-order','是否确认审核订单？','CONFIRM SUBMIT REVIEW?',NULL,NULL,NULL,NULL,NULL),(408,'confirm-order-cancel','是否确认取消订单的审核状态','CONFIRM CANCEL REIVEW',NULL,NULL,NULL,NULL,NULL),(409,'dingdanwajie','订单完结','END OF ORDER',NULL,NULL,NULL,NULL,NULL),(410,'fahuoshuliang','发货数量','NUMBER OF SHIPMENTS',NULL,NULL,NULL,NULL,NULL),(411,'rukudanhao','入库单号','STORAGE NUMBER',NULL,NULL,NULL,NULL,NULL),(412,'diaochuku','调出库','ALLOCATE OUT',NULL,NULL,NULL,NULL,NULL),(413,'diaoruku','调入库','ALLOCATE IN',NULL,NULL,NULL,NULL,NULL),(414,'shenqingren','申请人','APPLICANT',NULL,NULL,NULL,NULL,NULL),(415,'diaobocaozuo','调拨操作','ALLOCATION',NULL,NULL,NULL,NULL,NULL),(416,'shenqing','申请','APPLICATION',NULL,NULL,NULL,NULL,NULL),(417,'kucunshuliang','库存数量','STOCKS QUANTITIES',NULL,NULL,NULL,NULL,NULL),(418,'diaoboshuliang','调拨数量','ALLOCATE QUANTITIES',NULL,NULL,NULL,NULL,NULL),(419,'chanpinmingcheng','产品名称','PRODUCT NAME',NULL,NULL,NULL,NULL,NULL),(420,'shenqingriqi','申请日期','APPLICATION DATE',NULL,NULL,NULL,NULL,NULL),(421,'chukuqueren','出库确认','OUTBOUND CONFIEMATION',NULL,NULL,NULL,NULL,NULL),(422,'chukushijian','出库时间','OUTBOUND TIME',NULL,NULL,NULL,NULL,NULL),(423,'diaochucangku','调出仓库','OUTBOUND WAREHOUSE',NULL,NULL,NULL,NULL,NULL),(424,'diaorucangku','调入仓库','INBOUND WAREHOUSE',NULL,NULL,NULL,NULL,NULL),(425,'rukuqueren','入库确认','STORAGE CONFIRM',NULL,NULL,NULL,NULL,NULL),(426,'rukushijian','入库时间','STORAGE TIME',NULL,NULL,NULL,NULL,NULL),(427,'quxiao','取消','CANCLE',NULL,NULL,NULL,NULL,NULL),(428,'chukushuliang','出库数量','OUTBOUND QUANTITIES',NULL,NULL,NULL,NULL,NULL),(429,'rukushuliang','入库数量','INBOUND QUANTITIES',NULL,NULL,NULL,NULL,NULL),(430,'requisition_1','请先选择调拨操作','PLEASE SELECT THE TRANSFER OPERATION FIRST',NULL,NULL,NULL,NULL,NULL),(431,'operate_fail','操作失败','FAILS',NULL,NULL,NULL,NULL,NULL),(432,'tongyidiaoru','统一调入','UNIFIED TRANSFER',NULL,NULL,NULL,NULL,NULL),(433,'xiaoshouduankou','销售端口','SALES DEPARTMENT',NULL,NULL,NULL,NULL,NULL),(434,'zongjia','总价','TOTAL PRICE',NULL,NULL,NULL,NULL,NULL),(435,'chengjiaozongjia','成交总价','FINAL PRICE',NULL,NULL,NULL,NULL,NULL),(436,'danjia','单价','UNIT PRICE',NULL,NULL,NULL,NULL,NULL),(437,'zhehoujia','折后价','PRICE AFTER DISCOUNT',NULL,NULL,NULL,NULL,NULL),(438,'jiagepipei','价格匹配','PRICE MATCH',NULL,NULL,NULL,NULL,NULL),(439,'choice_warehouse','请先选择仓库','PLEASE CHOOSE THE WAREHOUSE',NULL,NULL,NULL,NULL,NULL),(440,'xiaoshoushuliang','销售数量','SALES NUMBER',NULL,NULL,NULL,NULL,NULL),(441,'chengjiaojia','成交价','FINAL PRICE',NULL,NULL,NULL,NULL,NULL),(442,'dingdanzongjia','订单总价','ORDERS TOTAL',NULL,NULL,NULL,NULL,NULL),(443,'chanpinguanli','产品管理','PRODUCT MANAGEMENT',NULL,NULL,NULL,NULL,NULL),(444,'juese','角色','ROLE',NULL,NULL,NULL,NULL,NULL),(445,'qingkong','清空','CLEAR',NULL,NULL,NULL,NULL,NULL),(446,'chaxunjieguo','查询结果','SEARCH RESULTS',NULL,NULL,NULL,NULL,NULL),(447,'nicheng','昵称','NICKNAME',NULL,NULL,NULL,NULL,NULL),(448,'tuichu','退出','EXIT',NULL,NULL,NULL,NULL,NULL),(449,'pinleishuxing','品类属性','CATEGORY ',NULL,NULL,NULL,NULL,NULL),(450,'xiangshang','向上','UP',NULL,NULL,NULL,NULL,NULL),(451,'xiangxia','向下','DOWN',NULL,NULL,NULL,NULL,NULL),(452,'alipay','支付宝','ALIPAY',NULL,NULL,NULL,NULL,NULL),(453,'fukuanleixing','付款类型','PAYMENT TYPE',NULL,NULL,NULL,NULL,NULL),(454,'jine','金额','AMOUNTS',NULL,NULL,NULL,NULL,NULL),(455,'tianjiashoukuan','添加收款','ADD A PAYMENT',NULL,NULL,NULL,NULL,NULL),(456,'fukuanriqi','付款日期','PAID DATE',NULL,NULL,NULL,NULL,NULL),(457,'yiruzhang','已入账','ALREADY ACCOUNTED',NULL,NULL,NULL,NULL,NULL),(458,'querenfukuan','确认已付款','CONFIRM PAYMENT',NULL,NULL,NULL,NULL,NULL),(459,'confirm-payment?','确认该笔费用已经支付吗？','PAYMENT PAID?',NULL,NULL,NULL,NULL,NULL),(460,'queren','确认','CONFIRM',NULL,NULL,NULL,NULL,NULL),(461,'xiangqing','详情','DETAIL',NULL,NULL,NULL,NULL,NULL),(462,'huobiguanli','货币管理','CURRENCY MANAGEMENT',NULL,NULL,NULL,NULL,NULL),(463,'jiageshezhi','价格设置','PRICE SETUP',NULL,NULL,NULL,NULL,NULL),(464,'tijiaoren','提交人','SUBMITTER',NULL,NULL,NULL,NULL,NULL),(465,'xishu','系数',NULL,NULL,NULL,NULL,NULL,NULL),(466,'dingbu','顶部','TOP',NULL,NULL,NULL,NULL,NULL),(467,'dibu','底部','BOTTOM',NULL,NULL,NULL,NULL,NULL),(468,'chimazu','尺码组','SIZE ',NULL,NULL,NULL,NULL,NULL),(469,'chimamingxi','尺码明细','SIZE DETIALS',NULL,NULL,NULL,NULL,NULL),(470,'jiandang','建档','ARCHIVE',NULL,NULL,NULL,NULL,NULL),(471,'chun','春季','SPRING',NULL,NULL,NULL,NULL,NULL),(472,'xia','夏季','SUMMER',NULL,NULL,NULL,NULL,NULL),(473,'qiu','秋季','FALL',NULL,NULL,NULL,NULL,NULL),(474,'dong','冬季','WINTER',NULL,NULL,NULL,NULL,NULL),(475,'siji','四季','FOUR SEASON',NULL,NULL,NULL,NULL,NULL),(476,'jiageleixing','价格类型','PRICE TYPE',NULL,NULL,NULL,NULL,NULL),(477,'jiagedingyi','价格定义','PRICE DEIFINATION',NULL,NULL,NULL,NULL,NULL),(478,'jiagemingcheng','价格名称','PRICE NAME',NULL,NULL,NULL,NULL,NULL),(479,'xiaoshoushuxing','销售属性','SALES TYPE',NULL,NULL,NULL,NULL,NULL),(480,'huichuhuobi','汇出货币','EXPORT CURRENCY',NULL,NULL,NULL,NULL,NULL),(481,'huiruhuobi','汇入货币','INPORT CURRENCY',NULL,NULL,NULL,NULL,NULL),(482,'huilvguanli','汇率管理','CURRENCY MANAGEMENT',NULL,NULL,NULL,NULL,NULL),(483,'benguohuobi','本国货币','CHINESE CURRENCY',NULL,NULL,NULL,NULL,NULL),(484,'morenyuyan','默认语言','LANGUAGE',NULL,NULL,NULL,NULL,NULL),(485,'quzheng','取整','ROUNDING',NULL,NULL,NULL,NULL,NULL),(486,'kucun','库存','STOCKS',NULL,NULL,NULL,NULL,NULL),(487,'zhiliang','质量','QUALITY',NULL,NULL,NULL,NULL,NULL),(488,'shoujihao','手机号','MOBILE PHONE NO.',NULL,NULL,NULL,NULL,NULL),(489,'feiyong','费用','FEE',NULL,NULL,NULL,NULL,NULL),(490,'shengchengfahuodan','生成发货单','GENERATE INVOICE',NULL,NULL,NULL,NULL,NULL),(491,'sexi','色系','COLOR',NULL,NULL,NULL,NULL,NULL),(492,'yansemingcheng','颜色名称','COLOR NAME',NULL,NULL,NULL,NULL,NULL),(493,'paixu','排序','SEQUENCE',NULL,NULL,NULL,NULL,NULL),(494,'benguochuchangjia','本国出厂价','DOMESTIC EX-FACTORY PRICE',NULL,NULL,NULL,NULL,NULL),(495,'baifenbi','百分比','PERCENTAGE',NULL,NULL,NULL,NULL,NULL),(496,'jiancheng','简称','ABBREVIATION NAME',NULL,NULL,NULL,NULL,NULL),(497,'beilv','倍率','MARK UP',NULL,NULL,NULL,NULL,NULL),(498,'xitongmoren','系统默认','SYSTEM AUTOMATIC CONFIRM',NULL,NULL,NULL,NULL,NULL),(499,'dangqianshijian','当前时间','CURRENT TIME',NULL,NULL,NULL,NULL,NULL),(500,'shangpin','商品','ITEM',NULL,NULL,NULL,NULL,NULL),(501,'duoguoyuyanguanli','多国语言管理','MULTILINGUAL MANAGEMENT',NULL,NULL,NULL,NULL,NULL),(502,'name','名称','NAME',NULL,NULL,NULL,NULL,NULL),(503,'group','组','GROUP',NULL,NULL,NULL,NULL,NULL),(504,'groupid','组编号','GROUP CODE',NULL,NULL,NULL,NULL,NULL),(505,'permission','权限','ACCESS',NULL,NULL,NULL,NULL,NULL),(506,'permissionid','权限编号','ACCESS CODE',NULL,NULL,NULL,NULL,NULL),(507,'permission-name','权限名称','ACCESS NAME',NULL,NULL,NULL,NULL,NULL),(508,'permission-pid','上级权限',NULL,NULL,NULL,NULL,NULL,NULL),(509,'permission-module','权限-模型关联表',NULL,NULL,NULL,NULL,NULL,NULL),(510,'companyid','公司编号','COMPANY CODE',NULL,NULL,NULL,NULL,NULL),(511,'countryid','国家编号','COUNTRY CODE',NULL,NULL,NULL,NULL,NULL),(512,'storeid','仓库编号','WAREHOUSE CODE',NULL,NULL,NULL,NULL,NULL),(513,'user','用户','USER',NULL,NULL,NULL,NULL,NULL),(514,'department','部门','DEPARTMENTS',NULL,NULL,NULL,NULL,NULL),(515,'bumen','部门','DEPARTMENTS',NULL,NULL,NULL,NULL,NULL),(516,'departmentid','部门编号','DEPARTMENT CODE',NULL,NULL,NULL,NULL,NULL),(517,'department-list','部门列表','DEPARTMENT LIST',NULL,NULL,NULL,NULL,NULL),(518,'user-status','用户个人状态','USER STATUS',NULL,NULL,NULL,NULL,NULL),(519,'priceid','销售价格编号','SALES PRICE CODE',NULL,NULL,NULL,NULL,NULL),(520,'spotid','销售端口编号','SALES DEPARTMENT CODE',NULL,NULL,NULL,NULL,NULL),(521,'up_dp_id','上级部门编号','MANAGEMENT DEPARTMENT CODE',NULL,NULL,NULL,NULL,NULL),(522,'group_name','组名称','GROUP NAME',NULL,NULL,NULL,NULL,NULL),(523,'code','编码','CODE',NULL,NULL,NULL,NULL,NULL),(524,'brand-group','品类','CATEGORY',NULL,NULL,NULL,NULL,NULL),(525,'child-product-group','子品类','SUB-CATEGORY',NULL,NULL,NULL,NULL,NULL),(526,'ageseason-name','年代数字','YEAR (NUMBER)',NULL,NULL,NULL,NULL,NULL),(527,'ageseason-mark','年代英文标识','YEAR(ENGLISH)',NULL,NULL,NULL,NULL,NULL),(528,'ageseason-name-mark','年代数字、英文标识','YEAR (NUMBER, ENGLISH)',NULL,NULL,NULL,NULL,NULL),(529,'randid','随机标识','RANDOM TAG',NULL,NULL,NULL,NULL,NULL),(530,'company','公司','COMPANY',NULL,NULL,NULL,NULL,NULL),(531,'order','订单','ORDERS',NULL,NULL,NULL,NULL,NULL),(532,'orderid','订单编号','ORDER NO.',NULL,NULL,NULL,NULL,NULL),(533,'orderdetail','订单详情','ORDER DETAILES',NULL,NULL,NULL,NULL,NULL),(534,'product','商品','PRODUCTS',NULL,NULL,NULL,NULL,NULL),(535,'sizecontent','尺码','SIZES',NULL,NULL,NULL,NULL,NULL),(536,'sizecontent-content','尺码名称','SIZE NAME',NULL,NULL,NULL,NULL,NULL),(537,'sizecontent-memo','尺码简介','SIZE INSTRUCTIONS',NULL,NULL,NULL,NULL,NULL),(538,'sizetop','尺码组','SIZE GROUP',NULL,NULL,NULL,NULL,NULL),(539,'bussinesstype','订单类型','ORDER TYPE',NULL,NULL,NULL,NULL,NULL),(540,'group-keys','组赋值参数',NULL,NULL,NULL,NULL,NULL,NULL),(541,'order-params','订单参数','ORDER INDEX',NULL,NULL,NULL,NULL,NULL),(542,'makestaff','制单人','PREPARER',NULL,NULL,NULL,NULL,NULL),(543,'order-gurd-alert-message','您只能操作自己公司的订单','CAN ONLY MODIFY YOUR OWN ORDERS',NULL,NULL,NULL,NULL,NULL),(544,'confirmorder-gurd-alert-message','您只能操作自己公司的发货单','CAN ONLY MODIFY YOUR OWN INVOICES',NULL,NULL,NULL,NULL,NULL),(545,'supplierid','供货商编号','SUPPLIER CODE',NULL,NULL,NULL,NULL,NULL),(546,'sale','销售单','SALES SLIP',NULL,NULL,NULL,NULL,NULL),(547,'saleid','销售单编号','SALES SLIP CODE',NULL,NULL,NULL,NULL,NULL),(548,'saledetail','销售单详情','SALES SLIP DETAILES',NULL,NULL,NULL,NULL,NULL),(549,'memberid','会员编号','MEMBERSHIP NO.',NULL,NULL,NULL,NULL,NULL),(550,'salesstaff','销售者编号','SALESPERSON CODE',NULL,NULL,NULL,NULL,NULL),(551,'sellspotid','销售端口编号','SALES DEPARTMENT CODE',NULL,NULL,NULL,NULL,NULL),(552,'salesdetail','销售单详情','SALES SLIP DETAILES',NULL,NULL,NULL,NULL,NULL),(553,'productid','商品编号','PRODUCT CODE',NULL,NULL,NULL,NULL,NULL),(554,'sizecontentid','尺码编号','SIZE CODE',NULL,NULL,NULL,NULL,NULL),(555,'number','数量','AMOUNT',NULL,NULL,NULL,NULL,NULL),(556,'warehouse','仓库','WAREHOUSE',NULL,NULL,NULL,NULL,NULL),(557,'productstock-productid-sizecontentid-warehouseid','商品、尺码、库存记录已存在','PRODUCT, SIZE, INVENTORY ALREADY EXIST',NULL,NULL,NULL,NULL,NULL),(558,'ageseason','年代季节','SEASON',NULL,NULL,NULL,NULL,NULL),(559,'confirmorder-params','发货单参数','INVOICE INDEX',NULL,NULL,NULL,NULL,NULL),(560,'confirmorderdetail','发货单明细','INVOICE DETAILES',NULL,NULL,NULL,NULL,NULL),(561,'confirmorder','发货单','INVOICE',NULL,NULL,NULL,NULL,NULL),(562,'confirmorderid','发货单编号 ','INVOICE NO.',NULL,NULL,NULL,NULL,NULL),(563,'orderdetail-over-max-number','发货量超过了订单数量','SHIPMENTS EXCEED ORDERS',NULL,NULL,NULL,NULL,NULL),(564,'supplier','供货商','SUPPLIER',NULL,NULL,NULL,NULL,NULL),(565,'warehouseid','仓库ID','WAREHOUSE ID',NULL,NULL,NULL,NULL,NULL),(566,'member','会员','MEMBERSHIP',NULL,NULL,NULL,NULL,NULL),(567,'shoporder_common','订单','ORDERS',NULL,NULL,NULL,NULL,NULL),(568,'shoporder','子订单','SUB-ORDER',NULL,NULL,NULL,NULL,NULL),(569,'brandgroup-list','品类列表','CATEGORY LIST',NULL,NULL,NULL,NULL,NULL),(570,'childproductgroup-list','子品类列表','SUB-CATEGORY LIST',NULL,NULL,NULL,NULL,NULL),(571,'caizhi','材质','MATERIAL',NULL,NULL,NULL,NULL,NULL),(572,'url','网址','URL',NULL,NULL,NULL,NULL,NULL),(573,'product-description','商品详情','PRODUCT DETAILES',NULL,NULL,NULL,NULL,NULL),(574,'out-of-stock','库存不足','UNDERSTOCK',NULL,NULL,NULL,NULL,NULL),(575,'buycar','购物车','CART',NULL,NULL,NULL,NULL,NULL),(576,'payment-failed','付款失败','PAYMENT FAILED',NULL,NULL,NULL,NULL,NULL),(577,'password-required','密码不能为空','PASSWORD REQUIRED',NULL,NULL,NULL,NULL,NULL),(578,'password-not-equal','密码输入不一致','PASSWORD DOES NOT MATCH',NULL,NULL,NULL,NULL,NULL),(579,'password-not-correct','密码输入不正确','WRONG PASSWORD',NULL,NULL,NULL,NULL,NULL),(580,'fill-out-required-fields','请填写所有必填字段','PLEASE FILL ALL THE REQUIRED PARTS',NULL,NULL,NULL,NULL,NULL),(581,'address-exist','地址已经存在','ADDRESS ALREADY EXISTS',NULL,NULL,NULL,NULL,NULL),(582,'address-doesnot-exist','地址不存在','ADDRESS DOES NOT EXIST',NULL,NULL,NULL,NULL,NULL),(583,'mobile-invalid','手机号码不合法','INVALID PHONE NO.',NULL,NULL,NULL,NULL,NULL),(584,'params-invalid','非法操作','NOT ALLOWED',NULL,NULL,NULL,NULL,NULL),(585,'address','地址','ADDRESS',NULL,NULL,NULL,NULL,NULL),(586,'member_id','会员编号','MEMBERSHIP NUMBER',NULL,NULL,NULL,NULL,NULL),(587,'hasmany-foreign-message','正在使用，不能删除','USING DATA, CAN\'T BE DELETED',NULL,NULL,NULL,NULL,NULL),(588,'belongsto-foreign-message','记录不存在','RECORD DOES NOT EXIST',NULL,NULL,NULL,NULL,NULL),(589,'model-delete-message','请先登录','PLEASE LOGIN ',NULL,NULL,NULL,NULL,NULL),(590,'template|uniqueness','%s不能重复','ADDED',NULL,NULL,NULL,NULL,NULL),(591,'template|required','%s不能为空','REQUIRED',NULL,NULL,NULL,NULL,NULL),(592,'template|numericality','%s必须是数字','MUST BE NUMBERS',NULL,NULL,NULL,NULL,NULL),(593,'template|invalid','%s不合法','NOT ALLOWED',NULL,NULL,NULL,NULL,NULL),(594,'template|digit','%s必须是整数','NO ROUNDINGS',NULL,NULL,NULL,NULL,NULL),(595,'template|hasmany-foreign-message','正在使用，不能删除，因为有%s正在使用它','USING DATA, CAN\'T BE DELETED',NULL,NULL,NULL,NULL,NULL),(596,'template|belongsto-foreign-message','%s上不存在','DOES NOT EXIST',NULL,NULL,NULL,NULL,NULL),(597,'template|notexist','%s不存在','DOES NOT EXIST',NULL,NULL,NULL,NULL,NULL),(598,'db|add-failed','%s添加失败','ADDITION FAILED',NULL,NULL,NULL,NULL,NULL),(599,'db|save-failed','%s保存失败','SAVE FAILED',NULL,NULL,NULL,NULL,NULL),(600,'db|edit-failed','%s编辑失败','EDIT FAILED',NULL,NULL,NULL,NULL,NULL),(601,'db|delete-failed','%s删除失败','DELETE FAILED',NULL,NULL,NULL,NULL,NULL),(602,'db|add-success','%s添加成功','SAVED',NULL,NULL,NULL,NULL,NULL),(603,'db|save-success','%s保存成功','SAVED',NULL,NULL,NULL,NULL,NULL),(604,'db|edit-success','%s编辑成功','EDIT SUCCESSFUL',NULL,NULL,NULL,NULL,NULL),(605,'db|delete-success','%s删除成功','DELETED',NULL,NULL,NULL,NULL,NULL),(606,'list|gender|1','男士','GENTLEMAN',NULL,NULL,NULL,NULL,NULL),(607,'list|gender|2','女士','LADY',NULL,NULL,NULL,NULL,NULL),(608,'list|gender|3','中性','UNISEX',NULL,NULL,NULL,NULL,NULL),(609,'list|gender|4','男童','BOY',NULL,NULL,NULL,NULL,NULL),(610,'list|gender|5','女童','GIRL',NULL,NULL,NULL,NULL,NULL),(611,'list|gender|6','儿童','KID',NULL,NULL,NULL,NULL,NULL),(612,'list|gender2|1','男','MAN',NULL,NULL,NULL,NULL,NULL),(613,'list|gender2|0','女','WOMAN',NULL,NULL,NULL,NULL,NULL),(614,'list|season|1','春季','SPRING',NULL,NULL,NULL,NULL,NULL),(615,'list|season|2','夏季','SUMMER',NULL,NULL,NULL,NULL,NULL),(616,'list|season|3','秋季','FALL',NULL,NULL,NULL,NULL,NULL),(617,'list|season|4','冬季','WINTER',NULL,NULL,NULL,NULL,NULL),(618,'list|season|5','四季','FOUR SEASONS',NULL,NULL,NULL,NULL,NULL),(619,'list|bussinesstype|1','期货','FUTURES',NULL,NULL,NULL,NULL,NULL),(620,'list|bussinesstype|2','现货','SPOT GOODS',NULL,NULL,NULL,NULL,NULL),(621,'list|formtype|1','男款','MAN',NULL,NULL,NULL,NULL,NULL),(622,'list|formtype|2','女款','WOMAN',NULL,NULL,NULL,NULL,NULL),(623,'list|formtype|3','男/女款','MAN/WOMAN',NULL,NULL,NULL,NULL,NULL),(624,'list|orderproperty|1','自采',NULL,NULL,NULL,NULL,NULL,NULL),(625,'list|orderproperty|2','代销','SOLD BY AGENT',NULL,NULL,NULL,NULL,NULL),(626,'list|pickingtype|1','自提','PICK-UP',NULL,NULL,NULL,NULL,NULL),(627,'list|pickingtype|2','快递','EXPRESS',NULL,NULL,NULL,NULL,NULL),(628,'list|pickingtype|3','店铺直发','SHIP BY STORE',NULL,NULL,NULL,NULL,NULL),(629,'list|expresspaidtype|1','预付','PREPAY',NULL,NULL,NULL,NULL,NULL),(630,'list|expresspaidtype|2','到付','AFTER PAY',NULL,NULL,NULL,NULL,NULL),(631,'list|expresspaidtype|3','第三方付费','THIRD PARTY PAYMENT',NULL,NULL,NULL,NULL,NULL),(632,'list|transporttype|1','BY AIR','BY AIR',NULL,NULL,NULL,NULL,NULL),(633,'list|transporttype|2','快递','EXPRESS',NULL,NULL,NULL,NULL,NULL),(634,'list|paytype|1','T/T','T/T',NULL,NULL,NULL,NULL,NULL),(635,'list|paytype|2','L/C','L/C',NULL,NULL,NULL,NULL,NULL),(636,'list|salestatus|0','预售','PRE-ORDER',NULL,NULL,NULL,NULL,NULL),(637,'list|salestatus|1','已售','SOLD',NULL,NULL,NULL,NULL,NULL),(638,'list|salestatus|2','作废','DELET',NULL,NULL,NULL,NULL,NULL),(639,'list|ordertatus|1','保存','SAVE',NULL,NULL,NULL,NULL,NULL),(640,'list|ordertatus|2','待审核','REVIEWING',NULL,NULL,NULL,NULL,NULL),(641,'list|ordertatus|3','审核','APPROVING',NULL,NULL,NULL,NULL,NULL),(642,'list|ordertatus|4','作废','DELETE',NULL,NULL,NULL,NULL,NULL),(643,'list|requisitiontype|1','统一调出','UNIFIED TRANSFER OUT',NULL,NULL,NULL,NULL,NULL),(644,'list|requisitiontype|2','统一调入','UNIFIED TRANSFER IN',NULL,NULL,NULL,NULL,NULL),(645,'list|requisitiontype|3','一对一调拨','ONE-TO-ONE TRANSFER',NULL,NULL,NULL,NULL,NULL),(646,'list|requisitionstatus|1','出库拒绝','OUTBOUND DENIED',NULL,NULL,NULL,NULL,NULL),(647,'list|requisitionstatus|2','出库待确认','OUTBOUND REVIEWING',NULL,NULL,NULL,NULL,NULL),(648,'list|requisitionstatus|3','在途','ON ITS WAY',NULL,NULL,NULL,NULL,NULL),(649,'list|requisitionstatus|4','入库拒绝','INBOUND DENIED',NULL,NULL,NULL,NULL,NULL),(650,'list|requisitionstatus|5','完成','DONE',NULL,NULL,NULL,NULL,NULL),(651,'list|warehouserole|1','管理员','ADMIN',NULL,NULL,NULL,NULL,NULL),(652,'list|warehouserole|2','销售','SALE',NULL,NULL,NULL,NULL,NULL),(653,'list|suppliertype|0','供货商','SUPPLIER',NULL,NULL,NULL,NULL,NULL),(654,'list|suppliertype|1','物流','LOGISTICS',NULL,NULL,NULL,NULL,NULL),(655,'list|suppliertype|2','客户','CLIENTS',NULL,NULL,NULL,NULL,NULL),(656,'list|suppliertype|3','其他','OTHERS',NULL,NULL,NULL,NULL,NULL),(657,'list|paymenttype|1','定金','DOWN PAYMENT',NULL,NULL,NULL,NULL,NULL),(658,'list|paymenttype|2','货款','TOTAL AMOUNT',NULL,NULL,NULL,NULL,NULL),(659,'list|pricetype|1','零售价','SALES PRICE',NULL,NULL,NULL,NULL,NULL),(660,'list|pricetype|2','批发价','WHOLESALE PRICE',NULL,NULL,NULL,NULL,NULL),(661,'list|pricetype|3','电商价','E-COMMERCE PRICE',NULL,NULL,NULL,NULL,NULL),(662,'list|pricetype|4','期货价','FUTURE PRICE',NULL,NULL,NULL,NULL,NULL),(663,'list|pricetype|5','折扣价','DISCOUNT PRICE',NULL,NULL,NULL,NULL,NULL),(664,'list|pricetype|6','清仓价','CLEARANCE PRICE',NULL,NULL,NULL,NULL,NULL),(665,'list|pricefilter|1','个位取整','ROUND TO UNITS',NULL,NULL,NULL,NULL,NULL),(666,'list|pricefilter|2','十位取整','ROUND TO TENS',NULL,NULL,NULL,NULL,NULL),(667,'list|pricefilter|3','不取整','NO ROUNDINGS',NULL,NULL,NULL,NULL,NULL),(668,'list|defectivelevel|0','合格','ELIGIBLE',NULL,NULL,NULL,NULL,NULL),(669,'list|defectivelevel|1','残次品','DEFECTIVE GOODS',NULL,NULL,NULL,NULL,NULL),(670,'yingwendizhi','英文地址',NULL,NULL,NULL,NULL,NULL,NULL),(671,'kehuleixing','客户类型',NULL,NULL,NULL,NULL,NULL,NULL),(672,'quedingshanchu','确定删除吗？',NULL,NULL,NULL,NULL,NULL,NULL),(673,'lingshoubi','零售比',NULL,NULL,NULL,NULL,NULL,NULL),(674,'cankaobeilv','参考倍率',NULL,NULL,NULL,NULL,NULL,NULL),(675,'qiye','企业',NULL,NULL,NULL,NULL,NULL,NULL),(676,'shouhuoren','收货人',NULL,NULL,NULL,NULL,NULL,NULL),(677,'dingdanguanli','订单管理',NULL,NULL,NULL,NULL,NULL,NULL),(678,'xinjiandingdan','新建订单',NULL,NULL,NULL,NULL,NULL,NULL),(679,'dingdan','订单',NULL,NULL,NULL,NULL,NULL,NULL),(680,'rukudanguanli','入库单管理',NULL,NULL,NULL,NULL,NULL,NULL),(681,'list|customtype|0','个人',NULL,NULL,NULL,NULL,NULL,NULL),(682,'list|customtype|1','企业',NULL,NULL,NULL,NULL,NULL,NULL),(683,'fahuoshang','发货商',NULL,NULL,NULL,NULL,NULL,NULL),(684,'dinghuoriqi','订货日期',NULL,NULL,NULL,NULL,NULL,NULL),(685,'zhekoulv','折扣率',NULL,NULL,NULL,NULL,NULL,NULL),(686,'tuishuilv','退税率',NULL,NULL,NULL,NULL,NULL,NULL),(687,'kehudingdanhao','客户订单号',NULL,NULL,NULL,NULL,NULL,NULL),(688,'gongsidingdanhao','公司订单号',NULL,NULL,NULL,NULL,NULL,NULL),(689,'nannv','男/女',NULL,NULL,NULL,NULL,NULL,NULL),(690,'shengfen','省份',NULL,NULL,NULL,NULL,NULL,NULL),(691,'zuoji','座机',NULL,NULL,NULL,NULL,NULL,NULL),(692,'piliangxuanze','批量选择',NULL,NULL,NULL,NULL,NULL,NULL),(693,'pinpaidingdan','品牌订单',NULL,NULL,NULL,NULL,NULL,NULL),(694,'shengchengpinpaidingdan','生成品牌订单',NULL,NULL,NULL,NULL,NULL,NULL),(695,'heji','合计',NULL,NULL,NULL,NULL,NULL,NULL),(696,'salesdate-required','销售时间条件不能为空',NULL,NULL,NULL,NULL,NULL,NULL),(697,'datetime-invalid','时间格式不正确',NULL,NULL,NULL,NULL,NULL,NULL),(698,'date-required','请选择日期',NULL,NULL,NULL,NULL,NULL,NULL),(699,'list|salestatus|3','预售',NULL,NULL,NULL,NULL,NULL,NULL),(700,'list|suppliertype|4','供货商',NULL,NULL,NULL,NULL,NULL,NULL),(701,'list|defectivelevel|2','合格',NULL,NULL,NULL,NULL,NULL,NULL),(702,'list|customtype|2','个人',NULL,NULL,NULL,NULL,NULL,NULL);

/*Table structure for table `tb_material` */

DROP TABLE IF EXISTS `tb_material`;

CREATE TABLE `tb_material` (
  `id` int(10) unsigned NOT NULL AUTO_INCREMENT COMMENT '主键id',
  `name_cn` varchar(100) DEFAULT NULL COMMENT '中文名称',
  `name_en` varchar(100) DEFAULT NULL COMMENT '英文名称',
  `name_hk` varchar(100) DEFAULT NULL COMMENT '粤语名称',
  `name_fr` varchar(100) DEFAULT NULL COMMENT '法语名称',
  `name_it` varchar(100) DEFAULT NULL COMMENT '意大利语名称',
  `name_sp` varchar(100) DEFAULT NULL COMMENT '西班牙语名称',
  `name_de` varchar(100) DEFAULT NULL COMMENT '德语名称',
  `code` varchar(20) DEFAULT NULL,
  PRIMARY KEY (`id`)
) ENGINE=InnoDB AUTO_INCREMENT=270 DEFAULT CHARSET=utf8mb4 COMMENT='材质';

/*Data for the table `tb_material` */

insert  into `tb_material`(`id`,`name_cn`,`name_en`,`name_hk`,`name_fr`,`name_it`,`name_sp`,`name_de`,`code`) values (1,'绒毛','',NULL,NULL,NULL,NULL,NULL,'RM'),(2,'合成材质','',NULL,NULL,NULL,NULL,NULL,'HCCZ'),(3,'炭素纤维','',NULL,NULL,NULL,NULL,NULL,'TSQW'),(4,'注塑','',NULL,NULL,NULL,NULL,NULL,'ZS'),(5,'陶瓷','',NULL,NULL,NULL,NULL,NULL,'TC'),(6,'棉毛','',NULL,NULL,NULL,NULL,NULL,'MM'),(7,'木制','',NULL,NULL,NULL,NULL,NULL,'M'),(9,'银','',NULL,NULL,NULL,NULL,NULL,'Y'),(10,'鹅毛','',NULL,NULL,NULL,NULL,NULL,'EM'),(11,'骆驼绒','',NULL,NULL,NULL,NULL,NULL,'LTR'),(12,'羊驼绒','',NULL,NULL,NULL,NULL,NULL,'YTR'),(13,'珍珠鱼皮','',NULL,NULL,NULL,NULL,NULL,'ZZYP'),(14,'禁用/环氧树脂','',NULL,NULL,NULL,NULL,NULL,'HYSZ'),(15,'缟玛瑙','55',NULL,NULL,NULL,NULL,NULL,'GMN'),(17,'未知AAAA','',NULL,NULL,NULL,NULL,NULL,'WZ'),(18,'橡胶皮革','',NULL,NULL,NULL,NULL,NULL,'XJPG'),(19,'牛毛皮','',NULL,NULL,NULL,NULL,NULL,'NMP'),(20,'羽绒','',NULL,NULL,NULL,NULL,NULL,'YR'),(21,'糖','ABC',NULL,NULL,NULL,NULL,NULL,'T'),(25,'腈纶','ACRYLIC',NULL,NULL,NULL,NULL,NULL,'QL'),(26,'人造皮毛/晴纶','ACRYLIQUE',NULL,NULL,NULL,NULL,NULL,'RZPM'),(27,'磨毛棉','AF',NULL,NULL,NULL,NULL,NULL,'MMM'),(28,'羊驼毛','ALPACA(WP)',NULL,NULL,NULL,NULL,NULL,'YTM'),(32,'竹纤维','Bamboo',NULL,NULL,NULL,NULL,NULL,'ZXW'),(33,'铜','BRASS',NULL,NULL,NULL,NULL,NULL,'T'),(34,'水牛皮','BUFFALO',NULL,NULL,NULL,NULL,NULL,'SNP'),(35,'牛皮','CALF',NULL,NULL,NULL,NULL,NULL,'NP'),(36,'狼毛','CANIS LATRANS',NULL,NULL,NULL,NULL,NULL,'LM'),(37,'金银线','CANNETILLE',NULL,NULL,NULL,NULL,NULL,'jyx'),(38,'帆布','CANVAS',NULL,NULL,NULL,NULL,NULL,'FB'),(40,'羊绒','Cashmere',NULL,NULL,NULL,NULL,NULL,'YR'),(41,'山羊绒','CASHMERE',NULL,NULL,NULL,NULL,NULL,'YR'),(42,'涂层帆布','Coated Canvas',NULL,NULL,NULL,NULL,NULL,'TCFB'),(43,'涂层棉布','COATED COTTON',NULL,NULL,NULL,NULL,NULL,'TCMB'),(44,'兔毛','CONY HAIR',NULL,NULL,NULL,NULL,NULL,'TM'),(45,'果实纽扣','COROZO BOTTON',NULL,NULL,NULL,NULL,NULL,'GSJK'),(46,'棉','COTTON',NULL,NULL,NULL,NULL,NULL,'M'),(47,'牛皮革','cow leather',NULL,NULL,NULL,NULL,NULL,'NPG'),(48,'郊狼毛皮','COYOTE FUR',NULL,NULL,NULL,NULL,NULL,'JLMP'),(49,'鳄鱼皮','CROCODILE LEATHER',NULL,NULL,NULL,NULL,NULL,'EYP'),(50,'凯门鳄','crocodilus',NULL,NULL,NULL,NULL,NULL,'KME'),(51,'水晶','CRYSTAL',NULL,NULL,NULL,NULL,NULL,'SJ'),(52,'铜氨纤维','CUPRO',NULL,NULL,NULL,NULL,NULL,'TAXW'),(53,'鹿皮','DEER SKIN',NULL,NULL,NULL,NULL,NULL,'LP'),(54,'特拉纶','DRALON',NULL,NULL,NULL,NULL,NULL,'TLL'),(55,'绒毛','',NULL,NULL,NULL,NULL,NULL,'RM'),(56,'合成材质','44',NULL,NULL,NULL,NULL,NULL,'HCCZ'),(57,'炭素纤维','',NULL,NULL,NULL,NULL,NULL,'TSQW'),(58,'注塑','',NULL,NULL,NULL,NULL,NULL,'ZS'),(59,'陶瓷','',NULL,NULL,NULL,NULL,NULL,'TC'),(60,'棉毛','',NULL,NULL,NULL,NULL,NULL,'MM'),(61,'木制','',NULL,NULL,NULL,NULL,NULL,'M'),(63,'银','',NULL,NULL,NULL,NULL,NULL,'Y'),(64,'鹅毛','',NULL,NULL,NULL,NULL,NULL,'EM'),(66,'羊驼绒','',NULL,NULL,NULL,NULL,NULL,'YTR'),(67,'珍珠鱼皮','',NULL,NULL,NULL,NULL,NULL,'ZZYP'),(68,'禁用/环氧树脂','',NULL,NULL,NULL,NULL,NULL,'HYSZ'),(69,'缟玛瑙','',NULL,NULL,NULL,NULL,NULL,'GMN'),(71,'未知AAAA','',NULL,NULL,NULL,NULL,NULL,'WZ'),(72,'橡胶皮革','',NULL,NULL,NULL,NULL,NULL,'XJPG'),(73,'牛毛皮','',NULL,NULL,NULL,NULL,NULL,'NMP'),(74,'羽绒','',NULL,NULL,NULL,NULL,NULL,'YR'),(75,'糖','ABC',NULL,NULL,NULL,NULL,NULL,'T'),(79,'腈纶','ACRYLIC',NULL,NULL,NULL,NULL,NULL,'QL'),(80,'人造皮毛/晴纶','ACRYLIQUE',NULL,NULL,NULL,NULL,NULL,'RZPM'),(81,'磨毛棉','AF',NULL,NULL,NULL,NULL,NULL,'MMM'),(82,'羊驼毛','ALPACA(WP)',NULL,NULL,NULL,NULL,NULL,'YTM'),(85,'安哥拉兔毛','ANGORA','1',NULL,'1',NULL,NULL,'AGLTM1'),(86,'竹纤维','Bamboo',NULL,NULL,NULL,NULL,NULL,'ZXW'),(87,'铜','BRASS',NULL,NULL,NULL,NULL,NULL,'T'),(88,'水牛皮','BUFFALO',NULL,NULL,NULL,NULL,NULL,'SNP'),(89,'牛皮','CALF',NULL,NULL,NULL,NULL,NULL,'NP'),(90,'狼毛','CANIS LATRANS',NULL,NULL,NULL,NULL,NULL,'LM'),(91,'金银线','CANNETILLE',NULL,NULL,NULL,NULL,NULL,'jyx'),(92,'帆布','CANVAS',NULL,NULL,NULL,NULL,NULL,'FB'),(94,'羊绒','Cashmere',NULL,NULL,NULL,NULL,NULL,'YR'),(95,'山羊绒','CASHMERE',NULL,NULL,NULL,NULL,NULL,'YR'),(96,'涂层帆布','Coated Canvas',NULL,NULL,NULL,NULL,NULL,'TCFB'),(97,'涂层棉布','COATED COTTON',NULL,NULL,NULL,NULL,NULL,'TCMB'),(98,'兔毛','CONY HAIR',NULL,NULL,NULL,NULL,NULL,'TM'),(99,'果实纽扣','COROZO BOTTON',NULL,NULL,NULL,NULL,NULL,'GSJK'),(100,'棉','COTTON',NULL,NULL,NULL,NULL,NULL,'M'),(101,'牛皮革','cow leather',NULL,NULL,NULL,NULL,NULL,'NPG'),(102,'郊狼毛皮','COYOTE FUR',NULL,NULL,NULL,NULL,NULL,'JLMP'),(103,'鳄鱼皮','CROCODILE LEATHER',NULL,NULL,NULL,NULL,NULL,'EYP'),(104,'凯门鳄','crocodilus',NULL,NULL,NULL,NULL,NULL,'KME'),(105,'水晶','CRYSTAL',NULL,NULL,NULL,NULL,NULL,'SJ'),(106,'铜氨纤维','CUPRO',NULL,NULL,NULL,NULL,NULL,'TAXW'),(107,'鹿皮','DEER SKIN',NULL,NULL,NULL,NULL,NULL,'LP'),(108,'特拉纶','DRALON',NULL,NULL,NULL,NULL,NULL,'TLL'),(109,'绒毛','',NULL,NULL,NULL,NULL,NULL,'RM'),(110,'合成材质','',NULL,NULL,NULL,NULL,NULL,'HCCZ'),(111,'炭素纤维','',NULL,NULL,NULL,NULL,NULL,'TSQW'),(112,'注塑','',NULL,NULL,NULL,NULL,NULL,'ZS'),(113,'陶瓷','',NULL,NULL,NULL,NULL,NULL,'TC'),(114,'棉毛','',NULL,NULL,NULL,NULL,NULL,'MM'),(115,'木制','',NULL,NULL,NULL,NULL,NULL,'M'),(116,'板材','',NULL,NULL,NULL,NULL,NULL,'BC'),(117,'银','',NULL,NULL,NULL,NULL,NULL,'Y'),(118,'鹅毛','',NULL,NULL,NULL,NULL,NULL,'EM'),(120,'羊驼绒','',NULL,NULL,NULL,NULL,NULL,'YTR'),(121,'珍珠鱼皮','',NULL,NULL,NULL,NULL,NULL,'ZZYP'),(122,'禁用/环氧树脂','',NULL,NULL,NULL,NULL,NULL,'HYSZ'),(123,'缟玛瑙','',NULL,NULL,NULL,NULL,NULL,'GMN'),(124,'白鸭绒','wa',NULL,NULL,NULL,NULL,NULL,'BYR'),(125,'未知AAAA','',NULL,NULL,NULL,NULL,NULL,'WZ'),(126,'橡胶皮革','',NULL,NULL,NULL,NULL,NULL,'XJPG'),(127,'牛毛皮','',NULL,NULL,NULL,NULL,NULL,'NMP'),(128,'羽绒','',NULL,NULL,NULL,NULL,NULL,'YR'),(129,'糖','ABC',NULL,NULL,NULL,NULL,NULL,'T'),(130,'醋酸纤维','ACETATE FIBER',NULL,NULL,NULL,NULL,NULL,'CSXW'),(131,'丙烯酸纤维','ACRILICA',NULL,NULL,NULL,NULL,NULL,'BXS'),(132,'压克力','Acryl',NULL,NULL,NULL,NULL,NULL,'Acryl'),(133,'腈纶','ACRYLIC',NULL,NULL,NULL,NULL,NULL,'QL'),(134,'人造皮毛/晴纶','ACRYLIQUE',NULL,NULL,NULL,NULL,NULL,'RZPM'),(135,'磨毛棉','AF',NULL,NULL,NULL,NULL,NULL,'MMM'),(136,'羊驼毛','ALPACA(WP)',NULL,NULL,NULL,NULL,NULL,'YTM'),(137,'奥特纤维','altre fibre',NULL,NULL,NULL,NULL,NULL,'ATQW'),(138,'铝','Aluminum',NULL,NULL,NULL,NULL,NULL,'AI'),(140,'竹纤维','Bamboo',NULL,NULL,NULL,NULL,NULL,'ZXW'),(141,'铜','BRASS',NULL,NULL,NULL,NULL,NULL,'T'),(142,'水牛皮','BUFFALO',NULL,NULL,NULL,NULL,NULL,'SNP'),(143,'牛皮','CALF',NULL,NULL,NULL,NULL,NULL,'NP'),(144,'狼毛','CANIS LATRANS',NULL,NULL,NULL,NULL,NULL,'LM'),(145,'金银线','CANNETILLE',NULL,NULL,NULL,NULL,NULL,'jyx'),(146,'帆布','CANVAS',NULL,NULL,NULL,NULL,NULL,'FB'),(147,'人造帆布','CANVAS',NULL,NULL,NULL,NULL,NULL,'CA'),(148,'羊绒','Cashmere',NULL,NULL,NULL,NULL,NULL,'YR'),(149,'山羊绒','CASHMERE',NULL,NULL,NULL,NULL,NULL,'YR'),(150,'涂层帆布','Coated Canvas',NULL,NULL,NULL,NULL,NULL,'TCFB'),(151,'涂层棉布','COATED COTTON',NULL,NULL,NULL,NULL,NULL,'TCMB'),(152,'兔毛','CONY HAIR',NULL,NULL,NULL,NULL,NULL,'TM'),(153,'果实纽扣','COROZO BOTTON',NULL,NULL,NULL,NULL,NULL,'GSJK'),(154,'棉','COTTON',NULL,NULL,NULL,NULL,NULL,'M'),(155,'牛皮革','cow leather',NULL,NULL,NULL,NULL,NULL,'NPG'),(156,'郊狼毛皮','COYOTE FUR',NULL,NULL,NULL,NULL,NULL,'JLMP'),(157,'鳄鱼皮','CROCODILE LEATHER',NULL,NULL,NULL,NULL,NULL,'EYP'),(158,'凯门鳄','crocodilus',NULL,NULL,NULL,NULL,NULL,'KME'),(159,'水晶','CRYSTAL',NULL,NULL,NULL,NULL,NULL,'SJ'),(160,'铜氨纤维','CUPRO',NULL,NULL,NULL,NULL,NULL,'TAXW'),(161,'鹿皮','DEER SKIN',NULL,NULL,NULL,NULL,NULL,'LP'),(162,'特拉纶','DRALON',NULL,NULL,NULL,NULL,NULL,'TLL'),(163,'鸭绒','DUCK DOWN',NULL,NULL,NULL,NULL,NULL,'YR'),(164,'羽毛','DUCK FEATHER',NULL,NULL,NULL,NULL,NULL,'YM'),(165,'聚氨酯弹性纤维','ELASTAN',NULL,NULL,NULL,NULL,NULL,'JAZTXXW'),(166,'弹性纤维','ELASTIC FIBERS',NULL,NULL,NULL,NULL,NULL,'TXXW'),(167,'弹性多聚酯纤维','ELASTOMUL TIESTER',NULL,NULL,NULL,NULL,NULL,'TXDJZXW'),(168,'珐琅','enamel',NULL,NULL,NULL,NULL,NULL,'FL'),(169,'环氧树脂','EPOXY RESIN',NULL,NULL,NULL,NULL,NULL,'HYSZ'),(170,'金属纤维','FIBRA METALLIZED',NULL,NULL,NULL,NULL,NULL,'JSXW'),(171,'纤维','FIBRE',NULL,NULL,NULL,NULL,NULL,'XW'),(172,'亚麻','FLAX',NULL,NULL,NULL,NULL,NULL,'YM'),(173,'狐狸毛','FOX FUR',NULL,NULL,NULL,NULL,NULL,'HLM'),(174,'玻璃纤维','GLASS FIBRE',NULL,NULL,NULL,NULL,NULL,'BLXW'),(175,'金','GOLD',NULL,NULL,NULL,NULL,NULL,'GOLD'),(176,'鹅绒','GOOSE DOWN',NULL,NULL,NULL,NULL,NULL,'ER'),(177,'马毛','HORSEHAIR MATERIAL',NULL,NULL,NULL,NULL,NULL,'MM'),(178,'马皮','HORSEHIDE',NULL,NULL,NULL,NULL,NULL,'MP'),(179,'日本传统手工纸纤维','JAPANESE PAPER',NULL,NULL,NULL,NULL,NULL,'RBZXW'),(180,'黄麻','JUTE',NULL,NULL,NULL,NULL,NULL,'HM'),(181,'开司米','KASHMIR',NULL,NULL,NULL,NULL,NULL,'KSM'),(182,'羔羊毛','LAMB',NULL,NULL,NULL,NULL,NULL,'GYM'),(183,'羔羊皮','LAMB SKIN',NULL,NULL,NULL,NULL,NULL,'gyp'),(184,'拉娜美利奴羊毛','LANA MERINO MERINO WOOL',NULL,NULL,NULL,NULL,NULL,'LNMLNYM'),(185,'皮','LEATHER',NULL,NULL,NULL,NULL,NULL,'P'),(186,'麻','LINEN',NULL,NULL,NULL,NULL,NULL,'M'),(187,'蜥蜴皮','LIZARD LEATHER',NULL,NULL,NULL,NULL,NULL,'XYP'),(188,'莱卡','LYCRA',NULL,NULL,NULL,NULL,NULL,'LK'),(189,'莱赛尔纤维','LYOCELL',NULL,NULL,NULL,NULL,NULL,'LSE'),(190,'纤维素纤维','LYOCELL',NULL,NULL,NULL,NULL,NULL,'XWSXW'),(191,'溶解性纤维','Lyocell',NULL,NULL,NULL,NULL,NULL,'RJXXW'),(192,'薄棉布','MADRAS',NULL,NULL,NULL,NULL,NULL,'BMB'),(193,'枫木','MAPLE',NULL,NULL,NULL,NULL,NULL,'FM'),(194,'貂毛','MARTEN HAIR',NULL,NULL,NULL,NULL,NULL,'DM'),(195,'马特拉塞凸纹布','MATELASSE',NULL,NULL,NULL,NULL,NULL,'MTLS'),(196,'美利奴羊毛','MERINO WOOL',NULL,NULL,NULL,NULL,NULL,'MLNYM'),(197,'金属','METAL',NULL,NULL,NULL,NULL,NULL,'JS'),(198,'合金','METAL',NULL,NULL,NULL,NULL,NULL,'HJ'),(199,'金属涂层纤维','metallized fibre',NULL,NULL,NULL,NULL,NULL,'JTXW'),(200,'水貂','MINK FUR',NULL,NULL,NULL,NULL,NULL,'SD'),(201,'美耐底','MND',NULL,NULL,NULL,NULL,NULL,'MND'),(202,'腈氯綸','MODACRYLIC',NULL,NULL,NULL,NULL,NULL,'MA'),(203,'莫代尔','MODAL',NULL,NULL,NULL,NULL,NULL,'MDE'),(204,'马海毛','MOHAIR',NULL,NULL,NULL,NULL,NULL,'MHM'),(205,'牛仔布','niuzaibu',NULL,NULL,NULL,NULL,NULL,'NZB'),(206,'貉子毛','NYCTEREUTES PROCYONOIDES',NULL,NULL,NULL,NULL,NULL,'HZM'),(207,'尼龙','NYLON',NULL,NULL,NULL,NULL,NULL,'NL'),(208,'鸵鸟皮','OSTRICH LEATHER',NULL,NULL,NULL,NULL,NULL,'TNP'),(209,'其它','OTHER',NULL,NULL,NULL,NULL,NULL,'QT'),(210,'塑料','PA',NULL,NULL,NULL,NULL,NULL,'SL'),(211,'稻草','PAILLE',NULL,NULL,NULL,NULL,NULL,'DC'),(212,'纸','paper',NULL,NULL,NULL,NULL,NULL,'PAPER'),(213,'毛绒/长毛绒','PELUCHE',NULL,NULL,NULL,NULL,NULL,'MR/CMR'),(214,'猪皮','PIGSKIN',NULL,NULL,NULL,NULL,NULL,'ZP'),(215,'聚烯经','PO',NULL,NULL,NULL,NULL,NULL,'JXJ'),(216,'涤纶','POLISETERE',NULL,NULL,NULL,NULL,NULL,'DL'),(217,'腈纶开司米','POLYAKRYL',NULL,NULL,NULL,NULL,NULL,'QLKSM'),(218,'锦纶','Polyamide',NULL,NULL,NULL,NULL,NULL,'JL'),(219,'聚酰胺','POLYAMIDE',NULL,NULL,NULL,NULL,NULL,'JXA'),(220,'聚碳酸酯','POLYCARBONATE(PC)',NULL,NULL,NULL,NULL,NULL,'JTSZ'),(221,'聚酯纤维','POLYESTER',NULL,NULL,NULL,NULL,NULL,'JZXW'),(222,'涤纶金属丝','POLYESTER METAL',NULL,NULL,NULL,NULL,NULL,'DLJSS'),(223,'金属聚酯纤维','POLYESTER METALLISED',NULL,NULL,NULL,NULL,NULL,'jsjz'),(224,'聚醚','POLYETHER',NULL,NULL,NULL,NULL,NULL,'JM'),(225,'聚乙烯/丙纶','POLYETHYLENE',NULL,NULL,NULL,NULL,NULL,'JYX'),(226,'聚丙烯','POLYPROPYLENE(PP)',NULL,NULL,NULL,NULL,NULL,'JBXQ'),(227,'聚苯乙烯','POLYSTYRENE',NULL,NULL,NULL,NULL,NULL,'PS'),(228,'聚氨酯','POLYURETHANE(PU)',NULL,NULL,NULL,NULL,NULL,'JAZ'),(229,'维纶','POLYVINYL',NULL,NULL,NULL,NULL,NULL,'WL'),(230,'PU','PU',NULL,NULL,NULL,NULL,NULL,'PU'),(231,'聚氯乙烯','PVC',NULL,NULL,NULL,NULL,NULL,'JLYX'),(232,'PVC','PVC',NULL,NULL,NULL,NULL,NULL,'PVC'),(233,'兔毛皮','RABBIT FUR',NULL,NULL,NULL,NULL,NULL,'TMP'),(234,'浣熊毛','RACCOON',NULL,NULL,NULL,NULL,NULL,'HX'),(235,'人造丝','RAYON',NULL,NULL,NULL,NULL,NULL,'RZS'),(236,'树脂','RESINA',NULL,NULL,NULL,NULL,NULL,'SZ'),(237,'橡胶','RUBBER',NULL,NULL,NULL,NULL,NULL,'RUBBER'),(238,'橡胶','RUBBER',NULL,NULL,NULL,NULL,NULL,'XJ'),(239,'人造纤维','RZXW',NULL,NULL,NULL,NULL,NULL,'RZXW'),(240,'绸缎','SATIN',NULL,NULL,NULL,NULL,NULL,'SD'),(241,'剪绒','SHEARLING',NULL,NULL,NULL,NULL,NULL,'JR'),(242,'硅胶','SILICONE',NULL,NULL,NULL,NULL,NULL,'GJ'),(243,'桑蚕丝','SILK',NULL,NULL,NULL,NULL,NULL,'SCS'),(244,'禁用/桑蚕丝','SILK',NULL,NULL,NULL,NULL,NULL,'SI'),(245,'银','SILVER',NULL,NULL,NULL,NULL,NULL,'SILVER'),(246,'蛇皮','SNAKE',NULL,NULL,NULL,NULL,NULL,'SP'),(247,'氨纶','SPANDEX',NULL,NULL,NULL,NULL,NULL,'AL'),(248,'不锈钢','STAINLESS STEEL',NULL,NULL,NULL,NULL,NULL,'BXG'),(249,'钢','STEEL',NULL,NULL,NULL,NULL,NULL,'G'),(250,'玻璃','STRASS',NULL,NULL,NULL,NULL,NULL,'BL'),(251,'秸秆','straw',NULL,NULL,NULL,NULL,NULL,'straw'),(252,'羊皮','SUEDE',NULL,NULL,NULL,NULL,NULL,'YP'),(253,'山羊皮','SUEDE',NULL,NULL,NULL,NULL,NULL,'SYP'),(254,'施华洛世奇水晶','SWAROVSKI CRYSTAL',NULL,NULL,NULL,NULL,NULL,'SHLSQ-SJ'),(255,'合成皮革','SYNTHETIC LEATHER',NULL,NULL,NULL,NULL,NULL,'HCG'),(256,'天丝纤维','TENCEL',NULL,NULL,NULL,NULL,NULL,'TSXW'),(257,'织物','TEXTILE',NULL,NULL,NULL,NULL,NULL,'ZW'),(258,'三醋酯纤维','TRIACETATE',NULL,NULL,NULL,NULL,NULL,'SCZXW'),(259,'醋酯纤维','TRIACETATE',NULL,NULL,NULL,NULL,NULL,'CZXW'),(260,'丝绒','VELVET',NULL,NULL,NULL,NULL,NULL,'SR'),(261,'初剪羊毛','VIRGIN WOOL',NULL,NULL,NULL,NULL,NULL,'CJYM'),(262,'粘胶纤维','VISCOSE',NULL,NULL,NULL,NULL,NULL,'ZJ'),(263,'禁用/粘胶纤维','VISCOSE',NULL,NULL,NULL,NULL,NULL,'禁用JZ'),(264,'羊毛','WOOL',NULL,NULL,NULL,NULL,NULL,'YM'),(265,'羊毛皮','woolfell',NULL,NULL,NULL,NULL,NULL,'YMP'),(266,'牦牛绒','YAK',NULL,NULL,NULL,NULL,NULL,'MNR'),(267,'羊皮革','yangpige',NULL,NULL,NULL,NULL,NULL,'YPG'),(268,'锌合金','ZAMAK',NULL,NULL,NULL,NULL,NULL,'XHJ'),(269,'锌','ZINCO',NULL,NULL,NULL,NULL,NULL,'XIN');

/*Table structure for table `tb_materialnote` */

DROP TABLE IF EXISTS `tb_materialnote`;

CREATE TABLE `tb_materialnote` (
  `id` int(10) unsigned NOT NULL AUTO_INCREMENT COMMENT '主键id',
  `content_cn` varchar(100) DEFAULT NULL COMMENT '中文名称',
  `content_en` varchar(100) DEFAULT NULL COMMENT '英文名称',
  `content_hk` varchar(100) DEFAULT NULL COMMENT '粤语名称',
  `content_fr` varchar(100) DEFAULT NULL COMMENT '法语名称',
  `content_it` varchar(100) DEFAULT NULL COMMENT '意大利语名称',
  `content_sp` varchar(100) DEFAULT NULL COMMENT '西班牙语名称',
  `content_de` varchar(100) DEFAULT NULL COMMENT '德语名称',
  `displayindex` int(11) DEFAULT NULL,
  `brandgroupids` varchar(100) DEFAULT NULL,
  PRIMARY KEY (`id`),
  KEY `brandgroupchildid` (`brandgroupids`)
) ENGINE=InnoDB AUTO_INCREMENT=54 DEFAULT CHARSET=utf8mb4 COMMENT='材质备注';

/*Data for the table `tb_materialnote` */

insert  into `tb_materialnote`(`id`,`content_cn`,`content_en`,`content_hk`,`content_fr`,`content_it`,`content_sp`,`content_de`,`displayindex`,`brandgroupids`) values (1,'边饰\r','55',NULL,NULL,NULL,NULL,NULL,20,'2'),(2,'长裤\r','',NULL,NULL,NULL,NULL,NULL,40,'1,3'),(3,'衬垫\r','',NULL,NULL,NULL,NULL,NULL,60,'5'),(4,'衬里\r','',NULL,NULL,NULL,NULL,NULL,80,'1'),(5,'次要紗線\r','',NULL,NULL,NULL,NULL,NULL,100,'2,5'),(6,'刺绣\r',NULL,NULL,NULL,NULL,NULL,NULL,120,NULL),(7,'刺绣2\r',NULL,NULL,NULL,NULL,NULL,NULL,140,NULL),(8,'大身面料\r','',NULL,NULL,NULL,NULL,NULL,160,'2'),(9,'第二层衬里\r',NULL,NULL,NULL,NULL,NULL,NULL,180,NULL),(10,'第二种面料\r',NULL,NULL,NULL,NULL,NULL,NULL,200,NULL),(11,'第三种面料\r',NULL,NULL,NULL,NULL,NULL,NULL,220,NULL),(12,'短裤\r',NULL,NULL,NULL,NULL,NULL,NULL,240,NULL),(13,'辅料\r',NULL,NULL,NULL,NULL,NULL,NULL,260,NULL),(14,'后片\r',NULL,NULL,NULL,NULL,NULL,NULL,280,NULL),(15,'夹层\r',NULL,NULL,NULL,NULL,NULL,NULL,300,NULL),(16,'镜架\r',NULL,NULL,NULL,NULL,NULL,NULL,320,NULL),(17,'镜片\r',NULL,NULL,NULL,NULL,NULL,NULL,340,NULL),(18,'口袋\r',NULL,NULL,NULL,NULL,NULL,NULL,360,NULL),(19,'裤带\r',NULL,NULL,NULL,NULL,NULL,NULL,380,NULL),(20,'里衬面料\r',NULL,NULL,NULL,NULL,NULL,NULL,400,NULL),(21,'领口\r',NULL,NULL,NULL,NULL,NULL,NULL,420,NULL),(22,'罗纹\r',NULL,NULL,NULL,NULL,NULL,NULL,440,NULL),(23,'帽扣\r',NULL,NULL,NULL,NULL,NULL,NULL,460,NULL),(24,'帽里\r',NULL,NULL,NULL,NULL,NULL,NULL,480,NULL),(25,'帽体\r',NULL,NULL,NULL,NULL,NULL,NULL,500,NULL),(26,'帽檐\r',NULL,NULL,NULL,NULL,NULL,NULL,520,NULL),(27,'面料1\r',NULL,NULL,NULL,NULL,NULL,NULL,540,NULL),(28,'面料2\r',NULL,NULL,NULL,NULL,NULL,NULL,560,NULL),(29,'面料3\r',NULL,NULL,NULL,NULL,NULL,NULL,580,NULL),(30,'配饰\r',NULL,NULL,NULL,NULL,NULL,NULL,600,NULL),(31,'拼接\r',NULL,NULL,NULL,NULL,NULL,NULL,620,NULL),(32,'前幅\r',NULL,NULL,NULL,NULL,NULL,NULL,640,NULL),(33,'前片\r',NULL,NULL,NULL,NULL,NULL,NULL,660,NULL),(34,'伞柄\r',NULL,NULL,NULL,NULL,NULL,NULL,680,NULL),(35,'伞面\r',NULL,NULL,NULL,NULL,NULL,NULL,700,NULL),(36,'填充物\r',NULL,NULL,NULL,NULL,NULL,NULL,720,NULL),(37,'涂料\r',NULL,NULL,NULL,NULL,NULL,NULL,740,NULL),(38,'外部面料\r',NULL,NULL,NULL,NULL,NULL,NULL,760,NULL),(39,'网眼部分\r',NULL,NULL,NULL,NULL,NULL,NULL,780,NULL),(40,'镶边\r',NULL,NULL,NULL,NULL,NULL,NULL,800,NULL),(41,'鞋底\r',NULL,NULL,NULL,NULL,NULL,NULL,820,NULL),(42,'鞋垫\r',NULL,NULL,NULL,NULL,NULL,NULL,840,NULL),(43,'鞋里\r',NULL,NULL,NULL,NULL,NULL,NULL,860,NULL),(44,'鞋面\r',NULL,NULL,NULL,NULL,NULL,NULL,880,NULL),(45,'鞋头\r',NULL,NULL,NULL,NULL,NULL,NULL,900,NULL),(46,'袖子\r',NULL,NULL,NULL,NULL,NULL,NULL,920,NULL),(47,'袖子里料\r',NULL,NULL,NULL,NULL,NULL,NULL,940,NULL),(48,'腰带扣\r',NULL,NULL,NULL,NULL,NULL,NULL,960,NULL),(49,'腰带身\r',NULL,NULL,NULL,NULL,NULL,NULL,980,NULL),(50,'针织辅料\r',NULL,NULL,NULL,NULL,NULL,NULL,1000,NULL),(51,'主要紗線\r',NULL,NULL,NULL,NULL,NULL,NULL,1020,NULL),(52,'装饰边\r',NULL,NULL,NULL,NULL,NULL,NULL,1040,NULL),(53,'装饰物',NULL,NULL,NULL,NULL,NULL,NULL,1060,NULL);

/*Table structure for table `tb_member` */

DROP TABLE IF EXISTS `tb_member`;

CREATE TABLE `tb_member` (
  `id` int(10) unsigned NOT NULL AUTO_INCREMENT COMMENT '主键id',
  `login_name` varchar(100) DEFAULT NULL,
  `name` varchar(50) DEFAULT NULL COMMENT '会员名',
  `password` varchar(32) DEFAULT NULL,
  `code` varchar(20) DEFAULT NULL,
  `gender` tinyint(1) DEFAULT NULL COMMENT '0-female 1-male',
  `birthday` varchar(10) DEFAULT NULL COMMENT '生日',
  `phoneno` varchar(50) DEFAULT NULL,
  `email` varchar(50) DEFAULT NULL,
  `address` varchar(50) DEFAULT NULL,
  `zipcode` varchar(10) DEFAULT NULL,
  `qq` varchar(50) DEFAULT NULL,
  `wechat` varchar(50) DEFAULT NULL,
  `microblog` varchar(50) DEFAULT NULL,
  `totalscore` bigint(20) DEFAULT NULL,
  `score` bigint(20) DEFAULT NULL,
  `membercard` varchar(50) DEFAULT NULL,
  `memberlevelid` int(10) unsigned DEFAULT NULL,
  `membertype` varchar(1) DEFAULT NULL COMMENT '0-个人会员 1-公司会员',
  `membercardid` int(10) unsigned DEFAULT NULL,
  `creatorid` int(10) unsigned DEFAULT NULL,
  `sourceid` int(10) unsigned DEFAULT NULL,
  `idno` varchar(50) DEFAULT NULL,
  `taxno` varchar(50) DEFAULT NULL,
  `contactor` varchar(50) DEFAULT NULL,
  `asawebno` varchar(50) DEFAULT NULL,
  `openid` varchar(50) DEFAULT NULL,
  `invitesum` bigint(20) DEFAULT NULL,
  `invitetotal` bigint(20) DEFAULT NULL,
  `invoteuser` int(10) unsigned DEFAULT NULL,
  `companyid` int(11) DEFAULT NULL COMMENT '公司ID',
  PRIMARY KEY (`id`),
  KEY `sys_delete_flag` (`companyid`)
) ENGINE=InnoDB AUTO_INCREMENT=4 DEFAULT CHARSET=utf8mb4 COMMENT='会员表';

/*Data for the table `tb_member` */

insert  into `tb_member`(`id`,`login_name`,`name`,`password`,`code`,`gender`,`birthday`,`phoneno`,`email`,`address`,`zipcode`,`qq`,`wechat`,`microblog`,`totalscore`,`score`,`membercard`,`memberlevelid`,`membertype`,`membercardid`,`creatorid`,`sourceid`,`idno`,`taxno`,`contactor`,`asawebno`,`openid`,`invitesum`,`invitetotal`,`invoteuser`,`companyid`) values (1,NULL,'changwei',NULL,NULL,1,'2019-03-11','','','','','','','',NULL,NULL,NULL,NULL,NULL,NULL,NULL,NULL,NULL,NULL,NULL,NULL,NULL,NULL,NULL,NULL,1),(2,NULL,'Tom',NULL,NULL,0,'2019-03-26','','','','','507021','','',NULL,NULL,NULL,NULL,NULL,NULL,NULL,NULL,NULL,NULL,NULL,NULL,NULL,NULL,NULL,NULL,1),(3,NULL,'小明',NULL,NULL,1,'2019-03-23','','','','','','','',NULL,NULL,NULL,NULL,NULL,NULL,NULL,NULL,NULL,NULL,NULL,NULL,NULL,NULL,NULL,NULL,1);

/*Table structure for table `tb_member_address` */

DROP TABLE IF EXISTS `tb_member_address`;

CREATE TABLE `tb_member_address` (
  `id` int(10) unsigned NOT NULL AUTO_INCREMENT COMMENT '主键id',
  `member_id` int(10) unsigned DEFAULT NULL,
  `name` varchar(50) DEFAULT NULL,
  `idno` varchar(50) DEFAULT NULL,
  `tel` varchar(50) DEFAULT NULL,
  `zipcode` varchar(10) DEFAULT NULL,
  `address` varchar(1000) DEFAULT NULL,
  `province` varchar(20) DEFAULT NULL,
  `city` varchar(20) DEFAULT NULL,
  `is_default` varchar(1) DEFAULT NULL COMMENT '0-否 1-是',
  PRIMARY KEY (`id`)
) ENGINE=InnoDB DEFAULT CHARSET=utf8mb4 COMMENT='会员地址信息';

/*Data for the table `tb_member_address` */

/*Table structure for table `tb_order` */

DROP TABLE IF EXISTS `tb_order`;

CREATE TABLE `tb_order` (
  `id` int(10) unsigned NOT NULL AUTO_INCREMENT COMMENT '主键id',
  `makestaff` int(10) unsigned DEFAULT NULL COMMENT '制单人',
  `supplierid` int(10) unsigned DEFAULT NULL COMMENT '供货商',
  `finalsupplierid` int(10) unsigned DEFAULT NULL COMMENT '发货单位',
  `bookingid` int(10) unsigned DEFAULT NULL COMMENT '客户id',
  `orderno` varchar(50) DEFAULT NULL COMMENT '公司订单号',
  `total` decimal(16,2) DEFAULT NULL COMMENT '总金额',
  `currency` varchar(10) DEFAULT NULL COMMENT '总金额货币',
  `bookingorderno` varchar(50) DEFAULT NULL COMMENT '客户订单号',
  `isstatus` tinyint(1) DEFAULT NULL COMMENT '0-未完结 1-已完结',
  `memo` varchar(200) DEFAULT NULL COMMENT '备注',
  `linkmanid` int(11) DEFAULT NULL COMMENT '客户联系人',
  `ageseason` int(10) unsigned DEFAULT NULL COMMENT '年代季节',
  `seasontype` tinyint(1) DEFAULT NULL COMMENT '0-pre ,1-main ,2-fashion show',
  `taxrebate` decimal(16,3) DEFAULT NULL COMMENT '退税率',
  `bussinesstype` tinyint(1) DEFAULT NULL COMMENT '订单类型：0-期货 1-现货',
  `discount` decimal(16,2) DEFAULT NULL COMMENT '折扣',
  `property` tinyint(1) DEFAULT NULL COMMENT '0-自采 1-代销',
  `companyid` int(11) DEFAULT NULL,
  `status` int(11) DEFAULT NULL COMMENT '订单状态：1=保存；2=送审；3=审核完成',
  `maketime` datetime DEFAULT NULL COMMENT '订单时间',
  `orderdate` varchar(10) DEFAULT NULL COMMENT '订货日期',
  `genders` varchar(200) DEFAULT NULL COMMENT '性别',
  `brands` varchar(255) DEFAULT NULL COMMENT '品牌',
  PRIMARY KEY (`id`),
  KEY `companyid` (`companyid`)
) ENGINE=InnoDB AUTO_INCREMENT=23 DEFAULT CHARSET=utf8mb4 COMMENT='订单主表';

/*Data for the table `tb_order` */

insert  into `tb_order`(`id`,`makestaff`,`supplierid`,`finalsupplierid`,`bookingid`,`orderno`,`total`,`currency`,`bookingorderno`,`isstatus`,`memo`,`linkmanid`,`ageseason`,`seasontype`,`taxrebate`,`bussinesstype`,`discount`,`property`,`companyid`,`status`,`maketime`,`orderdate`,`genders`,`brands`) values (6,1,6,0,0,'D000001201903291627363324','0.00','','',NULL,'',0,2,0,'0.000',1,'0.00',0,1,3,NULL,NULL,NULL,NULL),(7,1,1,1,0,'D000001201904011931467284','0.00','','',NULL,'',0,1,1,'0.000',1,'0.00',1,1,3,NULL,NULL,NULL,NULL),(8,1,5,5,0,'D000001201904011932295137','0.00','','',NULL,'',0,6,1,'0.000',2,'0.00',1,1,2,NULL,NULL,NULL,NULL),(9,1,6,6,0,'D000001201904011933222331','0.00','','',NULL,'',0,5,2,'0.000',1,'0.00',1,1,2,NULL,NULL,NULL,NULL),(10,1,4,4,0,'D000001201904011933571910','0.00','','',NULL,'',0,2,1,'0.000',2,'0.00',2,1,2,NULL,NULL,NULL,NULL),(11,1,4,0,0,'D000001201904031610405788','0.00','','',NULL,'',0,3,0,'0.000',2,'0.00',1,1,1,NULL,NULL,NULL,NULL),(12,1,4,0,0,'D000001201904031611336730','0.00','','',NULL,'',0,3,0,'0.000',2,'0.00',1,1,2,NULL,NULL,NULL,NULL),(13,1,2,0,0,'D000001201904181855223159','0.00','','',NULL,'',0,3,0,'0.000',1,'0.00',1,1,1,NULL,NULL,NULL,NULL),(14,1,1,0,0,'D000001201904181857252462','0.00','','',NULL,'',0,4,0,'0.000',1,'0.00',1,1,1,NULL,NULL,NULL,NULL),(15,1,1,0,0,'D000001201904181858129272','0.00','','',NULL,'',0,3,0,'0.000',1,'0.00',1,1,3,NULL,NULL,NULL,NULL),(16,1,2,0,0,'D000001201904181908549066','0.00','','',NULL,'',0,3,0,'0.000',1,'0.00',2,1,1,NULL,NULL,NULL,NULL),(18,1,3,2,1,'D000001201905151402324391',NULL,'2','xx',NULL,'ss',1,4,0,'0.910',2,'1.30',1,1,1,'2019-05-15 14:02:32','2019-05-15',NULL,NULL),(19,1,0,0,1,'D000001201905151745213194',NULL,'1','',NULL,'',1,3,2,'0.000',1,'1.50',1,1,1,'2019-05-15 17:45:21','',NULL,NULL),(20,1,NULL,NULL,0,'D000001201905161527059572',NULL,'9','',NULL,'',0,0,0,'0.000',0,'0.00',1,1,1,'2019-05-16 15:27:05','',NULL,NULL),(22,1,0,0,1,'D000001201905161842527389','22360.00','9','',NULL,'',0,3,0,'0.000',0,'1.30',1,1,1,'2019-05-16 18:42:52','2019-05-17','儿童','AMIRI,ALEXANDER MCQUEEN');

/*Table structure for table `tb_order_brand` */

DROP TABLE IF EXISTS `tb_order_brand`;

CREATE TABLE `tb_order_brand` (
  `id` int(10) unsigned NOT NULL AUTO_INCREMENT COMMENT '主键id',
  `makestaff` int(10) unsigned DEFAULT NULL COMMENT '制单人',
  `supplierid` int(10) unsigned DEFAULT NULL COMMENT '供货商',
  `finalsupplierid` int(10) unsigned DEFAULT NULL COMMENT '发货单位',
  `orderno` varchar(50) DEFAULT NULL COMMENT '公司订单号',
  `foreignorderno` varchar(50) DEFAULT NULL COMMENT '海外订单号',
  `memo` varchar(200) DEFAULT NULL COMMENT '备注',
  `ageseason` int(10) unsigned DEFAULT NULL COMMENT '年代季节',
  `seasontype` int(11) DEFAULT NULL COMMENT '0-pre ,1-main ,2-fashion show',
  `brandid` int(11) DEFAULT NULL COMMENT '品牌id',
  `taxrebate` decimal(16,3) DEFAULT NULL COMMENT '退税率',
  `discount` decimal(16,2) DEFAULT NULL COMMENT '折扣',
  `companyid` int(11) DEFAULT NULL,
  `maketime` datetime DEFAULT NULL COMMENT '订单时间',
  PRIMARY KEY (`id`),
  KEY `companyid` (`companyid`)
) ENGINE=InnoDB AUTO_INCREMENT=4 DEFAULT CHARSET=utf8mb4 COMMENT='品牌订单主表';

/*Data for the table `tb_order_brand` */

insert  into `tb_order_brand`(`id`,`makestaff`,`supplierid`,`finalsupplierid`,`orderno`,`foreignorderno`,`memo`,`ageseason`,`seasontype`,`brandid`,`taxrebate`,`discount`,`companyid`,`maketime`) values (2,1,2,3,'B000001201905161606481585','xxr345','bz',3,1,2,'0.950','1.54',1,'2019-05-16 16:06:48'),(3,1,4,4,'B000001201905161719195874','ww325','',3,2,6,'0.000','0.00',1,'2019-05-16 17:19:19');

/*Table structure for table `tb_order_payment` */

DROP TABLE IF EXISTS `tb_order_payment`;

CREATE TABLE `tb_order_payment` (
  `id` int(11) unsigned NOT NULL AUTO_INCREMENT,
  `orderid` int(11) DEFAULT NULL COMMENT '订单id',
  `currency` tinyint(4) DEFAULT NULL COMMENT '币种',
  `amount` decimal(15,2) DEFAULT NULL COMMENT '金额',
  `makestaff` int(11) DEFAULT NULL COMMENT '添加人',
  `maketime` datetime DEFAULT NULL COMMENT '添加时间',
  `confirmstaff` int(11) DEFAULT NULL COMMENT '付款确认人',
  `confirmtime` datetime DEFAULT NULL COMMENT '付款确认时间',
  `paymentdate` varchar(10) COLLATE utf8_bin DEFAULT NULL COMMENT '付款日期',
  `companyid` int(11) DEFAULT NULL COMMENT '公司id',
  `status` tinyint(4) DEFAULT '0' COMMENT '付款状态：0=未支付；1=已支付',
  `payment_type` tinyint(4) DEFAULT NULL COMMENT '收款类型：1=定金；2=货款',
  `memo` varchar(200) COLLATE utf8_bin DEFAULT NULL COMMENT '备注',
  PRIMARY KEY (`id`),
  KEY `orderid` (`orderid`),
  KEY `companyid` (`companyid`)
) ENGINE=InnoDB AUTO_INCREMENT=3 DEFAULT CHARSET=utf8 COLLATE=utf8_bin;

/*Data for the table `tb_order_payment` */

insert  into `tb_order_payment`(`id`,`orderid`,`currency`,`amount`,`makestaff`,`maketime`,`confirmstaff`,`confirmtime`,`paymentdate`,`companyid`,`status`,`payment_type`,`memo`) values (1,6,1,'11.00',1,'2019-04-12 15:30:16',1,'2019-04-13 15:02:18','2019-04-12',1,1,1,'88'),(2,7,1,'4443.00',1,'2019-04-12 15:30:29',1,'2019-04-13 14:19:19','2019-04-10',1,0,1,'qq');

/*Table structure for table `tb_orderdetails` */

DROP TABLE IF EXISTS `tb_orderdetails`;

CREATE TABLE `tb_orderdetails` (
  `id` int(10) unsigned NOT NULL AUTO_INCREMENT COMMENT '主键id',
  `orderid` int(10) unsigned NOT NULL COMMENT '订单id',
  `sizecontentid` int(10) unsigned NOT NULL COMMENT '尺码id',
  `number` int(11) NOT NULL COMMENT '数量',
  `productid` int(10) unsigned NOT NULL COMMENT '产品id',
  `currencyid` int(11) DEFAULT NULL COMMENT '货币id',
  `price` decimal(16,2) DEFAULT NULL COMMENT '零售价',
  `confirm_number` int(11) DEFAULT '0' COMMENT '确认数量',
  `companyid` int(11) DEFAULT NULL COMMENT '公司id',
  `createdate` datetime DEFAULT NULL COMMENT '创建时间',
  `status` tinyint(1) DEFAULT NULL COMMENT '状态',
  `discount` decimal(6,3) DEFAULT NULL COMMENT '折扣',
  `orderbrandid` int(11) DEFAULT '0' COMMENT '品牌订单id',
  PRIMARY KEY (`id`),
  UNIQUE KEY `companyid` (`companyid`,`orderid`,`productid`,`sizecontentid`),
  KEY `orderid` (`orderid`),
  KEY `productid` (`productid`)
) ENGINE=InnoDB AUTO_INCREMENT=211 DEFAULT CHARSET=utf8mb4 COMMENT='订单明细';

/*Data for the table `tb_orderdetails` */

insert  into `tb_orderdetails`(`id`,`orderid`,`sizecontentid`,`number`,`productid`,`currencyid`,`price`,`confirm_number`,`companyid`,`createdate`,`status`,`discount`,`orderbrandid`) values (35,6,13,2,2,NULL,'1000.00',6,1,'2019-04-01 19:27:43',NULL,NULL,0),(36,6,12,2,2,NULL,'1000.00',6,1,'2019-04-01 19:27:43',NULL,NULL,0),(37,6,11,2,2,NULL,'1000.00',6,1,'2019-04-01 19:27:43',NULL,NULL,0),(38,6,10,2,2,NULL,'1000.00',2,1,'2019-04-01 19:27:43',NULL,NULL,0),(39,6,9,5,2,NULL,'1000.00',5,1,'2019-04-01 19:27:43',NULL,NULL,0),(40,6,8,3,2,NULL,'1000.00',3,1,'2019-04-01 19:27:43',NULL,NULL,0),(41,6,7,2,2,NULL,'1000.00',4,1,'2019-04-01 19:27:43',NULL,NULL,0),(42,6,6,3,2,NULL,'1000.00',3,1,'2019-04-01 19:27:43',NULL,NULL,0),(43,8,5,1,6,NULL,'2500.00',0,1,'2019-04-01 19:32:43',NULL,NULL,0),(44,8,4,1,6,NULL,'2500.00',0,1,'2019-04-01 19:32:43',NULL,NULL,0),(45,8,3,1,6,NULL,'2500.00',0,1,'2019-04-01 19:32:43',NULL,NULL,0),(46,8,2,1,6,NULL,'2500.00',0,1,'2019-04-01 19:32:43',NULL,NULL,0),(47,8,1,1,6,NULL,'2500.00',0,1,'2019-04-01 19:32:43',NULL,NULL,0),(48,8,5,1,1,NULL,'126.50',0,1,'2019-04-01 19:32:43',NULL,NULL,3),(49,8,4,1,1,NULL,'126.50',0,1,'2019-04-01 19:32:43',NULL,NULL,3),(50,8,3,1,1,NULL,'126.50',0,1,'2019-04-01 19:32:43',NULL,NULL,3),(51,8,2,1,1,NULL,'126.50',0,1,'2019-04-01 19:32:43',NULL,NULL,3),(52,8,1,1,1,NULL,'126.50',0,1,'2019-04-01 19:32:43',NULL,NULL,3),(53,9,13,1,3,NULL,'2000.00',0,1,'2019-04-01 19:33:22',NULL,NULL,0),(54,9,12,1,3,NULL,'2000.00',0,1,'2019-04-01 19:33:22',NULL,NULL,0),(55,9,11,1,3,NULL,'2000.00',0,1,'2019-04-01 19:33:22',NULL,NULL,0),(56,9,10,1,3,NULL,'2000.00',0,1,'2019-04-01 19:33:22',NULL,NULL,0),(57,9,9,1,3,NULL,'2000.00',0,1,'2019-04-01 19:33:22',NULL,NULL,0),(58,9,8,1,3,NULL,'2000.00',0,1,'2019-04-01 19:33:22',NULL,NULL,0),(59,9,7,1,3,NULL,'2000.00',0,1,'2019-04-01 19:33:22',NULL,NULL,0),(60,9,6,1,3,NULL,'2000.00',0,1,'2019-04-01 19:33:22',NULL,NULL,0),(61,10,13,1,2,NULL,'1000.00',0,1,'2019-04-01 19:33:57',NULL,NULL,0),(62,10,12,1,2,NULL,'1000.00',0,1,'2019-04-01 19:33:57',NULL,NULL,0),(63,10,11,1,2,NULL,'1000.00',0,1,'2019-04-01 19:33:57',NULL,NULL,0),(64,10,10,1,2,NULL,'1000.00',0,1,'2019-04-01 19:33:57',NULL,NULL,0),(65,10,9,1,2,NULL,'1000.00',0,1,'2019-04-01 19:33:57',NULL,NULL,0),(66,10,8,1,2,NULL,'1000.00',0,1,'2019-04-01 19:33:57',NULL,NULL,0),(67,10,7,1,2,NULL,'1000.00',0,1,'2019-04-01 19:33:57',NULL,NULL,0),(68,10,6,1,2,NULL,'1000.00',0,1,'2019-04-01 19:33:57',NULL,NULL,0),(69,10,5,1,1,NULL,'126.50',0,1,'2019-04-01 19:33:57',NULL,NULL,3),(70,10,4,1,1,NULL,'126.50',0,1,'2019-04-01 19:33:57',NULL,NULL,3),(71,10,3,1,1,NULL,'126.50',0,1,'2019-04-01 19:33:57',NULL,NULL,3),(72,10,2,1,1,NULL,'126.50',0,1,'2019-04-01 19:33:57',NULL,NULL,3),(73,10,1,1,1,NULL,'126.50',0,1,'2019-04-01 19:33:57',NULL,NULL,3),(74,11,5,1,1,NULL,NULL,0,1,'2019-04-03 16:10:40',NULL,NULL,3),(75,11,4,1,1,NULL,NULL,0,1,'2019-04-03 16:10:40',NULL,NULL,3),(76,11,3,1,1,NULL,NULL,0,1,'2019-04-03 16:10:40',NULL,NULL,3),(77,11,2,1,1,NULL,NULL,0,1,'2019-04-03 16:10:40',NULL,NULL,3),(78,11,1,1,1,NULL,NULL,0,1,'2019-04-03 16:10:40',NULL,NULL,3),(79,12,5,1,1,NULL,'125.00',0,1,'2019-04-03 16:11:39',NULL,NULL,0),(80,12,4,1,1,NULL,'125.00',0,1,'2019-04-03 16:11:39',NULL,NULL,0),(81,12,3,1,1,NULL,'125.00',0,1,'2019-04-03 16:11:39',NULL,NULL,0),(82,12,2,1,1,NULL,'125.00',0,1,'2019-04-03 16:11:39',NULL,NULL,0),(83,12,1,1,1,NULL,'125.00',0,1,'2019-04-03 16:11:39',NULL,NULL,0),(84,13,4,2,1,NULL,'125.00',0,1,'2019-04-18 18:55:22',NULL,NULL,0),(85,13,3,1,1,NULL,'125.00',0,1,'2019-04-18 18:55:22',NULL,NULL,0),(86,13,1,1,1,NULL,'125.00',0,1,'2019-04-18 18:55:22',NULL,NULL,0),(87,13,5,1,1,NULL,'125.00',0,1,'2019-04-18 18:55:22',NULL,NULL,0),(88,14,4,1,1,NULL,'125.00',0,1,'2019-04-18 18:57:25',NULL,NULL,0),(89,14,3,1,1,NULL,'125.00',0,1,'2019-04-18 18:57:25',NULL,NULL,0),(90,14,1,1,1,NULL,'125.00',0,1,'2019-04-18 18:57:25',NULL,NULL,0),(91,14,5,1,1,NULL,'125.00',0,1,'2019-04-18 18:57:25',NULL,NULL,0),(92,15,4,1,1,NULL,'125.00',1,1,'2019-04-18 18:58:18',NULL,NULL,0),(93,15,3,1,1,NULL,'125.00',1,1,'2019-04-18 18:58:18',NULL,NULL,0),(94,15,1,1,1,NULL,'125.00',1,1,'2019-04-18 18:58:18',NULL,NULL,0),(95,15,5,1,1,NULL,'125.00',1,1,'2019-04-18 18:58:18',NULL,NULL,0),(96,16,12,2,2,NULL,'2000.00',0,1,'2019-04-18 19:08:54',NULL,NULL,3),(97,16,11,2,2,NULL,'2000.00',0,1,'2019-04-18 19:08:54',NULL,NULL,3),(98,16,10,2,2,NULL,'2000.00',0,1,'2019-04-18 19:08:54',NULL,NULL,3),(104,18,22,5,36,1,'1200.00',0,1,'2019-05-15 14:02:32',NULL,'1.300',2),(105,18,23,6,36,1,'1200.00',0,1,'2019-05-15 14:02:32',NULL,'1.300',2),(106,18,25,7,36,1,'1200.00',0,1,'2019-05-15 14:02:32',NULL,'1.300',2),(137,18,1,4,49,9,'0.00',0,1,'2019-05-15 15:43:11',NULL,'1.300',2),(138,18,3,5,49,9,'0.00',0,1,'2019-05-15 15:43:11',NULL,'1.300',2),(139,18,5,6,49,9,'0.00',0,1,'2019-05-15 15:43:11',NULL,'1.300',2),(140,18,7,7,49,9,'0.00',0,1,'2019-05-15 15:43:11',NULL,'1.300',2),(141,18,9,8,49,9,'0.00',0,1,'2019-05-15 15:43:11',NULL,'1.300',2),(142,18,1,9,50,9,'0.00',0,1,'2019-05-15 15:43:11',NULL,'1.300',2),(143,18,3,8,50,9,'0.00',0,1,'2019-05-15 15:43:11',NULL,'1.300',2),(144,18,5,77,50,9,'0.00',0,1,'2019-05-15 15:43:11',NULL,'1.300',2),(145,18,7,66,50,9,'0.00',0,1,'2019-05-15 15:43:11',NULL,'1.300',2),(146,18,9,55,50,9,'0.00',0,1,'2019-05-15 15:43:11',NULL,'1.300',2),(147,19,42,2,42,9,'150.00',0,1,'2019-05-15 17:45:21',NULL,'1.500',2),(148,19,43,2,42,9,'150.00',0,1,'2019-05-15 17:45:21',NULL,'1.500',2),(149,19,44,2,42,9,'150.00',0,1,'2019-05-15 17:45:21',NULL,'1.500',2),(150,19,45,2,42,9,'150.00',0,1,'2019-05-15 17:45:21',NULL,'1.500',2),(151,19,46,2,42,9,'150.00',0,1,'2019-05-15 17:45:21',NULL,'1.500',2),(152,19,22,1,37,1,'1200.00',0,1,'2019-05-15 17:45:21',NULL,'1.500',3),(153,19,23,8,37,1,'1200.00',0,1,'2019-05-15 17:45:21',NULL,'1.500',3),(154,19,24,8,37,1,'1200.00',0,1,'2019-05-15 17:45:21',NULL,'1.500',3),(155,19,25,7,37,1,'1200.00',0,1,'2019-05-15 17:45:21',NULL,'1.500',3),(156,19,26,7,37,1,'1200.00',0,1,'2019-05-15 17:45:21',NULL,'1.500',3),(157,19,27,6,37,1,'1200.00',0,1,'2019-05-15 17:45:21',NULL,'1.500',3),(158,19,28,5,37,1,'1200.00',0,1,'2019-05-15 17:45:21',NULL,'1.500',3),(159,19,1,2,56,9,'1000.00',0,1,'2019-05-15 17:45:21',NULL,'1.500',2),(160,19,3,3,56,9,'1000.00',0,1,'2019-05-15 17:45:21',NULL,'1.500',2),(161,19,5,3,56,9,'1000.00',0,1,'2019-05-15 17:45:21',NULL,'1.500',2),(162,19,22,6,52,9,'500.00',0,1,'2019-05-15 17:45:21',NULL,'1.500',2),(163,19,23,5,52,9,'500.00',0,1,'2019-05-15 17:45:21',NULL,'1.500',2),(164,19,24,4,52,9,'500.00',0,1,'2019-05-15 17:45:21',NULL,'1.500',2),(165,19,25,4,52,9,'500.00',0,1,'2019-05-15 17:45:21',NULL,'1.500',2),(166,19,22,7,51,9,'500.00',0,1,'2019-05-15 17:45:21',NULL,'1.500',3),(167,19,23,6,51,9,'500.00',0,1,'2019-05-15 17:45:21',NULL,'1.500',3),(168,19,24,5,51,9,'500.00',0,1,'2019-05-15 17:45:21',NULL,'1.500',3),(169,19,25,4,51,9,'500.00',0,1,'2019-05-15 17:45:21',NULL,'1.500',3),(170,20,10,2,2,2,'1800.00',0,1,'2019-05-16 15:27:05',NULL,NULL,3),(171,20,11,2,2,2,'1800.00',0,1,'2019-05-16 15:27:05',NULL,NULL,3),(172,20,12,2,2,2,'1800.00',0,1,'2019-05-16 15:27:05',NULL,NULL,3),(173,20,1,2,56,9,'1000.00',0,1,'2019-05-16 15:27:05',NULL,'1.500',0),(174,20,3,3,56,9,'1000.00',0,1,'2019-05-16 15:27:05',NULL,'1.500',0),(175,20,5,3,56,9,'1000.00',0,1,'2019-05-16 15:27:05',NULL,'1.500',0),(176,20,1,9,50,9,'0.00',0,1,'2019-05-16 15:27:05',NULL,'1.300',3),(177,20,3,8,50,9,'0.00',0,1,'2019-05-16 15:27:05',NULL,'1.300',3),(178,20,5,77,50,9,'0.00',0,1,'2019-05-16 15:27:05',NULL,'1.300',3),(179,20,7,66,50,9,'0.00',0,1,'2019-05-16 15:27:05',NULL,'1.300',3),(180,20,9,55,50,9,'0.00',0,1,'2019-05-16 15:27:05',NULL,'1.300',3),(181,20,1,4,49,9,'0.00',0,1,'2019-05-16 15:27:05',NULL,'1.300',3),(182,20,3,5,49,9,'0.00',0,1,'2019-05-16 15:27:05',NULL,'1.300',3),(183,20,5,6,49,9,'0.00',0,1,'2019-05-16 15:27:05',NULL,'1.300',3),(184,20,7,7,49,9,'0.00',0,1,'2019-05-16 15:27:05',NULL,'1.300',3),(185,20,9,8,49,9,'0.00',0,1,'2019-05-16 15:27:05',NULL,'1.300',3),(186,20,22,5,36,1,'1200.00',0,1,'2019-05-16 15:27:05',NULL,'1.300',0),(187,20,23,6,36,1,'1200.00',0,1,'2019-05-16 15:27:05',NULL,'1.300',0),(188,20,25,7,36,1,'1200.00',0,1,'2019-05-16 15:27:05',NULL,'1.300',0),(205,22,1,2,56,9,'1000.00',0,1,'2019-05-16 18:42:52',NULL,'1.300',0),(206,22,3,2,56,9,'1000.00',0,1,'2019-05-16 18:42:52',NULL,'1.300',0),(207,22,1,3,57,9,'1200.00',0,1,'2019-05-16 18:42:52',NULL,'1.300',0),(208,22,2,3,57,9,'1200.00',0,1,'2019-05-16 18:42:52',NULL,'1.300',0),(209,22,3,3,57,9,'1200.00',0,1,'2019-05-16 18:42:52',NULL,'1.300',0),(210,22,4,2,57,9,'1200.00',0,1,'2019-05-17 12:09:18',NULL,'1.300',0);

/*Table structure for table `tb_permission` */

DROP TABLE IF EXISTS `tb_permission`;

CREATE TABLE `tb_permission` (
  `id` int(10) unsigned NOT NULL AUTO_INCREMENT COMMENT '主键id',
  `pid` int(10) unsigned NOT NULL DEFAULT '0' COMMENT '所属权限id，默认0为顶级权限',
  `name` varchar(100) NOT NULL DEFAULT '' COMMENT '权限名称',
  `memo_cn` varchar(50) DEFAULT NULL COMMENT '中文描述',
  `memo_en` varchar(50) DEFAULT NULL COMMENT '英文描述',
  `memo_hk` varchar(50) DEFAULT NULL COMMENT '粤语描述',
  `memo_fr` varchar(50) DEFAULT NULL COMMENT '法语描述',
  `memo_it` varchar(50) DEFAULT NULL COMMENT '意大利语描述',
  `memo_sp` varchar(50) DEFAULT NULL COMMENT '西班牙语描述',
  `memo_de` varchar(50) DEFAULT NULL COMMENT '德语描述',
  `is_only_superadmin` tinyint(1) NOT NULL DEFAULT '0' COMMENT '是否为专属超级管理员权限，0-不是 1-是',
  PRIMARY KEY (`id`)
) ENGINE=InnoDB AUTO_INCREMENT=40 DEFAULT CHARSET=utf8mb4;

/*Data for the table `tb_permission` */

insert  into `tb_permission`(`id`,`pid`,`name`,`memo_cn`,`memo_en`,`memo_hk`,`memo_fr`,`memo_it`,`memo_sp`,`memo_de`,`is_only_superadmin`) values (1,0,'','组织架构',NULL,NULL,NULL,NULL,NULL,NULL,0),(2,0,'','基础数据',NULL,NULL,NULL,NULL,NULL,NULL,0),(3,0,'','商品管理',NULL,NULL,NULL,NULL,NULL,NULL,0),(4,0,'','客户管理',NULL,NULL,NULL,NULL,NULL,NULL,0),(5,0,'','供应链相关',NULL,NULL,NULL,NULL,NULL,NULL,0),(6,0,'','库存管理',NULL,NULL,NULL,NULL,NULL,NULL,0),(7,0,'','销售管理',NULL,NULL,NULL,NULL,NULL,NULL,0),(8,0,'','结算',NULL,NULL,NULL,NULL,NULL,NULL,0),(12,1,'user','员工信息管理',NULL,NULL,NULL,NULL,NULL,NULL,0),(13,1,'group','权限组管理',NULL,NULL,NULL,NULL,NULL,NULL,0),(14,1,'department','部门信息管理',NULL,NULL,NULL,NULL,NULL,NULL,0),(15,2,'brand','品牌管理',NULL,NULL,NULL,NULL,NULL,NULL,1),(16,2,'brandgroup','品类管理',NULL,NULL,NULL,NULL,NULL,NULL,1),(17,2,'ageseason','款式年代管理',NULL,NULL,NULL,NULL,NULL,NULL,1),(18,2,'colortemplate','颜色模板管理',NULL,NULL,NULL,NULL,NULL,NULL,1),(19,2,'sizetop','尺码模板管理',NULL,NULL,NULL,NULL,NULL,NULL,1),(20,2,'material','材质管理',NULL,NULL,NULL,NULL,NULL,NULL,1),(21,2,'ulnarinch','商品尺寸管理',NULL,NULL,NULL,NULL,NULL,NULL,1),(22,2,'country','国际地区管理',NULL,NULL,NULL,NULL,NULL,NULL,1),(23,2,'saleport','销售端口管理',NULL,NULL,NULL,NULL,NULL,NULL,0),(24,2,'warehouse','仓库管理',NULL,NULL,NULL,NULL,NULL,NULL,0),(25,5,'order-submit','订单提交',NULL,NULL,NULL,NULL,NULL,NULL,0),(26,5,'order-confirm','订单审核',NULL,NULL,NULL,NULL,NULL,NULL,0),(27,5,'order-finish','订单完结',NULL,NULL,NULL,NULL,NULL,NULL,0),(28,5,'confirmorder-submit','提交发货单',NULL,NULL,NULL,NULL,NULL,NULL,0),(29,5,'confirmorder-confirm','发货单审核',NULL,NULL,NULL,NULL,NULL,NULL,0),(30,5,'warehousing','商品入库',NULL,NULL,NULL,NULL,NULL,NULL,0),(31,6,'requisition','调拨商品',NULL,NULL,NULL,NULL,NULL,NULL,0),(32,7,'sales','提交销售单',NULL,NULL,NULL,NULL,NULL,NULL,0),(33,3,'product','商品管理',NULL,NULL,NULL,NULL,NULL,NULL,0),(34,4,'supplier','客户管理',NULL,NULL,NULL,NULL,NULL,NULL,0),(35,2,'productmemo','商品描述管理',NULL,NULL,NULL,NULL,NULL,NULL,1),(36,8,'payment-confirm','订单结算',NULL,NULL,NULL,NULL,NULL,NULL,0),(37,8,'receive-confirm','销售结算',NULL,NULL,NULL,NULL,NULL,NULL,0),(38,1,'company','系统设置',NULL,NULL,NULL,NULL,NULL,NULL,0),(39,2,'currency','货币管理',NULL,NULL,NULL,NULL,NULL,NULL,0);

/*Table structure for table `tb_permission_action` */

DROP TABLE IF EXISTS `tb_permission_action`;

CREATE TABLE `tb_permission_action` (
  `id` int(11) unsigned NOT NULL AUTO_INCREMENT,
  `permissionid` int(10) unsigned DEFAULT NULL COMMENT '权限id',
  `controller` varchar(100) COLLATE utf8mb4_unicode_ci DEFAULT NULL COMMENT '控制器名称',
  `action` varchar(100) COLLATE utf8mb4_unicode_ci DEFAULT NULL COMMENT '方法名称',
  PRIMARY KEY (`id`),
  UNIQUE KEY `tb_permission_module_permissionid_module_controller_action` (`permissionid`,`controller`,`action`)
) ENGINE=InnoDB AUTO_INCREMENT=119 DEFAULT CHARSET=utf8mb4 COLLATE=utf8mb4_unicode_ci;

/*Data for the table `tb_permission_action` */

insert  into `tb_permission_action`(`id`,`permissionid`,`controller`,`action`) values (1,12,'user','add'),(3,12,'user','delete'),(7,12,'user','deletegroup'),(2,12,'user','edit'),(4,12,'warehouseuser','add'),(6,12,'warehouseuser','delete'),(5,12,'warehouseuser','edit'),(12,13,'group','add'),(14,13,'group','delete'),(13,13,'group','edit'),(11,13,'group','setting'),(8,14,'department','add'),(10,14,'department','delete'),(9,14,'department','edit'),(18,15,'aliases','add'),(20,15,'aliases','delete'),(19,15,'aliases','edit'),(15,15,'brand','add'),(17,15,'brand','delete'),(16,15,'brand','edit'),(21,15,'series','add'),(23,15,'series','delete'),(22,15,'series','edit'),(24,16,'brandgroup','add'),(26,16,'brandgroup','delete'),(25,16,'brandgroup','edit'),(27,16,'brandgroupchild','add'),(29,16,'brandgroupchild','delete'),(28,16,'brandgroupchild','edit'),(30,16,'brandgroupchildproperty','add'),(32,16,'brandgroupchildproperty','delete'),(34,16,'brandgroupchildproperty','down'),(31,16,'brandgroupchildproperty','edit'),(33,16,'brandgroupchildproperty','up'),(35,17,'ageseason','add'),(37,17,'ageseason','delete'),(36,17,'ageseason','edit'),(38,18,'colortemplate','add'),(40,18,'colortemplate','delete'),(39,18,'colortemplate','edit'),(44,19,'sizecontent','add'),(118,19,'sizecontent','bottom'),(46,19,'sizecontent','delete'),(115,19,'sizecontent','down'),(45,19,'sizecontent','edit'),(116,19,'sizecontent','top'),(114,19,'sizecontent','up'),(41,19,'sizetop','add'),(43,19,'sizetop','delete'),(42,19,'sizetop','edit'),(47,20,'material','add'),(49,20,'material','delete'),(48,20,'material','edit'),(50,21,'ulnarinch','add'),(52,21,'ulnarinch','delete'),(51,21,'ulnarinch','edit'),(56,22,'country','add'),(58,22,'country','delete'),(57,22,'country','edit'),(59,23,'saleport','add'),(61,23,'saleport','delete'),(60,23,'saleport','edit'),(53,24,'warehouse','add'),(55,24,'warehouse','delete'),(54,24,'warehouse','edit'),(66,25,'order','delete'),(65,25,'order','saveorder'),(90,25,'orderpayment','add'),(91,25,'orderpayment','delete'),(92,25,'orderpayment','edit'),(93,25,'orderpayment','page'),(68,26,'order','cancel'),(67,26,'order','confirm'),(69,27,'order','finish'),(71,28,'confirmorder','delete'),(70,28,'confirmorder','saveorder'),(72,28,'confirmorder','search'),(74,29,'confirmorder','cancel'),(73,29,'confirmorder','confirm'),(75,30,'warehousing','create'),(76,30,'warehousing','delete'),(79,31,'requisition','save'),(78,32,'sales','delete'),(77,32,'sales','savesale'),(88,32,'salesreceive\r\n','edit'),(86,32,'salesreceive','add'),(87,32,'salesreceive','delete'),(89,32,'salesreceive','page'),(83,33,'product','add'),(85,33,'product','delete'),(84,33,'product','edit'),(82,33,'product','savecode'),(81,33,'product','savecolorgroup'),(80,33,'product','saveproperty'),(62,34,'supplier','add'),(64,34,'supplier','delete'),(63,34,'supplier','edit'),(108,34,'supplierbank','add'),(109,34,'supplierbank','delete'),(110,34,'supplierbank','edit'),(105,34,'supplierinvoice','add'),(106,34,'supplierinvoice','delete'),(107,34,'supplierinvoice','edit'),(94,35,'productmemo','add'),(95,35,'productmemo','delete'),(96,35,'productmemo','edit'),(98,36,'orderpayment','confirm'),(97,36,'orderpayment','search'),(100,37,'salesreceive','confirm'),(99,37,'salesreceive','search'),(101,38,'company','update'),(102,38,'companyinvoice','add'),(104,38,'companyinvoice','delete'),(103,38,'companyinvoice','edit'),(111,39,'currency','add'),(112,39,'currency','delete'),(113,39,'currency','edit');

/*Table structure for table `tb_permission_group` */

DROP TABLE IF EXISTS `tb_permission_group`;

CREATE TABLE `tb_permission_group` (
  `id` int(10) unsigned NOT NULL AUTO_INCREMENT COMMENT '主键id',
  `groupid` int(10) unsigned NOT NULL COMMENT '组id',
  `permissionid` int(10) unsigned NOT NULL COMMENT '权限id',
  PRIMARY KEY (`id`)
) ENGINE=InnoDB AUTO_INCREMENT=76 DEFAULT CHARSET=utf8mb4 COLLATE=utf8mb4_unicode_ci;

/*Data for the table `tb_permission_group` */

insert  into `tb_permission_group`(`id`,`groupid`,`permissionid`) values (28,1,12),(29,1,13),(30,1,14),(31,1,32),(32,1,25),(33,1,15),(34,1,16),(35,1,17),(36,1,18),(37,1,19),(38,1,20),(39,1,21),(40,1,22),(41,1,35),(57,2,12),(58,2,13),(59,2,14),(60,2,23),(61,2,24),(62,2,33),(63,2,34),(64,2,25),(65,2,26),(66,2,27),(67,2,28),(68,2,29),(69,2,30),(70,2,31),(71,2,32),(72,2,36),(73,2,37),(74,1,38),(75,1,39);

/*Table structure for table `tb_picture` */

DROP TABLE IF EXISTS `tb_picture`;

CREATE TABLE `tb_picture` (
  `id` int(10) unsigned NOT NULL AUTO_INCREMENT COMMENT '主键id',
  `name` varchar(100) DEFAULT NULL,
  `filename` varchar(200) DEFAULT NULL,
  `productid` int(11) DEFAULT NULL,
  PRIMARY KEY (`id`),
  KEY `productid` (`productid`)
) ENGINE=InnoDB AUTO_INCREMENT=53 DEFAULT CHARSET=utf8mb4 COMMENT='图片表';

/*Data for the table `tb_picture` */

insert  into `tb_picture`(`id`,`name`,`filename`,`productid`) values (52,'2101040000313(9).jpg','product/2820913bf4d30d3a24560140865bf665.jpg',43);

/*Table structure for table `tb_price` */

DROP TABLE IF EXISTS `tb_price`;

CREATE TABLE `tb_price` (
  `id` int(11) unsigned NOT NULL AUTO_INCREMENT,
  `countryid` int(11) DEFAULT NULL,
  `pricetype` tinyint(4) DEFAULT NULL COMMENT '1=零售价；2=批发价；3=一口价',
  `currencyid` int(11) DEFAULT NULL COMMENT '货币',
  `companyid` int(11) DEFAULT NULL,
  `name` varchar(100) COLLATE utf8_bin DEFAULT NULL COMMENT '价格名称',
  `displayindex` int(11) DEFAULT NULL,
  PRIMARY KEY (`id`),
  KEY `companyid` (`companyid`)
) ENGINE=InnoDB AUTO_INCREMENT=5 DEFAULT CHARSET=utf8 COLLATE=utf8_bin;

/*Data for the table `tb_price` */

insert  into `tb_price`(`id`,`countryid`,`pricetype`,`currencyid`,`companyid`,`name`,`displayindex`) values (1,1,1,4,1,'阿尔巴尼亚零售价',1),(2,4,2,2,1,'奥地利批发',89),(3,1,2,2,1,'批发价',22),(4,58,2,3,NULL,'77',88);

/*Table structure for table `tb_price_setting` */

DROP TABLE IF EXISTS `tb_price_setting`;

CREATE TABLE `tb_price_setting` (
  `id` int(11) unsigned NOT NULL AUTO_INCREMENT,
  `companyid` int(11) DEFAULT NULL,
  `brandid` int(11) DEFAULT NULL,
  `brandgroupid` int(11) DEFAULT NULL,
  `brandgroupchildid` int(11) DEFAULT NULL,
  `ageseasonid` int(11) DEFAULT NULL,
  `seriesid` int(11) DEFAULT NULL,
  `discount` float(10,2) DEFAULT NULL COMMENT '倍率',
  `sort_value` char(60) COLLATE utf8_bin DEFAULT NULL,
  `priceid` int(11) DEFAULT NULL COMMENT '价格id',
  `filter` tinyint(11) DEFAULT NULL COMMENT '1=个位取整；2=十位取整；3=不取整',
  PRIMARY KEY (`id`),
  UNIQUE KEY `companyid` (`companyid`,`priceid`,`brandid`,`brandgroupid`,`brandgroupchildid`,`ageseasonid`,`seriesid`)
) ENGINE=InnoDB AUTO_INCREMENT=15 DEFAULT CHARSET=utf8 COLLATE=utf8_bin;

/*Data for the table `tb_price_setting` */

insert  into `tb_price_setting`(`id`,`companyid`,`brandid`,`brandgroupid`,`brandgroupchildid`,`ageseasonid`,`seriesid`,`discount`,`sort_value`,`priceid`,`filter`) values (1,1,1,1,4,2,3,1.30,'000000000001000000000001000000000004000000000002000000000003',1,1),(2,1,126,0,0,0,0,1.20,'000000000126000000000000000000000000000000000000000000000000',2,2),(6,1,1,1,0,0,0,1.50,'000000000001000000000001000000000000000000000000000000000000',2,NULL),(7,1,1,1,4,0,0,0.00,'000000000001000000000001000000000004000000000000000000000000',2,NULL),(9,1,1,4,0,0,0,1.20,'000000000001000000000004000000000000000000000000000000000000',1,NULL),(11,1,1,5,0,0,0,1.20,'000000000001000000000005000000000000000000000000000000000000',1,NULL),(12,1,5,0,0,0,0,3.00,'000000000005000000000000000000000000000000000000000000000000',1,1),(13,1,5,1,0,0,0,0.50,'000000000005000000000001000000000000000000000000000000000000',2,2),(14,1,10,1,0,0,0,1.50,'000000000010000000000001000000000000000000000000000000000000',2,2);

/*Table structure for table `tb_product` */

DROP TABLE IF EXISTS `tb_product`;

CREATE TABLE `tb_product` (
  `id` int(10) unsigned NOT NULL AUTO_INCREMENT COMMENT '主键id',
  `productname` varchar(50) DEFAULT NULL,
  `wordcode_1` varchar(50) DEFAULT NULL,
  `wordcode_2` varchar(50) DEFAULT NULL,
  `wordcode_3` varchar(50) DEFAULT NULL,
  `wordcode_4` varchar(50) DEFAULT NULL,
  `wordprice` decimal(16,2) DEFAULT NULL COMMENT '国际零售价',
  `wordpricecurrency` int(10) DEFAULT NULL COMMENT '国际零售价币种',
  `gender` varchar(100) DEFAULT NULL COMMENT '0-女式 1-男士 2-中性',
  `brandid` int(10) unsigned DEFAULT NULL COMMENT '品牌',
  `brandgroupid` int(10) unsigned DEFAULT NULL COMMENT '品类',
  `childbrand` int(10) unsigned DEFAULT NULL,
  `brandcolor` int(11) DEFAULT NULL COMMENT '色系id',
  `picture2` varchar(100) DEFAULT NULL COMMENT '副图',
  `picture` varchar(100) DEFAULT NULL COMMENT '主图',
  `ageseason` varchar(200) DEFAULT NULL COMMENT '年代',
  `countries` varchar(100) DEFAULT NULL COMMENT '产地',
  `material` int(10) unsigned DEFAULT NULL,
  `producttemplate` int(10) unsigned DEFAULT NULL,
  `spring` tinyint(1) DEFAULT '0',
  `summer` tinyint(1) DEFAULT '0',
  `fall` tinyint(1) DEFAULT '0',
  `winter` tinyint(1) DEFAULT '0',
  `laststoragedate` varchar(19) DEFAULT NULL COMMENT '最后入库时间',
  `aliases` varchar(100) DEFAULT NULL COMMENT '别名',
  `series` varchar(100) DEFAULT NULL COMMENT '商品系列',
  `series2` varchar(100) DEFAULT NULL COMMENT '商品子系列',
  `ulnarinch` int(11) DEFAULT NULL COMMENT '商品尺寸',
  `factoryprice` decimal(16,2) DEFAULT NULL COMMENT '出厂价',
  `factorypricecurrency` int(10) DEFAULT NULL COMMENT '出厂价币种',
  `nationalfactoryprice` decimal(16,2) DEFAULT NULL COMMENT '国内出厂价',
  `nationalfactorypricecurrency` int(10) DEFAULT NULL COMMENT '国内出厂价币种',
  `product_group` varchar(200) DEFAULT NULL COMMENT '同款不同色数据',
  `nationalpricecurrency` int(4) DEFAULT NULL,
  `nationalprice` decimal(16,2) DEFAULT NULL COMMENT '国内价格',
  `memo` varchar(100) DEFAULT NULL COMMENT '备注',
  `sizecontentids` varchar(100) DEFAULT NULL COMMENT '尺码ids',
  `sizetopid` int(11) DEFAULT NULL COMMENT '尺码模板',
  `companyid` int(11) DEFAULT NULL,
  `makestaff` int(11) DEFAULT NULL COMMENT '建档人',
  `productmemoids` varchar(100) DEFAULT NULL COMMENT '商品描述',
  `maketime` datetime DEFAULT NULL COMMENT '建档时间',
  `colorname` varchar(100) DEFAULT NULL COMMENT '品牌颜色名称',
  `saletypeid` int(11) DEFAULT NULL COMMENT '销售属性',
  PRIMARY KEY (`id`)
) ENGINE=InnoDB AUTO_INCREMENT=58 DEFAULT CHARSET=utf8mb4 COMMENT='商品表';

/*Data for the table `tb_product` */

insert  into `tb_product`(`id`,`productname`,`wordcode_1`,`wordcode_2`,`wordcode_3`,`wordcode_4`,`wordprice`,`wordpricecurrency`,`gender`,`brandid`,`brandgroupid`,`childbrand`,`brandcolor`,`picture2`,`picture`,`ageseason`,`countries`,`material`,`producttemplate`,`spring`,`summer`,`fall`,`winter`,`laststoragedate`,`aliases`,`series`,`series2`,`ulnarinch`,`factoryprice`,`factorypricecurrency`,`nationalfactoryprice`,`nationalfactorypricecurrency`,`product_group`,`nationalpricecurrency`,`nationalprice`,`memo`,`sizecontentids`,`sizetopid`,`companyid`,`makestaff`,`productmemoids`,`maketime`,`colorname`,`saletypeid`) values (1,'BOUTIQUE MOSCHINO 女士黄色长袖T恤衫','111','aaa','xty','','275.00',2,'3',5,1,2,6,'product/0820505ecba45bc993739ba4152aeecf.jpg','product/d237442d5a8662c9a997666a652d5693.jpg','6,7','2,1',0,0,0,0,0,5,'','','0','0',0,'110.00',1,'125.00',2,'1,6|9,2|11,5|10,3',2,'300.00','4444','5,1,3,4',1,1,1,'','2019-04-19 19:45:07',NULL,NULL),(2,'PRADA 黑色斜跨包','111','aaa','789','','3500.00',2,'4',6,2,16,2,'product/ae8deb1ae3139a6e603475441d75680f.jpg','product/91a791ff46592e73f3b37a5e293a0033.jpg','4','6',0,0,0,0,0,0,'','','0','0',0,'1800.00',2,'2000.00',2,'2,2|12,3',NULL,'0.00','','10,11,12',2,1,NULL,'',NULL,NULL,NULL),(3,'CELINE 女士黑色皮秋千手提包','111','bbb','345','','5000.00',5,'',7,2,17,1,'product/6b68287325bb6c177db50fc2df87b60c.jpg','product/648b73a8f8f5fea0b2d4b5350cb011fb.jpg','8','7',0,0,0,0,0,0,'','','0','0',0,'3000.00',5,'3500.00',5,'',5,'4000.00','','',2,1,1,'',NULL,NULL,NULL),(4,'FENDI棕色猫眼太阳眼镜','111','aaa','555','','2600.00',3,'',8,6,18,1,'product/02527a4f790df36804113733063d950e.jpg','product/229af358a71ac1ff37121de9d945377f.jpg','2','7',0,0,0,0,0,0,'','','0','0',0,'1200.00',3,'1500.00',3,'',5,'1800.00','','',1,1,1,'',NULL,NULL,NULL),(5,'FENDI 女士巧克力色腰带','111','aaa','345','','150.00',1,'',8,7,19,1,'product/52df0f5164d0a27477eed0f2f68470b5.jpg','product/dec023d82f398c2aa2408c589aa13ec3.jpg','8','7',0,0,0,0,0,0,'','','0','0',0,'100.00',1,'0.00',0,'',1,'150.00','','',1,1,1,'',NULL,NULL,NULL),(6,'CHIARA FERRAGNI 女士黑色背包','111','aaa','234','','0.00',0,'',9,2,12,3,'product/c150ec24aa1394ec267e5bc80b835c5f.jpg','product/18f80ccfeb3cac2bf41e7bf14ff5fa5c.jpg','8','8',0,0,0,0,0,0,'','','0','0',0,'0.00',0,'0.00',0,'',NULL,'0.00','',NULL,1,1,1,NULL,NULL,NULL,NULL),(7,'333377','111','aaa','123','','0.00',0,'',5,2,12,2,'product/75d558e4814861b7ceafa5e735ba0079.jpg','product/f12c64fefbfa5e8ec9d83c4353e170be.jpg','3','6',0,0,0,0,0,0,'','','0','0',0,'0.00',0,'0.00',0,'',NULL,'0.00','',NULL,1,1,1,NULL,NULL,NULL,NULL),(9,'BOUTIQUE MOSCHINO 女士黄色长袖T恤衫','111','aaa','bbb','','275.00',2,'5',5,5,15,2,'product/65ff30e7c8a1d58a2a3095aa17e5f016.jpg','product/bd005df1ad6841e6bca33f95030ea811.jpg','6,7','2,1',0,0,0,0,0,5,'','','0','0',0,'110.00',2,'125.00',2,'1,6|9,2|11,5|10,3',NULL,'0.00','',NULL,1,1,1,NULL,NULL,NULL,NULL),(10,'BOUTIQUE MOSCHINO 女士黄色长袖T恤衫','111','aaa','ccc','','275.00',2,'4',5,5,15,3,'product/fa8f179cd9f793dcff00853c556cd644.jpg','product/d6b8d1d7c68f5cdc04fcd63a0375bf0e.jpg','6,7','2,1',0,0,0,0,0,5,'','','0','0',0,'110.00',2,'125.00',2,'1,6|9,2|11,5|10,3',NULL,'0.00','','15,5,19',1,1,1,'',NULL,NULL,NULL),(11,'BOUTIQUE MOSCHINO 女士黄色长袖T恤衫','111','aaa','ddd','','275.00',2,'3',5,5,15,5,'','','6,7','2,1',0,0,0,0,0,5,'','','0','0',0,'110.00',2,'125.00',2,'1,6|9,2|11,5|10,3',NULL,'0.00','','5,4',1,1,1,'',NULL,NULL,NULL),(12,'PRADA 黑色斜跨包','111','aaa','333','','3500.00',2,'4',6,2,16,3,'','','4','6',0,0,NULL,NULL,NULL,NULL,NULL,'','0','0',0,'1800.00',2,'2000.00',2,'2,2|12,3',NULL,'0.00',NULL,NULL,2,1,NULL,NULL,NULL,NULL,NULL),(13,NULL,'111','222','a','','0.00',0,'',1,2,13,1,'','','4,3','',0,0,0,0,0,0,'',NULL,'',NULL,0,'0.00',0,NULL,NULL,NULL,0,'0.00','','15,14,13',1,1,1,'','2019-04-23 14:23:08',NULL,NULL),(14,NULL,'111','222','b','','0.00',0,'',1,2,13,2,'','','4,3','',0,0,0,0,0,0,'',NULL,'',NULL,0,'0.00',0,NULL,NULL,NULL,0,'0.00','','15,14,13',1,1,1,'','2019-04-23 14:23:08',NULL,NULL),(15,NULL,'111','222','c','','0.00',0,'',1,2,13,3,'','','4,3','',0,0,0,0,0,0,'',NULL,'',NULL,0,'0.00',0,NULL,NULL,NULL,0,'0.00','','15,14,13',1,1,1,'','2019-04-23 14:23:08',NULL,NULL),(16,NULL,'111','222','d','','0.00',0,'',1,2,13,4,'','','4,3','',0,0,0,0,0,0,'',NULL,'',NULL,0,'0.00',0,NULL,NULL,NULL,0,'0.00','','15,14,13',1,1,1,'','2019-04-23 14:23:08',NULL,NULL),(17,NULL,'111','222','a','','0.00',0,'',1,2,13,1,'','','4,3','',0,0,0,0,0,0,'',NULL,'',NULL,0,'0.00',0,NULL,NULL,'17,1|18,2|19,3|20,4',0,'0.00','','15,14,13',1,1,1,'','2019-04-23 14:23:30',NULL,NULL),(18,NULL,'111','222','b','','0.00',0,'',1,2,13,2,'','','4,3','',0,0,0,0,0,0,'',NULL,'',NULL,0,'0.00',0,NULL,NULL,'17,1|18,2|19,3|20,4',0,'0.00','','15,14,13',1,1,1,'','2019-04-23 14:23:30',NULL,NULL),(19,NULL,'111','222','c','','0.00',0,'',1,2,13,3,'','','4,3','',0,0,0,0,0,0,'',NULL,'',NULL,0,'0.00',0,NULL,NULL,'17,1|18,2|19,3|20,4',0,'0.00','','15,14,13',1,1,1,'','2019-04-23 14:23:30',NULL,NULL),(20,NULL,'111','222','d','','0.00',0,'',1,2,13,4,'','','4,3','',0,0,0,0,0,0,'',NULL,'',NULL,0,'0.00',0,NULL,NULL,'17,1|18,2|19,3|20,4',0,'0.00','','15,14,13',1,1,1,'','2019-04-23 14:23:30',NULL,NULL),(21,NULL,'111','222','a','','22.00',9,'5',1,2,13,1,'product/a187b67515a22b7bd4321630260847f5.jpg','product/b65882400feddb8556c4903e2d17592d.jpg','4,3','28',0,0,1,1,1,1,'',NULL,'',NULL,0,'1000.00',1,'40.00',9,'21,1|22,2|23,3|24,4',5,'300.00','','15,14,13',1,1,1,'','2019-04-23 14:26:48',NULL,NULL),(22,NULL,'111','222','b','','0.00',0,'5',1,2,13,2,'product/236d2b68d902b4d460a59359861c1350.jpg','product/53782b7ae27dfbc92a3baf34931ba173.jpg','4,3','28',0,0,1,1,1,1,'',NULL,'',NULL,0,'0.00',0,NULL,NULL,'21,1|22,2|23,3|24,4',0,'0.00','','15,14,13',1,1,1,'','2019-04-23 14:26:48',NULL,NULL),(23,NULL,'111','222','c','','0.00',0,'5',1,2,13,3,'product/ce60438c10fc38aa14607ba0b3190853.jpg','product/50b559822505cf17664e0a9dda57f134.jpg','4,3','28',0,0,1,1,1,1,'',NULL,'',NULL,0,'0.00',0,NULL,NULL,'21,1|22,2|23,3|24,4',0,'0.00','','15,14,13',1,1,1,'','2019-04-23 14:26:48',NULL,NULL),(24,NULL,'111','222','d','','0.00',0,'5',1,2,13,4,'product/bb2de5875c3591d72ff7ac5b081c2433.jpg','product/f1bd5bc8f9d7394cbd51a1de0bfe893e.jpg','4,3','28',0,0,1,1,1,1,'',NULL,'',NULL,0,'0.00',0,NULL,NULL,'21,1|22,2|23,3|24,4',0,'0.00','','15,14,13',1,1,1,'','2019-04-23 14:26:48',NULL,NULL),(25,NULL,'111','222','a','','900.00',1,'5',1,2,13,1,'product/a187b67515a22b7bd4321630260847f5.jpg','product/b65882400feddb8556c4903e2d17592d.jpg','4,3','28',0,0,1,1,1,1,'',NULL,'',NULL,0,'500.00',1,NULL,NULL,'25,1|26,2|27,3|28,4',1,'800.00','','15,14,13',1,1,1,'','2019-04-23 14:28:49',NULL,NULL),(26,NULL,'111','222','b','','900.00',1,'1',1,2,13,2,'product/236d2b68d902b4d460a59359861c1350.jpg','product/53782b7ae27dfbc92a3baf34931ba173.jpg','4,3','28',0,0,1,1,1,1,'',NULL,'',NULL,0,'500.00',1,'0.00',NULL,'25,1|26,2|27,3|28,4',1,'800.00','','15,14,13',1,1,1,'','2019-04-23 14:28:49',NULL,NULL),(27,NULL,'111','222','c','','900.00',1,'5',1,2,13,3,'product/ce60438c10fc38aa14607ba0b3190853.jpg','product/50b559822505cf17664e0a9dda57f134.jpg','4,3','28',0,0,1,1,1,1,'',NULL,'',NULL,0,'500.00',1,NULL,NULL,'25,1|26,2|27,3|28,4',1,'800.00','','15,14,13',1,1,1,'','2019-04-23 14:28:49',NULL,NULL),(28,NULL,'111','222','d','','900.00',1,'5',1,2,13,4,'product/bb2de5875c3591d72ff7ac5b081c2433.jpg','product/f1bd5bc8f9d7394cbd51a1de0bfe893e.jpg','4,3','28',0,0,1,1,1,1,'',NULL,'',NULL,0,'500.00',1,NULL,NULL,'25,1|26,2|27,3|28,4',1,'800.00','','15,14,13',1,1,1,'','2019-04-23 14:28:49',NULL,NULL),(29,NULL,'xcc','ykk','123','','200.00',2,'1',3,3,7,1,'','product/2de11e6571bc6bd07a2d1c302e3aa6a1.jpg','3','',0,0,1,1,1,1,'',NULL,'',NULL,0,'100.00',2,NULL,NULL,'29,1|30,2',2,'180.00','','13,15,17',1,1,1,'','2019-04-23 14:53:22',NULL,NULL),(30,NULL,'xcc','ykk','223','','200.00',2,'1',3,3,7,2,'','product/ee6a5b298577113aef0f64918b2f9801.jpg','3','',0,0,1,1,1,1,'',NULL,'',NULL,0,'100.00',2,'0.00',NULL,'29,1|30,2',2,'180.00','','13,15,17',1,1,1,'','2019-04-23 14:53:22',NULL,3),(31,NULL,'111','222','55','','0.00',0,'',30,2,16,3,'','','4','',0,0,0,0,0,0,'',NULL,'',NULL,0,'0.00',0,NULL,NULL,'31,3|32,4|33,1',0,'0.00','','197',25,1,1,'','2019-04-23 14:55:43',NULL,NULL),(32,NULL,'111','222','66','','0.00',0,'',30,2,16,4,'','','4','',0,0,0,0,0,0,'',NULL,'',NULL,0,'0.00',0,NULL,NULL,'31,3|32,4|33,1',0,'0.00','','197',25,1,1,'','2019-04-23 14:55:43',NULL,NULL),(33,NULL,'111','222','77','','0.00',0,'',30,2,16,1,'','','4','',0,0,0,0,0,0,'',NULL,'',NULL,0,'0.00',0,NULL,NULL,'31,3|32,4|33,1',0,'0.00','','197',25,1,1,'','2019-04-23 14:55:43',NULL,NULL),(34,'','999','000','aa','','0.00',1,'',1,1,5,1,'','','8,5','58',0,0,0,0,0,0,'',NULL,'',NULL,0,'0.00',1,'0.00',1,'34,1|35,2',1,'0.00','','23,24',2,1,1,'','2019-04-23 14:56:52',NULL,NULL),(35,'','999','000','SSS','','0.00',1,'1',36,1,5,2,'','','8,5','61,13',0,0,0,0,0,0,'',NULL,'2',NULL,0,'0.00',1,'0.00',2,'34,1|35,2',1,'0.00','','23,24',2,1,1,'2,3','2019-04-23 14:56:52',NULL,NULL),(36,NULL,'111','222','ere3','','2300.00',1,'6',3,1,5,1,'product/8b65d124eee4242cc658cd2a593d7a3c.jpg','','3,4','',NULL,0,1,1,1,1,'',NULL,'',NULL,19,'1200.00',1,'0.00',NULL,'36,1|37,2',2,'3500.00','','22,23,25',2,1,1,'2,3','2019-04-26 17:19:53',NULL,NULL),(37,NULL,'111','222','ere4','','2300.00',1,'2',3,1,4,2,'','','3','',NULL,0,1,1,1,1,'',NULL,'',NULL,19,'1200.00',1,'2301.02',NULL,'36,1|37,2',9,'3500.00','','22,23,24,25,26,27,28',2,1,1,'2,3','2019-04-26 17:19:53',NULL,2),(38,NULL,'DEP','XXY','001','','0.00',9,'',10,1,5,6,NULL,'product/e83f72dd87bb56cfd1d08865d9da4bc7.jpg','3','',NULL,NULL,0,0,0,0,'',NULL,'',NULL,0,'0.00',9,'0.00',0,'38,6|39,1|42,3|43,2',0,'0.00','','42,43,44,45,46',6,1,1,'','2019-04-30 11:02:02','6',NULL),(39,NULL,'DEP','XXY','002','','460.00',9,'',10,1,5,1,'',NULL,'3','',NULL,NULL,0,0,0,0,'2019-03-02',NULL,'',NULL,0,'150.00',9,'200.00',0,'38,6|39,1|42,3|43,2',5,'500.00','','42,43,44,45,46',6,1,1,'','2019-04-30 11:02:02','664',NULL),(40,NULL,'dep','xxy','003','','460.00',9,'',10,1,5,3,'','','3','',NULL,NULL,NULL,NULL,NULL,NULL,NULL,NULL,'',NULL,0,'150.00',9,NULL,NULL,'',NULL,'500.00',NULL,NULL,6,1,NULL,NULL,NULL,NULL,NULL),(41,NULL,'dep','xxy','003','','460.00',9,'',10,1,5,3,'','','3','',NULL,NULL,NULL,NULL,NULL,NULL,NULL,NULL,'',NULL,0,'150.00',9,NULL,NULL,'',NULL,'500.00',NULL,NULL,6,1,NULL,NULL,NULL,NULL,NULL),(42,NULL,'DEP','XXY','009','','460.00',9,'',10,1,5,3,NULL,NULL,'3','',NULL,NULL,NULL,NULL,NULL,NULL,NULL,NULL,'',NULL,0,'150.00',9,'200.00',0,'38,6|39,1|42,3|43,2',5,'500.00',NULL,'42,43,44,45,46',6,1,NULL,NULL,NULL,'99',2),(43,NULL,'DEP','XXY','00475','','460.00',9,'',10,1,5,2,NULL,NULL,'3','',NULL,NULL,NULL,NULL,NULL,NULL,NULL,NULL,'',NULL,29,'150.00',9,'200.00',0,'38,6|39,1|42,3|43,2',5,'500.00',NULL,'1,2,3,4,5,6,7',1,1,NULL,NULL,NULL,'88',5),(44,NULL,'XXX','TTT','DFE','','0.00',9,'',1,2,14,0,'','','3','',NULL,NULL,0,0,0,0,'',NULL,'',NULL,0,'0.00',9,'0.00',5,'44,',5,'0.00','','90,91,92,93',12,1,1,'','2019-05-14 16:17:06','深红',0),(45,NULL,'WWW','RRR','EER','','0.00',9,'',2,3,7,0,'','','4','',NULL,NULL,0,0,0,0,'',NULL,'',NULL,0,'0.00',9,'0.00',5,'45,|46,',5,'0.00','','1,3,5,7,9,11,13',1,1,1,'','2019-05-14 16:25:38','',0),(46,NULL,'WWW','RRR','789','','0.00',9,'',2,3,7,0,'','','4','',NULL,NULL,0,0,0,0,'',NULL,'',NULL,0,'0.00',9,'0.00',5,'45,|46,',5,'0.00','','1,3,5,7,9,11,13',1,1,1,'','2019-05-14 16:25:38','',0),(47,NULL,'QQQ','WWW','667','','0.00',9,'',11,6,18,0,'','','3','',NULL,NULL,0,0,0,0,'',NULL,'',NULL,0,'0.00',9,'0.00',5,'47,|48,',5,'0.00','','83,84,85,86,87,88,89',10,1,1,'','2019-05-14 16:26:43','',0),(48,NULL,'QQQ','WWW','778','','0.00',9,'',11,6,18,0,'','','3','',NULL,NULL,0,0,0,0,'',NULL,'',NULL,0,'0.00',9,'0.00',5,'47,|48,',5,'0.00','','83,84,85,86,87,88,89',10,1,1,'','2019-05-14 16:26:43','',0),(49,NULL,'DFF','GGG','RRR','','0.00',9,'',2,3,7,2,'','','3','',NULL,NULL,0,0,0,0,'',NULL,'',NULL,0,'0.00',9,'0.00',5,'49,2|50,3',5,'0.00','','1,3,5,7,9',1,1,1,'','2019-05-14 17:25:22','',0),(50,NULL,'DFF','GGG','567','','0.00',9,'',2,3,7,3,'','','3','',NULL,NULL,0,0,0,0,'',NULL,'',NULL,0,'0.00',9,'0.00',5,'49,2|50,3',5,'0.00','','1,3,5,7,9',1,1,1,'','2019-05-14 17:25:22','',0),(51,NULL,'XXX','PPP','777','','800.00',9,'',24,2,14,0,'','','3','',NULL,NULL,0,0,0,0,'',NULL,'',NULL,0,'500.00',9,'0.00',5,'51,0|52,0|53,0',5,'0.00','','22,23,24,25',2,1,1,'','2019-05-14 17:43:25','',0),(52,NULL,'XXX','PPP','888','','900.00',9,'',24,2,14,0,'','','3','',NULL,NULL,0,0,0,0,'',NULL,'',NULL,0,'500.00',9,'0.00',5,'51,0|52,0|53,0',5,'0.00','','22,23,24,25',2,1,1,'','2019-05-14 17:43:25','',0),(53,NULL,'XXX','PPP','999','','900.00',9,'1',24,2,14,0,'','','3','',NULL,NULL,0,0,0,0,'',NULL,'',NULL,0,'500.00',9,'0.00',5,'51,0|52,0|53,0',5,'0.00','','22,23,24,25',2,1,1,'','2019-05-14 17:43:25','',0),(54,NULL,'XXX','KKK','888','','0.00',9,'',12,2,16,0,'','','3','',NULL,NULL,0,0,0,0,'',NULL,'',NULL,0,'0.00',9,'0.00',5,'54,0|55,0|56,0',5,'0.00','','1,3,5',1,1,1,'','2019-05-14 17:45:30','',0),(55,NULL,'XXX','KKK','999','','0.00',9,'2',12,2,16,0,'','','3','',NULL,NULL,0,0,0,0,'',NULL,'',NULL,0,'0.00',9,'0.00',5,'54,0|55,0|56,0',5,'0.00','','1,3,5',1,1,1,'','2019-05-14 17:45:30','',0),(56,NULL,'XXX','KKK','000','','2100.00',9,'',12,2,16,0,'','','3','',NULL,NULL,0,0,0,0,'',NULL,'',NULL,0,'1000.00',9,'0.00',5,'54,0|55,0|56,0',5,'0.00','','1,3,5',1,1,1,'','2019-05-14 17:45:30','',0),(57,NULL,'SDS','555','909','','2400.00',9,'6',8,1,4,0,'','','3','',NULL,NULL,0,0,0,0,'',NULL,'',NULL,0,'1200.00',9,'0.00',5,'57,0',5,'0.00','','1,2,3,4,5,6,7,8,9,10,11,12,13,14',1,1,1,'','2019-05-14 17:55:45','',0);

/*Table structure for table `tb_product_material` */

DROP TABLE IF EXISTS `tb_product_material`;

CREATE TABLE `tb_product_material` (
  `id` int(11) unsigned NOT NULL AUTO_INCREMENT,
  `productid` int(11) DEFAULT NULL,
  `percent` tinyint(10) DEFAULT NULL,
  `materialid` int(11) DEFAULT NULL,
  `materialnoteid` int(11) DEFAULT NULL,
  PRIMARY KEY (`id`),
  KEY `productid` (`productid`)
) ENGINE=InnoDB AUTO_INCREMENT=10 DEFAULT CHARSET=utf8 COLLATE=utf8_bin;

/*Data for the table `tb_product_material` */

insert  into `tb_product_material`(`id`,`productid`,`percent`,`materialid`,`materialnoteid`) values (1,30,66,1,1),(2,30,37,2,4),(3,36,50,1,2),(4,36,56,6,4),(5,37,50,1,2),(6,37,56,6,4),(7,NULL,100,1,2),(8,43,100,1,2),(9,43,100,11,2);

/*Table structure for table `tb_product_memo` */

DROP TABLE IF EXISTS `tb_product_memo`;

CREATE TABLE `tb_product_memo` (
  `id` int(10) unsigned NOT NULL AUTO_INCREMENT COMMENT '主键id',
  `name_cn` varchar(100) DEFAULT NULL COMMENT '中文名称',
  `name_en` varchar(100) DEFAULT NULL COMMENT '英文名称',
  `name_hk` varchar(100) DEFAULT NULL COMMENT '粤语名称',
  `name_fr` varchar(100) DEFAULT NULL COMMENT '法语名称',
  `name_it` varchar(100) DEFAULT NULL COMMENT '意大利语名称',
  `name_sp` varchar(100) DEFAULT NULL COMMENT '西班牙语名称',
  `name_de` varchar(100) DEFAULT NULL COMMENT '德语名称',
  `displayindex` int(11) DEFAULT '0',
  `brandgroupchildid` int(11) DEFAULT NULL,
  PRIMARY KEY (`id`),
  KEY `brandgroupchildid` (`brandgroupchildid`)
) ENGINE=InnoDB AUTO_INCREMENT=38 DEFAULT CHARSET=utf8mb4 COMMENT='商品描述';

/*Data for the table `tb_product_memo` */

insert  into `tb_product_memo`(`id`,`name_cn`,`name_en`,`name_hk`,`name_fr`,`name_it`,`name_sp`,`name_de`,`displayindex`,`brandgroupchildid`) values (2,'薄款','',NULL,NULL,NULL,NULL,NULL,0,5),(3,'叉肩','chajian',NULL,NULL,NULL,NULL,NULL,0,5),(4,'V领','',NULL,NULL,NULL,NULL,NULL,0,0),(5,'单面',NULL,NULL,NULL,NULL,NULL,NULL,0,NULL),(6,'低帮','','',NULL,'',NULL,NULL,150,NULL),(7,'短袖',NULL,NULL,NULL,NULL,NULL,NULL,0,NULL),(8,'翻毛皮',NULL,NULL,NULL,NULL,NULL,NULL,0,NULL),(9,'高帮','gaobang',NULL,NULL,NULL,NULL,NULL,0,NULL),(10,'格纹',NULL,NULL,NULL,NULL,NULL,NULL,0,NULL),(11,'厚款',NULL,NULL,NULL,NULL,NULL,NULL,0,NULL),(12,'加厚款',NULL,NULL,NULL,NULL,NULL,NULL,0,NULL),(13,'可裁剪',NULL,NULL,NULL,NULL,NULL,NULL,0,NULL),(14,'蕾丝',NULL,NULL,NULL,NULL,NULL,NULL,0,NULL),(15,'连帽',NULL,NULL,NULL,NULL,NULL,NULL,0,NULL),(16,'两件套',NULL,NULL,NULL,NULL,NULL,NULL,0,NULL),(17,'迷彩',NULL,NULL,NULL,NULL,NULL,NULL,0,NULL),(18,'牛仔',NULL,NULL,NULL,NULL,NULL,NULL,0,NULL),(19,'欧版',NULL,NULL,NULL,NULL,NULL,NULL,0,NULL),(20,'漆面',NULL,NULL,NULL,NULL,NULL,NULL,0,NULL),(21,'棋盘格',NULL,NULL,NULL,NULL,NULL,NULL,0,NULL),(22,'三件套',NULL,NULL,NULL,NULL,NULL,NULL,0,NULL),(23,'三折',NULL,NULL,NULL,NULL,NULL,NULL,0,NULL),(24,'双面',NULL,NULL,NULL,NULL,NULL,NULL,0,NULL),(25,'双腰带',NULL,NULL,NULL,NULL,NULL,NULL,0,NULL),(26,'双腰带扣',NULL,NULL,NULL,NULL,NULL,NULL,0,NULL),(27,'四件套',NULL,NULL,NULL,NULL,NULL,NULL,0,NULL),(28,'网眼/打孔',NULL,NULL,NULL,NULL,NULL,NULL,0,NULL),(29,'无袖',NULL,NULL,NULL,NULL,NULL,NULL,0,NULL),(30,'压花',NULL,NULL,NULL,NULL,NULL,NULL,0,NULL),(31,'亚洲版',NULL,NULL,NULL,NULL,NULL,NULL,0,NULL),(32,'一字领',NULL,NULL,NULL,NULL,NULL,NULL,0,NULL),(33,'圆领',NULL,NULL,NULL,NULL,NULL,NULL,0,NULL),(34,'针织',NULL,NULL,NULL,NULL,NULL,NULL,0,NULL),(35,'正常',NULL,NULL,NULL,NULL,NULL,NULL,0,NULL),(36,'22','','',NULL,'',NULL,NULL,0,NULL),(37,'11','','',NULL,'',NULL,NULL,0,NULL);

/*Table structure for table `tb_product_price` */

DROP TABLE IF EXISTS `tb_product_price`;

CREATE TABLE `tb_product_price` (
  `id` int(10) unsigned NOT NULL AUTO_INCREMENT COMMENT '主键id',
  `productid` int(10) unsigned DEFAULT NULL,
  `priceid` int(10) unsigned DEFAULT NULL,
  `currencyid` int(10) unsigned DEFAULT NULL,
  `price` decimal(16,2) DEFAULT NULL,
  `updatestaff` int(11) DEFAULT NULL,
  `updatetime` datetime DEFAULT NULL,
  PRIMARY KEY (`id`),
  UNIQUE KEY `productid` (`productid`,`priceid`)
) ENGINE=InnoDB DEFAULT CHARSET=utf8mb4 COMMENT='成交价，参考价，基准零售价，国内零售价 历史记录';

/*Data for the table `tb_product_price` */

/*Table structure for table `tb_product_search` */

DROP TABLE IF EXISTS `tb_product_search`;

CREATE TABLE `tb_product_search` (
  `id` int(11) NOT NULL AUTO_INCREMENT,
  `productname` varchar(255) COLLATE utf8_bin DEFAULT NULL COMMENT '商品名称',
  `productid` int(11) unsigned DEFAULT NULL COMMENT '商品id',
  `sizetopid` int(11) DEFAULT NULL COMMENT '尺码组id',
  `brandgroupid` int(11) DEFAULT NULL COMMENT '品类id',
  `childbrand` int(11) DEFAULT NULL COMMENT '子品类id',
  `number` int(11) DEFAULT NULL,
  `picture` varchar(100) COLLATE utf8_bin DEFAULT NULL COMMENT '主图',
  `picture2` varchar(100) COLLATE utf8_bin DEFAULT NULL COMMENT '副图',
  `color` varchar(20) COLLATE utf8_bin DEFAULT NULL COMMENT '颜色',
  `color_group` varchar(255) COLLATE utf8_bin DEFAULT NULL COMMENT '同组颜色',
  `companyid` int(11) DEFAULT NULL,
  UNIQUE KEY `companyid_2` (`companyid`,`productid`),
  KEY `id` (`id`),
  KEY `companyid` (`companyid`,`brandgroupid`,`childbrand`)
) ENGINE=InnoDB AUTO_INCREMENT=8 DEFAULT CHARSET=utf8 COLLATE=utf8_bin;

/*Data for the table `tb_product_search` */

insert  into `tb_product_search`(`id`,`productname`,`productid`,`sizetopid`,`brandgroupid`,`childbrand`,`number`,`picture`,`picture2`,`color`,`color_group`,`companyid`) values (6,'PRADA 黑色斜跨包',2,2,2,16,8,'product/91a791ff46592e73f3b37a5e293a0033.jpg','product/ae8deb1ae3139a6e603475441d75680f.jpg',NULL,NULL,1),(7,'BOUTIQUE MOSCHINO 女士黄色长袖T恤衫',1,1,5,15,23,'product/d237442d5a8662c9a997666a652d5693.jpg','product/0820505ecba45bc993739ba4152aeecf.jpg',NULL,NULL,1);

/*Table structure for table `tb_product_size_property` */

DROP TABLE IF EXISTS `tb_product_size_property`;

CREATE TABLE `tb_product_size_property` (
  `id` int(11) unsigned NOT NULL AUTO_INCREMENT,
  `productid` int(11) DEFAULT NULL,
  `sizecontentid` int(11) DEFAULT NULL,
  `propertyid` int(11) DEFAULT NULL,
  `content` varchar(100) COLLATE utf8_bin DEFAULT NULL,
  PRIMARY KEY (`id`),
  UNIQUE KEY `productid` (`productid`,`sizecontentid`,`propertyid`)
) ENGINE=InnoDB AUTO_INCREMENT=19 DEFAULT CHARSET=utf8 COLLATE=utf8_bin;

/*Data for the table `tb_product_size_property` */

insert  into `tb_product_size_property`(`id`,`productid`,`sizecontentid`,`propertyid`,`content`) values (1,1,5,12,'33'),(2,1,5,13,'23'),(3,1,1,13,'232'),(4,1,1,12,'23'),(5,1,3,13,'323'),(6,1,3,12,'23'),(7,1,4,12,'232'),(8,1,4,15,'88'),(9,37,22,2,'33'),(10,37,22,3,'44'),(11,37,22,1,'33'),(12,37,24,2,'45'),(13,37,24,3,'66'),(14,37,24,1,'77'),(15,37,25,1,'88'),(16,37,25,5,'999'),(17,37,24,5,'00'),(18,37,23,5,'');

/*Table structure for table `tb_productcode` */

DROP TABLE IF EXISTS `tb_productcode`;

CREATE TABLE `tb_productcode` (
  `id` int(11) unsigned NOT NULL AUTO_INCREMENT,
  `productid` int(11) unsigned DEFAULT NULL,
  `sizecontentid` int(11) unsigned DEFAULT NULL,
  `goods_code` varchar(50) COLLATE utf8_bin DEFAULT NULL COMMENT '货号',
  PRIMARY KEY (`id`),
  UNIQUE KEY `productid` (`productid`,`sizecontentid`)
) ENGINE=InnoDB AUTO_INCREMENT=6 DEFAULT CHARSET=utf8 COLLATE=utf8_bin;

/*Data for the table `tb_productcode` */

insert  into `tb_productcode`(`id`,`productid`,`sizecontentid`,`goods_code`) values (1,1,1,'23564569891'),(2,1,2,'23564569892'),(3,1,3,'23564569893'),(4,1,4,'23564569894'),(5,1,5,'23564569895');

/*Table structure for table `tb_productinnards` */

DROP TABLE IF EXISTS `tb_productinnards`;

CREATE TABLE `tb_productinnards` (
  `id` int(10) unsigned NOT NULL AUTO_INCREMENT COMMENT '主键id',
  `name_cn` varchar(100) DEFAULT NULL COMMENT '中文名称',
  `name_en` varchar(100) DEFAULT NULL COMMENT '英文名称',
  `name_hk` varchar(100) DEFAULT NULL COMMENT '粤语名称',
  `name_fr` varchar(100) DEFAULT NULL COMMENT '法语名称',
  `name_it` varchar(100) DEFAULT NULL COMMENT '意大利语名称',
  `name_sp` varchar(100) DEFAULT NULL COMMENT '西班牙语名称',
  `name_de` varchar(100) DEFAULT NULL COMMENT '德语名称',
  PRIMARY KEY (`id`)
) ENGINE=InnoDB AUTO_INCREMENT=2 DEFAULT CHARSET=utf8mb4 COMMENT='内部结构';

/*Data for the table `tb_productinnards` */

insert  into `tb_productinnards`(`id`,`name_cn`,`name_en`,`name_hk`,`name_fr`,`name_it`,`name_sp`,`name_de`) values (1,'拉链','','',NULL,NULL,NULL,NULL);

/*Table structure for table `tb_productparts` */

DROP TABLE IF EXISTS `tb_productparts`;

CREATE TABLE `tb_productparts` (
  `id` int(10) unsigned NOT NULL AUTO_INCREMENT COMMENT '主键id',
  `partscode` varchar(50) DEFAULT NULL,
  `name_cn` varchar(100) DEFAULT NULL COMMENT '中文名称',
  `name_en` varchar(100) DEFAULT NULL COMMENT '英文名称',
  `name_hk` varchar(100) DEFAULT NULL COMMENT '粤语名称',
  `name_fr` varchar(100) DEFAULT NULL COMMENT '法语名称',
  `name_it` varchar(100) DEFAULT NULL COMMENT '意大利语名称',
  `name_sp` varchar(100) DEFAULT NULL COMMENT '西班牙语名称',
  `name_de` varchar(100) DEFAULT NULL COMMENT '德语名称',
  `packflag` varchar(1) DEFAULT NULL,
  PRIMARY KEY (`id`)
) ENGINE=InnoDB AUTO_INCREMENT=3 DEFAULT CHARSET=utf8mb4 COMMENT='附带配件\n';

/*Data for the table `tb_productparts` */

insert  into `tb_productparts`(`id`,`partscode`,`name_cn`,`name_en`,`name_hk`,`name_fr`,`name_it`,`name_sp`,`name_de`,`packflag`) values (1,'001','挂钩','','',NULL,NULL,NULL,NULL,'0'),(2,'002','鞋带','','',NULL,NULL,NULL,NULL,'');

/*Table structure for table `tb_productstock` */

DROP TABLE IF EXISTS `tb_productstock`;

CREATE TABLE `tb_productstock` (
  `id` int(11) unsigned NOT NULL AUTO_INCREMENT COMMENT '主键id',
  `goodsid` int(10) unsigned DEFAULT NULL,
  `productid` int(10) unsigned NOT NULL,
  `sizecontentid` int(10) unsigned NOT NULL,
  `defective_level` tinyint(11) DEFAULT '0' COMMENT '残次品等级；0=合格品 1=残次品',
  `property` tinyint(1) DEFAULT NULL COMMENT '0-自采 1-代销',
  `warehouseid` int(10) unsigned NOT NULL COMMENT '仓库id',
  `companyid` int(11) NOT NULL,
  `create_time` datetime DEFAULT NULL COMMENT '创建时间',
  `create_stuff` int(10) unsigned DEFAULT NULL COMMENT '创建人',
  `change_time` datetime DEFAULT NULL COMMENT '修改时间',
  `change_stuff` int(10) unsigned DEFAULT NULL COMMENT '修改人',
  `number` int(11) NOT NULL DEFAULT '0' COMMENT '数量',
  PRIMARY KEY (`id`),
  UNIQUE KEY `companyid` (`companyid`,`warehouseid`,`goodsid`),
  KEY `warehouseid` (`warehouseid`,`defective_level`)
) ENGINE=InnoDB AUTO_INCREMENT=27 DEFAULT CHARSET=utf8mb4 COMMENT='库存';

/*Data for the table `tb_productstock` */

insert  into `tb_productstock`(`id`,`goodsid`,`productid`,`sizecontentid`,`defective_level`,`property`,`warehouseid`,`companyid`,`create_time`,`create_stuff`,`change_time`,`change_stuff`,`number`) values (1,1,1,3,0,1,2,1,'2019-03-26 12:03:35',1,'2019-03-30 14:20:40',1,3),(2,2,1,4,0,2,2,1,'2019-03-26 12:03:35',1,'2019-03-30 14:20:40',1,12),(3,2,1,4,0,2,4,1,'2019-03-28 09:26:28',1,'2019-04-18 19:18:06',1,0),(4,1,1,3,0,1,4,1,'2019-03-28 09:26:28',1,'2019-04-18 19:18:06',1,0),(5,9,2,11,0,1,2,1,'2019-03-30 10:49:49',1,'2019-03-30 10:49:49',1,2),(6,10,2,12,0,1,2,1,'2019-03-30 10:49:49',1,'2019-03-30 10:49:49',1,2),(7,11,2,13,0,1,2,1,'2019-03-30 10:49:49',1,'2019-03-30 10:49:49',1,1),(8,1,1,3,0,1,1,1,'2019-03-30 14:18:55',1,'2019-04-01 17:50:56',1,3),(9,2,1,4,0,2,1,1,'2019-03-30 14:18:55',1,'2019-03-30 14:20:58',1,5),(16,18,2,6,0,1,2,1,'2019-04-01 17:50:11',1,'2019-04-01 17:50:11',1,1),(17,19,2,7,0,1,2,1,'2019-04-01 17:50:11',1,'2019-04-01 17:50:11',1,2),(18,1,1,3,0,1,5,1,'2019-04-01 17:50:48',1,'2019-04-18 19:18:13',1,5),(19,20,1,5,0,1,5,1,'2019-04-18 19:08:10',1,'2019-04-18 19:08:10',1,1),(20,21,1,1,0,1,5,1,'2019-04-18 19:08:10',1,'2019-04-18 19:08:10',1,1),(21,22,1,4,0,1,5,1,'2019-04-18 19:10:45',1,'2019-04-18 19:10:45',1,1),(22,18,2,6,0,1,5,1,'2019-04-18 19:10:45',1,'2019-04-18 19:20:26',1,0),(23,23,2,8,0,1,5,1,'2019-04-18 19:10:45',1,'2019-04-18 19:10:45',1,3),(24,24,2,9,0,1,5,1,'2019-04-18 19:10:45',1,'2019-04-18 19:10:45',1,5),(25,25,2,10,0,1,5,1,'2019-04-18 19:10:45',1,'2019-04-18 19:10:45',1,2),(26,2,1,4,0,2,5,1,'2019-04-18 19:17:40',1,'2019-04-18 19:18:13',1,3);

/*Table structure for table `tb_productstock_log` */

DROP TABLE IF EXISTS `tb_productstock_log`;

CREATE TABLE `tb_productstock_log` (
  `id` int(11) NOT NULL AUTO_INCREMENT,
  `warehouseid` int(11) NOT NULL,
  `productstockid` int(11) NOT NULL,
  `number_before` int(11) NOT NULL,
  `number_after` int(11) NOT NULL,
  `change_type` int(11) NOT NULL,
  `change_time` datetime NOT NULL,
  `relationid` int(11) DEFAULT NULL,
  `companyid` int(11) DEFAULT NULL,
  `change_stuff` int(11) DEFAULT NULL COMMENT '操作人',
  PRIMARY KEY (`id`),
  KEY `companyid` (`companyid`,`warehouseid`),
  KEY `companyid_2` (`companyid`,`productstockid`)
) ENGINE=InnoDB AUTO_INCREMENT=40 DEFAULT CHARSET=utf8 COLLATE=utf8_bin;

/*Data for the table `tb_productstock_log` */

insert  into `tb_productstock_log`(`id`,`warehouseid`,`productstockid`,`number_before`,`number_after`,`change_type`,`change_time`,`relationid`,`companyid`,`change_stuff`) values (1,2,2,10,6,3,'2019-03-28 09:27:22',1,1,1),(2,2,1,10,5,3,'2019-03-28 09:27:22',2,1,1),(3,4,3,0,3,2,'2019-03-28 09:28:37',1,1,1),(4,4,4,0,4,2,'2019-03-28 09:28:37',2,1,1),(5,2,2,6,7,2,'2019-03-28 09:55:43',5,1,1),(6,2,1,5,6,2,'2019-03-28 09:55:43',6,1,1),(7,2,1,6,5,1,'2019-03-29 11:12:14',14,1,1),(8,2,2,7,5,1,'2019-03-29 11:18:59',15,1,1),(9,2,1,5,4,1,'2019-03-29 11:18:59',16,1,1),(10,2,2,5,3,1,'2019-03-29 11:26:59',17,1,1),(11,2,1,4,1,1,'2019-03-29 11:26:59',18,1,1),(12,2,1,10,6,1,'2019-03-29 11:29:07',19,1,1),(13,2,2,20,17,1,'2019-03-29 11:29:07',20,1,1),(14,2,5,0,2,4,'2019-03-30 10:49:49',13,1,1),(15,2,6,0,2,4,'2019-03-30 10:49:49',14,1,1),(16,2,7,0,1,4,'2019-03-30 10:49:49',15,1,1),(17,4,4,4,2,3,'2019-03-30 14:19:26',8,1,1),(18,2,2,17,12,3,'2019-03-30 14:20:40',9,1,1),(19,2,1,6,3,3,'2019-03-30 14:20:40',10,1,1),(20,1,9,0,5,2,'2019-03-30 14:20:58',9,1,1),(21,1,8,0,3,2,'2019-03-30 14:20:58',10,1,1),(22,1,8,3,5,2,'2019-03-30 14:21:24',8,1,1),(23,2,16,0,1,4,'2019-04-01 17:50:11',22,1,1),(24,2,17,0,2,4,'2019-04-01 17:50:11',23,1,1),(25,1,8,5,3,3,'2019-04-01 17:50:56',11,1,1),(26,5,18,0,2,2,'2019-04-01 17:51:00',11,1,1),(27,5,19,0,1,4,'2019-04-18 19:08:10',24,1,1),(28,5,20,0,1,4,'2019-04-18 19:08:10',25,1,1),(29,5,18,2,3,4,'2019-04-18 19:08:10',26,1,1),(30,5,21,0,1,4,'2019-04-18 19:10:45',27,1,1),(31,5,22,0,1,4,'2019-04-18 19:10:45',28,1,1),(32,5,23,0,3,4,'2019-04-18 19:10:45',29,1,1),(33,5,24,0,5,4,'2019-04-18 19:10:45',30,1,1),(34,5,25,0,2,4,'2019-04-18 19:10:45',31,1,1),(35,4,3,3,0,3,'2019-04-18 19:18:06',16,1,1),(36,4,4,2,0,3,'2019-04-18 19:18:06',17,1,1),(37,5,26,0,3,2,'2019-04-18 19:18:13',16,1,1),(38,5,18,3,5,2,'2019-04-18 19:18:13',17,1,1),(39,5,22,1,0,1,'2019-04-18 19:20:26',21,1,1);

/*Table structure for table `tb_productstock_snapshot` */

DROP TABLE IF EXISTS `tb_productstock_snapshot`;

CREATE TABLE `tb_productstock_snapshot` (
  `id` int(10) unsigned NOT NULL AUTO_INCREMENT COMMENT '主键id',
  `snapdate` datetime DEFAULT NULL,
  `productstockid` int(10) unsigned DEFAULT NULL,
  `productid` int(10) unsigned DEFAULT NULL,
  `sizeid` int(10) unsigned DEFAULT NULL,
  `stockid` int(10) unsigned DEFAULT NULL,
  `productno` bigint(20) DEFAULT NULL,
  `selltime` datetime DEFAULT NULL,
  `sellprice` decimal(16,9) DEFAULT NULL,
  `cost` decimal(16,9) DEFAULT NULL,
  `selltype` int(11) DEFAULT NULL COMMENT '0-待销\n            1-已售出\n            2-预定\n            3-在途\n            4-调拨锁定',
  `dealprice` decimal(16,9) DEFAULT NULL,
  `qualitystatus` int(11) DEFAULT NULL COMMENT '0-合格品\n            1-残次品\n            2-库存差异',
  `sellstaff` int(10) unsigned DEFAULT NULL,
  `corderid` int(10) unsigned DEFAULT NULL,
  `currencyid` int(10) unsigned DEFAULT NULL,
  `memo` varchar(500) DEFAULT NULL,
  `cpdate` datetime DEFAULT NULL,
  `intime` datetime DEFAULT NULL,
  `property` varchar(1) DEFAULT NULL COMMENT '0-自采 1-代销',
  `kpflag` varchar(1) DEFAULT NULL COMMENT '0-未开票 1-已开票',
  `decadeid` int(10) unsigned NOT NULL,
  PRIMARY KEY (`id`)
) ENGINE=InnoDB DEFAULT CHARSET=utf8mb4 COMMENT='库存快照表';

/*Data for the table `tb_productstock_snapshot` */

/*Table structure for table `tb_producttemplate` */

DROP TABLE IF EXISTS `tb_producttemplate`;

CREATE TABLE `tb_producttemplate` (
  `id` int(10) unsigned NOT NULL AUTO_INCREMENT COMMENT '主键id',
  `name_cn` varchar(100) DEFAULT NULL COMMENT '中文名称',
  `name_en` varchar(100) DEFAULT NULL COMMENT '英文名称',
  `name_hk` varchar(100) DEFAULT NULL COMMENT '粤语名称',
  `name_fr` varchar(100) DEFAULT NULL COMMENT '法语名称',
  `name_it` varchar(100) DEFAULT NULL COMMENT '意大利语名称',
  `name_sp` varchar(100) DEFAULT NULL COMMENT '西班牙语名称',
  `name_de` varchar(100) DEFAULT NULL COMMENT '德语名称',
  `picture` varchar(200) DEFAULT NULL,
  PRIMARY KEY (`id`)
) ENGINE=InnoDB AUTO_INCREMENT=2 DEFAULT CHARSET=utf8mb4 COMMENT='商品模板-主表';

/*Data for the table `tb_producttemplate` */

insert  into `tb_producttemplate`(`id`,`name_cn`,`name_en`,`name_hk`,`name_fr`,`name_it`,`name_sp`,`name_de`,`picture`) values (1,'44','','',NULL,NULL,NULL,NULL,'producttemplate/ec0fbceab6b1c0ea0b6fd84665e318d5.jpg');

/*Table structure for table `tb_property` */

DROP TABLE IF EXISTS `tb_property`;

CREATE TABLE `tb_property` (
  `id` int(10) unsigned NOT NULL AUTO_INCREMENT COMMENT '主键id',
  `name_cn` varchar(100) DEFAULT NULL COMMENT '中文名称',
  `name_en` varchar(100) DEFAULT NULL COMMENT '英文名称',
  `name_hk` varchar(100) DEFAULT NULL COMMENT '粤语名称',
  `name_fr` varchar(100) DEFAULT NULL COMMENT '法语名称',
  `name_it` varchar(100) DEFAULT NULL COMMENT '意大利语名称',
  `name_sp` varchar(100) DEFAULT NULL COMMENT '西班牙语名称',
  `name_de` varchar(100) DEFAULT NULL COMMENT '德语名称',
  `displayindex` int(11) DEFAULT NULL,
  PRIMARY KEY (`id`)
) ENGINE=InnoDB AUTO_INCREMENT=47 DEFAULT CHARSET=utf8mb4 COMMENT='属性表';

/*Data for the table `tb_property` */

insert  into `tb_property`(`id`,`name_cn`,`name_en`,`name_hk`,`name_fr`,`name_it`,`name_sp`,`name_de`,`displayindex`) values (1,'宽度','WIDTH',NULL,NULL,NULL,NULL,NULL,20),(2,'肩宽','',NULL,NULL,NULL,NULL,NULL,0),(3,'高度','',NULL,NULL,NULL,NULL,NULL,0),(5,'裤脚围','',NULL,NULL,NULL,NULL,NULL,NULL),(6,'内底长度','',NULL,NULL,NULL,NULL,NULL,NULL),(7,'鞋帮高','',NULL,NULL,NULL,NULL,NULL,NULL),(8,'鞋跟高','',NULL,NULL,NULL,NULL,NULL,NULL),(9,'鞋宽','',NULL,NULL,NULL,NULL,NULL,NULL),(10,'跟高','',NULL,NULL,NULL,NULL,NULL,NULL),(11,'内地长度','',NULL,NULL,NULL,NULL,NULL,NULL),(12,'肩宽','SHOULDER',NULL,NULL,NULL,NULL,NULL,NULL),(13,'颈围','NECK',NULL,NULL,NULL,NULL,NULL,NULL),(14,'腰围','WAISTLINE',NULL,NULL,NULL,NULL,NULL,NULL),(15,'臀围','HIP',NULL,NULL,NULL,NULL,NULL,NULL),(16,'裆深','CROTCH DEEP',NULL,NULL,NULL,NULL,NULL,NULL),(17,'裤长','HEIGHT',NULL,NULL,NULL,NULL,NULL,NULL),(18,'高度','HIGH',NULL,NULL,NULL,NULL,NULL,NULL),(19,'宽度','WIDE',NULL,NULL,NULL,NULL,NULL,NULL),(20,'厚度','THICK',NULL,NULL,NULL,NULL,NULL,NULL),(21,'肩带长度','SHOULDER STRAP LENGTH',NULL,NULL,NULL,NULL,NULL,NULL),(22,'提把高度','MENTION THE HEIGHT ',NULL,NULL,NULL,NULL,NULL,NULL),(23,'高度','HIGHT',NULL,NULL,NULL,NULL,NULL,NULL),(25,'衣长','CLOTHES LENGTH',NULL,NULL,NULL,NULL,NULL,NULL),(26,'袖长','OUTSIDE SLEEVE',NULL,NULL,NULL,NULL,NULL,NULL),(27,'胸围','CHEST CIRCUMFERENCE',NULL,NULL,NULL,NULL,NULL,NULL),(28,'臀围','HIPLINE',NULL,NULL,NULL,NULL,NULL,NULL),(29,'前立裆','FRONT FORK',NULL,NULL,NULL,NULL,NULL,NULL),(30,'裤长','LENGTH',NULL,NULL,NULL,NULL,NULL,NULL),(31,'背带高度','BELAY HEIGHT',NULL,NULL,NULL,NULL,NULL,NULL),(32,'腰带宽','BELT WIDTH',NULL,NULL,NULL,NULL,NULL,NULL),(33,'提把高度','PORTABLE HEIGHT',NULL,NULL,NULL,NULL,NULL,NULL),(34,'腰带宽度','BELT WIDTH',NULL,NULL,NULL,NULL,NULL,NULL),(35,'腰带长度','BELT LENGTH',NULL,NULL,NULL,NULL,NULL,NULL),(36,'腰带扣宽度','WIDTH',NULL,NULL,NULL,NULL,NULL,NULL),(37,'腰带扣高度','HIGHT',NULL,NULL,NULL,NULL,NULL,NULL),(38,'肩宽','SHOULDER WIDTH',NULL,NULL,NULL,NULL,NULL,NULL),(39,'胸围','BUSTLINE',NULL,NULL,NULL,NULL,NULL,NULL),(40,'衣长','LENGTH',NULL,NULL,NULL,NULL,NULL,NULL),(41,'裙长','LENGTH',NULL,NULL,NULL,NULL,NULL,NULL),(42,'袖长','SLEEVE LENGTH',NULL,NULL,NULL,NULL,NULL,NULL),(43,'长度','LENGTH',NULL,NULL,NULL,NULL,NULL,NULL),(44,'直径','DIAMETER',NULL,NULL,NULL,NULL,NULL,NULL),(45,'鞋跟高度','HEEL HEIGHT',NULL,NULL,NULL,NULL,NULL,NULL),(46,'鞋帮高度','HIGH',NULL,NULL,NULL,NULL,NULL,NULL);

/*Table structure for table `tb_requisition` */

DROP TABLE IF EXISTS `tb_requisition`;

CREATE TABLE `tb_requisition` (
  `id` int(10) unsigned NOT NULL AUTO_INCREMENT COMMENT '主键id',
  `feecurrencyid` int(10) unsigned DEFAULT NULL,
  `fee` decimal(16,9) DEFAULT NULL,
  `apply_staff` int(10) unsigned NOT NULL,
  `apply_date` datetime NOT NULL,
  `turnin_staff` int(10) unsigned DEFAULT NULL,
  `turnin_date` datetime DEFAULT NULL,
  `turnout_staff` int(10) unsigned DEFAULT NULL,
  `turnout_date` datetime DEFAULT NULL,
  `out_id` int(10) unsigned NOT NULL COMMENT '调出库id',
  `in_id` int(10) unsigned NOT NULL COMMENT '调入库id',
  `memo` varchar(500) DEFAULT NULL,
  `status` tinyint(1) DEFAULT NULL COMMENT '1=出库拒绝 2=出库待确认 3=在途 4=入库拒绝 5=完成',
  `requisitionno` varchar(50) DEFAULT NULL,
  `salesid` int(10) unsigned DEFAULT NULL,
  `ism` tinyint(1) DEFAULT NULL COMMENT '1-主单，0或者空-子单或单对单库调拨单',
  `is_quality` tinyint(1) DEFAULT NULL COMMENT '0-合格品 1-残品',
  `is_amortized` tinyint(1) DEFAULT NULL,
  `expresscomoany` int(1) DEFAULT NULL COMMENT '0-顺丰 1-德邦 2-京东 3-其他',
  `address` char(1) DEFAULT NULL,
  `markno` varchar(50) DEFAULT NULL,
  `is_return` tinyint(1) DEFAULT NULL COMMENT '0-普通调拨单，1-反向调拨单',
  `companyid` int(11) NOT NULL,
  PRIMARY KEY (`id`),
  KEY `out_id` (`out_id`),
  KEY `in_id` (`in_id`)
) ENGINE=InnoDB AUTO_INCREMENT=18 DEFAULT CHARSET=utf8mb4 COMMENT='调拨单主表';

/*Data for the table `tb_requisition` */

insert  into `tb_requisition`(`id`,`feecurrencyid`,`fee`,`apply_staff`,`apply_date`,`turnin_staff`,`turnin_date`,`turnout_staff`,`turnout_date`,`out_id`,`in_id`,`memo`,`status`,`requisitionno`,`salesid`,`ism`,`is_quality`,`is_amortized`,`expresscomoany`,`address`,`markno`,`is_return`,`companyid`) values (2,NULL,NULL,1,'2019-03-28 09:26:28',1,'2019-03-28 09:28:37',1,'2019-03-28 09:27:22',2,4,NULL,5,NULL,NULL,NULL,NULL,NULL,NULL,NULL,NULL,NULL,1),(3,NULL,NULL,1,'2019-03-28 09:26:28',NULL,NULL,NULL,NULL,2,4,'out deny',1,NULL,NULL,NULL,NULL,NULL,NULL,NULL,NULL,NULL,1),(4,NULL,NULL,1,'2019-03-28 09:28:37',1,'2019-03-28 09:55:43',1,'2019-03-28 09:28:37',4,2,'in deny',5,NULL,NULL,NULL,NULL,NULL,NULL,NULL,NULL,NULL,1),(10,NULL,NULL,1,'2019-03-30 14:18:55',1,'2019-03-30 14:21:24',1,'2019-03-30 14:19:26',4,1,NULL,5,NULL,NULL,NULL,NULL,NULL,NULL,NULL,NULL,NULL,1),(11,NULL,NULL,1,'2019-03-30 14:18:55',1,'2019-03-30 14:20:58',1,'2019-03-30 14:20:40',2,1,NULL,5,NULL,NULL,NULL,NULL,NULL,NULL,NULL,NULL,NULL,1),(12,NULL,NULL,1,'2019-04-01 17:50:48',1,'2019-04-01 17:51:00',1,'2019-04-01 17:50:56',1,5,NULL,5,NULL,NULL,NULL,NULL,NULL,NULL,NULL,NULL,NULL,1),(13,NULL,NULL,1,'2019-04-18 19:11:52',NULL,NULL,NULL,NULL,4,5,NULL,2,NULL,NULL,NULL,NULL,NULL,NULL,NULL,NULL,NULL,1),(14,NULL,NULL,1,'2019-04-18 19:12:47',NULL,NULL,NULL,NULL,4,5,NULL,2,NULL,NULL,NULL,NULL,NULL,NULL,NULL,NULL,NULL,1),(17,NULL,NULL,1,'2019-04-18 19:17:40',1,'2019-04-18 19:18:13',1,'2019-04-18 19:18:06',4,5,NULL,5,NULL,NULL,NULL,NULL,NULL,NULL,NULL,NULL,NULL,1);

/*Table structure for table `tb_requisition_detail` */

DROP TABLE IF EXISTS `tb_requisition_detail`;

CREATE TABLE `tb_requisition_detail` (
  `id` int(10) unsigned NOT NULL AUTO_INCREMENT COMMENT '主键id',
  `requisitionid` int(10) unsigned NOT NULL COMMENT '调拨单id',
  `out_productstockid` int(11) unsigned DEFAULT NULL COMMENT '调出库存ID',
  `in_productstockid` int(11) unsigned DEFAULT NULL COMMENT '调入库存id',
  `number` int(11) DEFAULT NULL COMMENT '数量',
  `memo` varchar(100) DEFAULT NULL,
  `out_number` int(11) DEFAULT NULL COMMENT '出库数量',
  `in_number` int(11) DEFAULT NULL COMMENT '入库数量',
  PRIMARY KEY (`id`),
  KEY `in_productstockid` (`in_productstockid`),
  KEY `out_productstockid` (`out_productstockid`)
) ENGINE=InnoDB AUTO_INCREMENT=18 DEFAULT CHARSET=utf8mb4 COMMENT='调拨单明细(数量)';

/*Data for the table `tb_requisition_detail` */

insert  into `tb_requisition_detail`(`id`,`requisitionid`,`out_productstockid`,`in_productstockid`,`number`,`memo`,`out_number`,`in_number`) values (1,2,2,3,7,NULL,4,3),(2,2,1,4,6,NULL,5,4),(3,3,2,3,3,NULL,NULL,NULL),(4,3,1,4,1,NULL,NULL,NULL),(5,4,3,2,1,NULL,1,1),(6,4,4,1,1,NULL,1,1),(7,55,NULL,NULL,33,NULL,NULL,NULL),(8,10,4,8,2,NULL,2,2),(9,11,2,9,5,NULL,5,5),(10,11,1,8,3,NULL,3,3),(11,12,8,18,2,NULL,2,2),(12,13,3,NULL,3,NULL,NULL,NULL),(13,13,4,18,2,NULL,NULL,NULL),(14,14,3,NULL,3,NULL,NULL,NULL),(15,14,4,18,2,NULL,NULL,NULL),(16,17,3,26,3,NULL,3,3),(17,17,4,18,2,NULL,2,2);

/*Table structure for table `tb_sale_type` */

DROP TABLE IF EXISTS `tb_sale_type`;

CREATE TABLE `tb_sale_type` (
  `id` int(10) unsigned NOT NULL AUTO_INCREMENT COMMENT '主键id',
  `colortemplateid` int(11) NOT NULL COMMENT '色系id',
  `name_cn` varchar(100) DEFAULT NULL COMMENT '中文名称',
  `name_en` varchar(100) DEFAULT NULL COMMENT '英文名称',
  `name_hk` varchar(100) DEFAULT NULL COMMENT '粤语名称',
  `name_fr` varchar(100) DEFAULT NULL COMMENT '法语名称',
  `name_it` varchar(100) DEFAULT NULL COMMENT '意大利语名称',
  `name_sp` varchar(100) DEFAULT NULL COMMENT '西班牙语名称',
  `name_de` varchar(100) DEFAULT NULL COMMENT '德语名称',
  `displayindex` int(11) DEFAULT '0',
  PRIMARY KEY (`id`)
) ENGINE=InnoDB AUTO_INCREMENT=6 DEFAULT CHARSET=utf8mb4 COMMENT='销售属性表';

/*Data for the table `tb_sale_type` */

insert  into `tb_sale_type`(`id`,`colortemplateid`,`name_cn`,`name_en`,`name_hk`,`name_fr`,`name_it`,`name_sp`,`name_de`,`displayindex`) values (2,5,'绿色','5',NULL,NULL,NULL,NULL,NULL,0),(3,3,'蓝色','44',NULL,NULL,NULL,NULL,NULL,-2),(5,2,'黑色','66',NULL,NULL,NULL,NULL,NULL,88);

/*Table structure for table `tb_saleport` */

DROP TABLE IF EXISTS `tb_saleport`;

CREATE TABLE `tb_saleport` (
  `id` int(11) unsigned NOT NULL AUTO_INCREMENT,
  `name` varchar(100) COLLATE utf8_bin DEFAULT NULL COMMENT '名称',
  `discount` decimal(5,3) DEFAULT NULL COMMENT '折扣',
  `create_time` datetime DEFAULT NULL,
  `companyid` int(11) DEFAULT NULL,
  PRIMARY KEY (`id`)
) ENGINE=InnoDB AUTO_INCREMENT=7 DEFAULT CHARSET=utf8 COLLATE=utf8_bin;

/*Data for the table `tb_saleport` */

insert  into `tb_saleport`(`id`,`name`,`discount`,`create_time`,`companyid`) values (1,'银河广场','0.900',NULL,1),(2,'自营网站','1.000',NULL,1),(3,'哈尔滨零售店','0.900',NULL,1),(4,'京东批发','0.800',NULL,1),(5,'寺库网','0.850',NULL,1),(6,'天猫自营店铺','0.900',NULL,1);

/*Table structure for table `tb_saleport_warehouse` */

DROP TABLE IF EXISTS `tb_saleport_warehouse`;

CREATE TABLE `tb_saleport_warehouse` (
  `id` int(11) unsigned NOT NULL AUTO_INCREMENT,
  `saleportid` int(11) unsigned DEFAULT NULL,
  `warehouseid` int(11) unsigned DEFAULT NULL,
  `create_time` datetime DEFAULT NULL,
  PRIMARY KEY (`id`),
  UNIQUE KEY `saleportid` (`saleportid`,`warehouseid`)
) ENGINE=InnoDB AUTO_INCREMENT=3 DEFAULT CHARSET=utf8 COLLATE=utf8_bin;

/*Data for the table `tb_saleport_warehouse` */

insert  into `tb_saleport_warehouse`(`id`,`saleportid`,`warehouseid`,`create_time`) values (1,1,1,NULL),(2,1,2,NULL);

/*Table structure for table `tb_sales` */

DROP TABLE IF EXISTS `tb_sales`;

CREATE TABLE `tb_sales` (
  `id` int(10) unsigned NOT NULL AUTO_INCREMENT COMMENT '主键id',
  `memberid` int(10) unsigned DEFAULT NULL COMMENT '会员ID',
  `salesstaff` int(10) unsigned DEFAULT NULL COMMENT '销售人员ID',
  `salesdate` varchar(10) DEFAULT NULL COMMENT '销售日期',
  `discount` decimal(5,2) DEFAULT NULL COMMENT '折扣',
  `saleportid` int(10) unsigned DEFAULT NULL COMMENT '销售端口id',
  `companyid` int(10) unsigned NOT NULL COMMENT '公司id',
  `ordercode` varchar(50) DEFAULT NULL COMMENT '对账单号',
  `warehouseid` int(10) unsigned DEFAULT NULL COMMENT '销售仓库id',
  `expressno` varchar(50) DEFAULT NULL,
  `expresspaidtype` tinyint(1) DEFAULT NULL COMMENT '0-预付 1-到付 2-第三方付费 3-储值卡 4-转账 5-协议结算',
  `expressfee` decimal(16,2) DEFAULT NULL,
  `status` tinyint(1) NOT NULL COMMENT '0-预售 1-已售 2-作废',
  `address` varchar(255) DEFAULT NULL,
  `externalno` varchar(50) DEFAULT NULL COMMENT '外部订单号',
  `pickingtype` tinyint(1) DEFAULT NULL COMMENT '0-自提 1-快递 2-门店直发',
  `makestaff` int(11) unsigned NOT NULL COMMENT '制单人',
  `makedate` datetime NOT NULL COMMENT '制单日期',
  `orderno` varchar(50) NOT NULL,
  PRIMARY KEY (`id`),
  UNIQUE KEY `orderno` (`orderno`),
  KEY `saleportid` (`saleportid`),
  CONSTRAINT `tb_sales_ibfk_1` FOREIGN KEY (`saleportid`) REFERENCES `tb_saleport` (`id`)
) ENGINE=InnoDB AUTO_INCREMENT=58 DEFAULT CHARSET=utf8mb4 COMMENT='销售主表';

/*Data for the table `tb_sales` */

insert  into `tb_sales`(`id`,`memberid`,`salesstaff`,`salesdate`,`discount`,`saleportid`,`companyid`,`ordercode`,`warehouseid`,`expressno`,`expresspaidtype`,`expressfee`,`status`,`address`,`externalno`,`pickingtype`,`makestaff`,`makedate`,`orderno`) values (53,0,2,'','1.60',1,1,'',2,'',0,'0.00',1,'','',0,1,'2019-03-29 11:12:14','S000001201903291112146905'),(54,2,0,'','1.30',3,1,'',2,'',0,'0.00',1,'','',0,1,'2019-03-29 11:13:46','S000001201903291113461155'),(55,0,0,'','1.60',1,1,'',2,'',0,'0.00',1,'','',0,1,'2019-03-29 11:26:59','S000001201903291126598729'),(56,0,0,'','1.60',1,1,'',2,'',0,'0.00',1,'','',0,1,'2019-03-29 11:29:07','S000001201903291129073631'),(57,0,0,'','0.90',1,1,'',5,'',0,'0.00',1,'','',0,1,'2019-04-18 19:20:26','S000001201904181920264864');

/*Table structure for table `tb_sales_receive` */

DROP TABLE IF EXISTS `tb_sales_receive`;

CREATE TABLE `tb_sales_receive` (
  `id` int(11) unsigned NOT NULL AUTO_INCREMENT,
  `salesid` int(11) DEFAULT NULL COMMENT '销售单id',
  `currency` tinyint(4) DEFAULT NULL COMMENT '币种',
  `amount` decimal(15,2) DEFAULT NULL COMMENT '金额',
  `makestaff` int(11) DEFAULT NULL COMMENT '添加人',
  `maketime` datetime DEFAULT NULL COMMENT '添加时间',
  `confirmstaff` int(11) DEFAULT NULL COMMENT '收款确认人',
  `confirmtime` datetime DEFAULT NULL COMMENT '收款确认时间',
  `paymentdate` varchar(10) COLLATE utf8_bin DEFAULT NULL COMMENT '收款日期',
  `companyid` int(11) DEFAULT NULL COMMENT '公司id',
  `status` tinyint(4) DEFAULT '0' COMMENT '收款状态：0=未收到；1=已收到',
  `payment_type` tinyint(11) DEFAULT NULL COMMENT '收款类型：1=定金；2=货款',
  `memo` varchar(200) COLLATE utf8_bin DEFAULT NULL COMMENT '备注',
  PRIMARY KEY (`id`),
  KEY `salesid` (`salesid`),
  KEY `companyid` (`companyid`)
) ENGINE=InnoDB AUTO_INCREMENT=6 DEFAULT CHARSET=utf8 COLLATE=utf8_bin;

/*Data for the table `tb_sales_receive` */

insert  into `tb_sales_receive`(`id`,`salesid`,`currency`,`amount`,`makestaff`,`maketime`,`confirmstaff`,`confirmtime`,`paymentdate`,`companyid`,`status`,`payment_type`,`memo`) values (1,53,5,'100.00',1,NULL,1,'2019-04-13 15:15:33','2019-04-13',1,1,1,'定金'),(3,53,2,'66.00',1,'2019-04-11 14:21:36',NULL,NULL,'2019-04-16',1,1,2,''),(4,53,5,'200.00',1,'2019-04-11 15:25:20',NULL,NULL,'2019-04-10',1,0,2,''),(5,57,2,'1000.00',1,'2019-04-18 19:21:12',1,'2019-04-18 19:22:53','2019-04-18',1,1,2,'');

/*Table structure for table `tb_salesdetails` */

DROP TABLE IF EXISTS `tb_salesdetails`;

CREATE TABLE `tb_salesdetails` (
  `id` int(10) unsigned NOT NULL AUTO_INCREMENT COMMENT '主键id',
  `salesid` int(10) unsigned NOT NULL COMMENT '销售单id',
  `productstockid` int(10) unsigned DEFAULT NULL COMMENT '库存id',
  `number` int(11) DEFAULT NULL COMMENT '数量',
  `dealprice` decimal(16,2) DEFAULT NULL COMMENT '成交总价',
  `price` decimal(16,2) DEFAULT NULL COMMENT '基准单价',
  `is_match` tinyint(1) DEFAULT NULL COMMENT '是否是端口价格',
  PRIMARY KEY (`id`),
  KEY `salesid` (`salesid`),
  KEY `productstockid` (`productstockid`),
  CONSTRAINT `tb_salesdetails_ibfk_1` FOREIGN KEY (`salesid`) REFERENCES `tb_sales` (`id`),
  CONSTRAINT `tb_salesdetails_ibfk_2` FOREIGN KEY (`productstockid`) REFERENCES `tb_productstock` (`id`)
) ENGINE=InnoDB AUTO_INCREMENT=22 DEFAULT CHARSET=utf8mb4 COMMENT='销售单明细(数量)';

/*Data for the table `tb_salesdetails` */

insert  into `tb_salesdetails`(`id`,`salesid`,`productstockid`,`number`,`dealprice`,`price`,`is_match`) values (14,53,1,1,'0.00','1100.00',1),(15,54,2,2,'0.00','8000.00',1),(16,54,1,1,'0.00','1100.00',1),(17,55,2,2,'0.00','8000.00',1),(18,55,1,3,'0.00','1100.00',1),(19,56,1,4,'0.00','1100.00',1),(20,56,2,3,'0.00','8000.00',1),(21,57,22,1,'0.00','1000.00',1);

/*Table structure for table `tb_series` */

DROP TABLE IF EXISTS `tb_series`;

CREATE TABLE `tb_series` (
  `id` int(10) unsigned NOT NULL AUTO_INCREMENT COMMENT '主键id',
  `name_cn` varchar(100) DEFAULT NULL COMMENT '中文名称',
  `name_en` varchar(100) DEFAULT NULL COMMENT '英文名称',
  `name_hk` varchar(100) DEFAULT NULL COMMENT '粤语名称',
  `name_fr` varchar(100) DEFAULT NULL COMMENT '法语名称',
  `name_it` varchar(100) DEFAULT NULL COMMENT '意大利语名称',
  `name_sp` varchar(100) DEFAULT NULL COMMENT '西班牙语名称',
  `name_de` varchar(100) DEFAULT NULL COMMENT '德语名称',
  `code` varchar(100) DEFAULT NULL COMMENT '中文代码名称',
  `brandid` int(10) unsigned DEFAULT NULL COMMENT '品牌主键id',
  PRIMARY KEY (`id`)
) ENGINE=InnoDB AUTO_INCREMENT=438 DEFAULT CHARSET=utf8mb4 COMMENT='系列表';

/*Data for the table `tb_series` */

insert  into `tb_series`(`id`,`name_cn`,`name_en`,`name_hk`,`name_fr`,`name_it`,`name_sp`,`name_de`,`code`,`brandid`) values (1,'BEDFORD',NULL,NULL,NULL,NULL,NULL,NULL,'NULL',147),(2,'SLIM',NULL,NULL,NULL,NULL,NULL,NULL,'NULL',36),(3,'PALAZZO MEDUSA',NULL,NULL,NULL,NULL,NULL,NULL,'NULL',215),(4,'TRIPLE S',NULL,NULL,NULL,NULL,NULL,NULL,'NULL',23),(5,'ICON',NULL,NULL,NULL,NULL,NULL,NULL,'三条卫衣，衬衫，运动裤',207),(6,'SNOW MANTRA',NULL,NULL,NULL,NULL,NULL,NULL,'NULL',36),(7,'CROISETTE',NULL,NULL,NULL,NULL,NULL,NULL,'NULL',130),(8,'SAVAVVAH',NULL,NULL,NULL,NULL,NULL,NULL,'NULL',147),(9,'SLIM',NULL,NULL,NULL,NULL,NULL,NULL,'PBI CAMP HOODY',36),(10,'REGULAR',NULL,NULL,NULL,NULL,NULL,NULL,'MYSTIQUE PARKA',36),(11,'ANDERSEN',NULL,NULL,NULL,NULL,NULL,NULL,'男',150),(12,'SLIM',NULL,NULL,NULL,NULL,NULL,NULL,'CHETEAU PARKA',36),(13,'MERCER',NULL,NULL,NULL,NULL,NULL,NULL,'NULL',147),(14,'SLIM',NULL,NULL,NULL,NULL,NULL,NULL,'CAMP HOODY',36),(15,'FERITO',NULL,NULL,NULL,NULL,NULL,NULL,'NULL',141),(16,'PUMPS',NULL,NULL,NULL,NULL,NULL,NULL,'NULL',45),(17,'ROSSCLAIR',NULL,NULL,NULL,NULL,NULL,NULL,'NULL',36),(18,'SELMA',NULL,NULL,NULL,NULL,NULL,NULL,'NULL',147),(19,'KENSINGTON ',NULL,NULL,NULL,NULL,NULL,NULL,'NULL',36),(20,'HIRONDELLE',NULL,NULL,NULL,NULL,NULL,NULL,'NULL',150),(21,'REPRAT',NULL,NULL,NULL,NULL,NULL,NULL,'NULL',126),(22,'UNDER WEAR',NULL,NULL,NULL,NULL,NULL,NULL,'NULL',215),(23,'REGULAR',NULL,NULL,NULL,NULL,NULL,NULL,'GRIZZLY SNOWSUIT',36),(24,'100MM FLAT',NULL,NULL,NULL,NULL,NULL,NULL,'100MM帮高 女鞋',34),(25,'CHEVECHE GILET',NULL,NULL,NULL,NULL,NULL,NULL,'女款',149),(26,'ANET',NULL,NULL,NULL,NULL,NULL,NULL,'女款',149),(27,'SLIM',NULL,NULL,NULL,NULL,NULL,NULL,'COASTAL SHELL BLACK LABLE',36),(28,'GASTONET',NULL,NULL,NULL,NULL,NULL,NULL,'NULL',150),(29,'MAGLIA TRICOT G',NULL,NULL,NULL,NULL,NULL,NULL,'男',150),(30,'ABITO TRICOT',NULL,NULL,NULL,NULL,NULL,NULL,'NULL',150),(31,'MONTEBELLO',NULL,NULL,NULL,NULL,NULL,NULL,'NULL',36),(32,'MAJEURE',NULL,NULL,NULL,NULL,NULL,NULL,'女',150),(33,'LIRIOPE',NULL,NULL,NULL,NULL,NULL,NULL,'女款',149),(34,'CHITALPA',NULL,NULL,NULL,NULL,NULL,NULL,'女款',149),(35,'ABY',NULL,NULL,NULL,NULL,NULL,NULL,'NULL',47),(36,'SLIM',NULL,NULL,NULL,NULL,NULL,NULL,'ROWAN PARKA',36),(37,'REGULAR',NULL,NULL,NULL,NULL,NULL,NULL,'SOLARIS PARKA',36),(38,'SLIM',NULL,NULL,NULL,NULL,NULL,NULL,'EMORY PARKA',36),(39,'GARIBALDI',NULL,NULL,NULL,NULL,NULL,NULL,'NULL',36),(40,'ROSEMONT',NULL,NULL,NULL,NULL,NULL,NULL,'NULL',36),(41,'SLIM',NULL,NULL,NULL,NULL,NULL,NULL,'LORETTE PARKA',36),(42,'PANTALONE',NULL,NULL,NULL,NULL,NULL,NULL,'NULL',150),(43,'POINTED SLIPPERS',NULL,NULL,NULL,NULL,NULL,NULL,'NULL',45),(44,'SLIM',NULL,NULL,NULL,NULL,NULL,NULL,'HAYWARD SHELL',36),(45,'MONOGRAM DENIM',NULL,NULL,NULL,NULL,NULL,NULL,'NULL',130),(46,'CHARPAL',NULL,NULL,NULL,NULL,NULL,NULL,'女',150),(47,'WYNDHAM',NULL,NULL,NULL,NULL,NULL,NULL,'NULL',36),(48,'PALAZZO EMPIRE',NULL,NULL,NULL,NULL,NULL,NULL,'NULL',215),(49,'REGULAR',NULL,NULL,NULL,NULL,NULL,NULL,'BORDEN BOMBER',36),(50,'SLIM',NULL,NULL,NULL,NULL,NULL,NULL,'NULL',36),(51,'SLIM',NULL,NULL,NULL,NULL,NULL,NULL,'HYBRIDGE LITE SKIRT',36),(52,'AIMEET',NULL,NULL,NULL,NULL,NULL,NULL,'女',150),(53,'CHINESE NEW YEAR',NULL,NULL,NULL,NULL,NULL,NULL,'18中国新年款',119),(54,'SLIM',NULL,NULL,NULL,NULL,NULL,NULL,'NULL',36),(55,'SLIM',NULL,NULL,NULL,NULL,NULL,NULL,'HYBRIDGE LITE JACKET',36),(56,'COMPLETO MAGLIA',NULL,NULL,NULL,NULL,NULL,NULL,'女',150),(57,'SIGNATURE',NULL,NULL,NULL,NULL,NULL,NULL,'NULL',215),(58,'SLIM',NULL,NULL,NULL,NULL,NULL,NULL,'WOOLFORD JACKET FUSION FIT',36),(59,'TAURUA',NULL,NULL,NULL,NULL,NULL,NULL,'NULL',150),(60,'LOW SNEAKER',NULL,NULL,NULL,NULL,NULL,NULL,'NULL',45),(61,'SLIM',NULL,NULL,NULL,NULL,NULL,NULL,'HYBRIDGE LITE JACKET',36),(62,'ACCENTEUR',NULL,NULL,NULL,NULL,NULL,NULL,'女款',149),(63,'SLIM',NULL,NULL,NULL,NULL,NULL,NULL,'SELKIRK PARKA',36),(64,'骷髅',NULL,NULL,NULL,NULL,NULL,NULL,'NULL',170),(65,'JOYCE',NULL,NULL,NULL,NULL,NULL,NULL,'NULL',126),(66,'MAITLAND',NULL,NULL,NULL,NULL,NULL,NULL,'NULL',36),(67,'SLIM',NULL,NULL,NULL,NULL,NULL,NULL,'SUMMIT JACKET',36),(68,'ODILE',NULL,NULL,NULL,NULL,NULL,NULL,'NULL',150),(69,'VAIREA',NULL,NULL,NULL,NULL,NULL,NULL,'NULL',150),(70,'LINEN',NULL,NULL,NULL,NULL,NULL,NULL,'NULL',126),(71,'SANDALS',NULL,NULL,NULL,NULL,NULL,NULL,'NULL',45),(72,'FLAMMETTE',NULL,NULL,NULL,NULL,NULL,NULL,'女款 ',149),(73,'LORETTE',NULL,NULL,NULL,NULL,NULL,NULL,'NULL',36),(74,'SLIM',NULL,NULL,NULL,NULL,NULL,NULL,'SYLVAN VEST',36),(75,'NUAGES',NULL,NULL,NULL,NULL,NULL,NULL,'女',150),(76,'SLIM',NULL,NULL,NULL,NULL,NULL,NULL,'RIDGE PANT',36),(77,'PON PON',NULL,NULL,NULL,NULL,NULL,NULL,'毛球',113),(78,'T-LINE',NULL,NULL,NULL,NULL,NULL,NULL,'NULL',126),(79,'SLIM',NULL,NULL,NULL,NULL,NULL,NULL,'CARSON PARKA',36),(80,'SLIM',NULL,NULL,NULL,NULL,NULL,NULL,'LODGE HOODY',36),(81,'SAINTONGE',NULL,NULL,NULL,NULL,NULL,NULL,'NULL',130),(82,'RELAXED',NULL,NULL,NULL,NULL,NULL,NULL,'EXPEDITION PARKA',36),(83,'MONTEBELLO',NULL,NULL,NULL,NULL,NULL,NULL,'NULL',36),(84,'CHATEAU',NULL,NULL,NULL,NULL,NULL,NULL,'NULL',36),(85,'ARMSTRONG HOODY',NULL,NULL,NULL,NULL,NULL,NULL,'NULL',36),(86,'ICON',NULL,NULL,NULL,NULL,NULL,NULL,'ICON',119),(87,'56',NULL,NULL,NULL,NULL,NULL,NULL,'NULL',36),(88,'REGULAR',NULL,NULL,NULL,NULL,NULL,NULL,'LOGAN PARKA',36),(89,'POCHETTE VOYAGE',NULL,NULL,NULL,NULL,NULL,NULL,'NULL',130),(90,'SLIM',NULL,NULL,NULL,NULL,NULL,NULL,'MONTEBELLO PARKA FUSION FIT',36),(91,'SLIM',NULL,NULL,NULL,NULL,NULL,NULL,'MONTEBELLO PARKA',36),(92,'YEEZY BOOST',NULL,NULL,NULL,NULL,NULL,NULL,'NULL',6),(93,'CHILLIWACK BOMBER',NULL,NULL,NULL,NULL,NULL,NULL,'NULL',36),(94,'MAGLIA GIROCOLL',NULL,NULL,NULL,NULL,NULL,NULL,'NULL',150),(95,'SLIM',NULL,NULL,NULL,NULL,NULL,NULL,'NULL',36),(96,'SLIM',NULL,NULL,NULL,NULL,NULL,NULL,'HYBRIDGE PERREN JACKET',36),(97,'MADAME',NULL,NULL,NULL,NULL,NULL,NULL,'经典款',141),(98,'CAPSULE LACES',NULL,NULL,NULL,NULL,NULL,NULL,'系带',113),(99,'BAROQUE',NULL,NULL,NULL,NULL,NULL,NULL,'NULL',215),(100,'SLIM',NULL,NULL,NULL,NULL,NULL,NULL,'LANGFORD PARKA BLACK LABLE',36),(101,'JULES',NULL,NULL,NULL,NULL,NULL,NULL,'男',150),(102,'GANCIO',NULL,NULL,NULL,NULL,NULL,NULL,'钱夹',197),(103,'SLIM',NULL,NULL,NULL,NULL,NULL,NULL,'CLARENCE COAT BLACK LABLE',36),(104,'SLIM',NULL,NULL,NULL,NULL,NULL,NULL,'SKRESLET PARKA',36),(105,'MAGLIA CARDIGAN',NULL,NULL,NULL,NULL,NULL,NULL,'NULL',150),(106,'SLIM',NULL,NULL,NULL,NULL,NULL,NULL,'LANGFORD PARKA',36),(107,'GRIVE',NULL,NULL,NULL,NULL,NULL,NULL,'女款',149),(108,'I FEEL',NULL,NULL,NULL,NULL,NULL,NULL,'NULL',45),(109,'ACC',NULL,NULL,NULL,NULL,NULL,NULL,'NULL',94),(110,'FREESTYLE VEST',NULL,NULL,NULL,NULL,NULL,NULL,'NULL',36),(111,'NEW SENECA',NULL,NULL,NULL,NULL,NULL,NULL,'男',150),(112,'SLIM',NULL,NULL,NULL,NULL,NULL,NULL,'NULL',36),(113,'SLIM',NULL,NULL,NULL,NULL,NULL,NULL,'MAITLAND PARKA BLACK LABLE',36),(114,'CARSON',NULL,NULL,NULL,NULL,NULL,NULL,'NULL',36),(115,'REGULAR',NULL,NULL,NULL,NULL,NULL,NULL,'FREESTYLE VEST',36),(116,'REGULAR',NULL,NULL,NULL,NULL,NULL,NULL,'WOLVERINE PANTS',36),(117,'动物系列',NULL,NULL,NULL,NULL,NULL,NULL,'NULL',126),(118,'REGULAR',NULL,NULL,NULL,NULL,NULL,NULL,'THUNDER PANTS',36),(119,'HAMILTON ',NULL,NULL,NULL,NULL,NULL,NULL,'NULL',147),(120,'TRILLIUM',NULL,NULL,NULL,NULL,NULL,NULL,'NULL',36),(121,'GIVRON GILBT',NULL,NULL,NULL,NULL,NULL,NULL,'NULL',150),(122,'NEW TOLEDO',NULL,NULL,NULL,NULL,NULL,NULL,'NULL',126),(123,'MINI PHD BAG',NULL,NULL,NULL,NULL,NULL,NULL,'小号',34),(124,'SLIM',NULL,NULL,NULL,NULL,NULL,NULL,'SHELBURNE PARKA FUSION FIT',36),(125,'SLIM',NULL,NULL,NULL,NULL,NULL,NULL,'NULL',36),(126,'DORIST',NULL,NULL,NULL,NULL,NULL,NULL,'女',150),(127,'PUZZLE',NULL,NULL,NULL,NULL,NULL,NULL,'NULL',126),(128,'SLIM',NULL,NULL,NULL,NULL,NULL,NULL,'ROSSCLAIR PARKA BLACK LABLE',36),(129,'CHILLIWACK BOMBER',NULL,NULL,NULL,NULL,NULL,NULL,'NULL',36),(130,'REGULAR',NULL,NULL,NULL,NULL,NULL,NULL,'TUNDRA PANT',36),(131,'PTE CAR.SIMP.MNG',NULL,NULL,NULL,NULL,NULL,NULL,'NULL',130),(132,'MAGLIA TRICOT C',NULL,NULL,NULL,NULL,NULL,NULL,'男',150),(133,'SLIM',NULL,NULL,NULL,NULL,NULL,NULL,'COASTAL SHELL BLACK LABLE',36),(134,'T-LINR',NULL,NULL,NULL,NULL,NULL,NULL,'NULL',126),(135,'NEVERFULL',NULL,NULL,NULL,NULL,NULL,NULL,'NULL',130),(136,'CALLIS',NULL,NULL,NULL,NULL,NULL,NULL,'女款',149),(137,'HYBRIDGE LITE',NULL,NULL,NULL,NULL,NULL,NULL,'NULL',36),(138,'SKULL',NULL,NULL,NULL,NULL,NULL,NULL,'NULL',8),(139,'BVLGARI BVLGARI',NULL,NULL,NULL,NULL,NULL,NULL,'NULL',35),(140,'SAVANNAH',NULL,NULL,NULL,NULL,NULL,NULL,'NULL',147),(141,'THE RUCKSACK ',NULL,NULL,NULL,NULL,NULL,NULL,'NULL',32),(142,'SLIM',NULL,NULL,NULL,NULL,NULL,NULL,'BEECHWOOD PARKA BLACK LABLE',36),(143,'SLIM',NULL,NULL,NULL,NULL,NULL,NULL,'CALLAGHAN PARKA',36),(144,'ALBERTA',NULL,NULL,NULL,NULL,NULL,NULL,'女',150),(145,'MONTBELIARD',NULL,NULL,NULL,NULL,NULL,NULL,'NULL',150),(146,'LOWLAND',NULL,NULL,NULL,NULL,NULL,NULL,'NULL',204),(147,'SWIM',NULL,NULL,NULL,NULL,NULL,NULL,'泳装系列',131),(148,'IPHONE 6 PLUS',NULL,NULL,NULL,NULL,NULL,NULL,'NULL',45),(149,'SLIM',NULL,NULL,NULL,NULL,NULL,NULL,'TIMBER SHELL JACKET',36),(150,'CROSSBODIES',NULL,NULL,NULL,NULL,NULL,NULL,'NULL',147),(151,'SLIM',NULL,NULL,NULL,NULL,NULL,NULL,'PEMBINA COAT BLACK LABLE',36),(152,'SLIM',NULL,NULL,NULL,NULL,NULL,NULL,'MACMILLAN PARKA BLACK LABLE',36),(153,'COMPL. MAGLIA C',NULL,NULL,NULL,NULL,NULL,NULL,'NULL',150),(154,'EXPEDITION PBI',NULL,NULL,NULL,NULL,NULL,NULL,'NULL',36),(155,'SLIM',NULL,NULL,NULL,NULL,NULL,NULL,'CARSON PARKA BLACK LABLE',36),(156,'EXPEDITION',NULL,NULL,NULL,NULL,NULL,NULL,'NULL',36),(157,'REGULAR',NULL,NULL,NULL,NULL,NULL,NULL,'PBI SHERWOOD HOODY',36),(158,'123',NULL,NULL,NULL,NULL,NULL,NULL,'NULL',143),(159,'SLIP ON',NULL,NULL,NULL,NULL,NULL,NULL,'NULL',45),(160,'LODGE HOODY',NULL,NULL,NULL,NULL,NULL,NULL,'NULL',36),(161,'GARSON CREW VEST',NULL,NULL,NULL,NULL,NULL,NULL,'NULL',36),(162,'CAMILLE',NULL,NULL,NULL,NULL,NULL,NULL,'NULL',147),(163,'CHELSEA',NULL,NULL,NULL,NULL,NULL,NULL,'NULL',36),(164,'SLIM',NULL,NULL,NULL,NULL,NULL,NULL,'CALLAGHAN PARKA BLACK LABLE',36),(165,'SLIM',NULL,NULL,NULL,NULL,NULL,NULL,'MACMILLAN PARKA FUSION FIT',36),(166,'SLIM',NULL,NULL,NULL,NULL,NULL,NULL,'BROOKVALE HOODY COAT',36),(167,'ALLISTON JACKET',NULL,NULL,NULL,NULL,NULL,NULL,'NULL',36),(168,'GINNY',NULL,NULL,NULL,NULL,NULL,NULL,'NULL',147),(169,'BURNETT',NULL,NULL,NULL,NULL,NULL,NULL,'NULL',36),(170,'CORNER FRAME DILLON',NULL,NULL,NULL,NULL,NULL,NULL,'NULL',147),(171,'RELAXED',NULL,NULL,NULL,NULL,NULL,NULL,'RESOLUTE PARKA',36),(172,'SUYEN',NULL,NULL,NULL,NULL,NULL,NULL,'女款',149),(173,'WYNDHAM PARKA',NULL,NULL,NULL,NULL,NULL,NULL,'NULL',36),(174,'CHAMPERY',NULL,NULL,NULL,NULL,NULL,NULL,'NULL',150),(175,'SLIM',NULL,NULL,NULL,NULL,NULL,NULL,'BROMLEY BOMBER',36),(176,'HAMMOCK',NULL,NULL,NULL,NULL,NULL,NULL,'吊床包',126),(177,'HELLO KITTY',NULL,NULL,NULL,NULL,NULL,NULL,'NULL',178),(178,'SLIM',NULL,NULL,NULL,NULL,NULL,NULL,'ELROSE PARKA BLACK LABLE',36),(179,'MOCK CROC',NULL,NULL,NULL,NULL,NULL,NULL,'手包',215),(180,'NEVERSTOP',NULL,NULL,NULL,NULL,NULL,NULL,'NULL',45),(181,'COCA COLA合作款',NULL,NULL,NULL,NULL,NULL,NULL,'NULL',178),(182,'LUCY',NULL,NULL,NULL,NULL,NULL,NULL,'女款',149),(183,'REGULAR',NULL,NULL,NULL,NULL,NULL,NULL,'BRITTANIA PARKA',36),(184,'ALICE',NULL,NULL,NULL,NULL,NULL,NULL,'女',150),(185,'FULTON ',NULL,NULL,NULL,NULL,NULL,NULL,'NULL',147),(186,'SLIM',NULL,NULL,NULL,NULL,NULL,NULL,'RIDEAU PARKA',36),(187,'SLIM',NULL,NULL,NULL,NULL,NULL,NULL,'CHATEAU PARKA FUSION FIT',36),(188,'REGULAR',NULL,NULL,NULL,NULL,NULL,NULL,'CONSTABLE PARKA',36),(189,'LANGFORD PARKA FF',NULL,NULL,NULL,NULL,NULL,NULL,'NULL',36),(190,'HYPOLAIS',NULL,NULL,NULL,NULL,NULL,NULL,'女款 ',149),(191,'VICTORIA PARKA FF',NULL,NULL,NULL,NULL,NULL,NULL,'NULL',36),(192,'ZAPPA GALAXY',NULL,NULL,NULL,NULL,NULL,NULL,'NULL',204),(193,'BRIT',NULL,NULL,NULL,NULL,NULL,NULL,'NULL',32),(194,'SLIPPERS',NULL,NULL,NULL,NULL,NULL,NULL,'NULL',45),(195,'SLIM',NULL,NULL,NULL,NULL,NULL,NULL,'BRACEBRIDGE JACKET',36),(196,'SLIM',NULL,NULL,NULL,NULL,NULL,NULL,'HYBRIDGE LITE HOODY',36),(197,'KOZOKO LOW',NULL,NULL,NULL,NULL,NULL,NULL,'限量',221),(198,'JONQUIERES',NULL,NULL,NULL,NULL,NULL,NULL,'NULL',150),(199,'EMORY',NULL,NULL,NULL,NULL,NULL,NULL,'NULL',36),(200,'NAPPA',NULL,NULL,NULL,NULL,NULL,NULL,'NULL',126),(201,'MACAIRE',NULL,NULL,NULL,NULL,NULL,NULL,'男',150),(202,'TIELIND',NULL,NULL,NULL,NULL,NULL,NULL,'NULL',204),(203,'IPHONE 6',NULL,NULL,NULL,NULL,NULL,NULL,'NULL',45),(204,'CAPSULE CRISS CROSS',NULL,NULL,NULL,NULL,NULL,NULL,'十字绑带',113),(205,'AUBERT',NULL,NULL,NULL,NULL,NULL,NULL,'男',150),(206,'ARTHON',NULL,NULL,NULL,NULL,NULL,NULL,'NULL',150),(207,'ITALIAN BREAKFAST',NULL,NULL,NULL,NULL,NULL,NULL,'NULL',45),(208,'CAMERON',NULL,NULL,NULL,NULL,NULL,NULL,'NULL',45),(209,'QUINN',NULL,NULL,NULL,NULL,NULL,NULL,'NULL',147),(210,'LODGE JACKET FF',NULL,NULL,NULL,NULL,NULL,NULL,'NULL',36),(211,'ALBERIC',NULL,NULL,NULL,NULL,NULL,NULL,'NULL',150),(212,'FLIRTING',NULL,NULL,NULL,NULL,NULL,NULL,'NULL',45),(213,'RELAXED',NULL,NULL,NULL,NULL,NULL,NULL,'TUNDRA BIB OVERALL',36),(214,'CALLAGHAN',NULL,NULL,NULL,NULL,NULL,NULL,'NULL',36),(215,'KEY CHARMS ',NULL,NULL,NULL,NULL,NULL,NULL,'NULL',147),(216,'FREESTYLE CREW VEST',NULL,NULL,NULL,NULL,NULL,NULL,'NULL',36),(217,'GELINOTTE',NULL,NULL,NULL,NULL,NULL,NULL,'NULL',150),(218,'CHILLIWACK BOMBER PBI',NULL,NULL,NULL,NULL,NULL,NULL,'NULL',36),(219,'SLIM',NULL,NULL,NULL,NULL,NULL,NULL,'BRACEBRIDGE JACKET BLACK LABLE',36),(220,'NILE',NULL,NULL,NULL,NULL,NULL,NULL,'NULL',47),(221,'CITADEL',NULL,NULL,NULL,NULL,NULL,NULL,'NULL',36),(222,'VICTORINE',NULL,NULL,NULL,NULL,NULL,NULL,'NULL',130),(223,'SLIM',NULL,NULL,NULL,NULL,NULL,NULL,'BEECHWOOD PARKA',36),(224,'GATE SMALL',NULL,NULL,NULL,NULL,NULL,NULL,'NULL',126),(225,'GATE MINI',NULL,NULL,NULL,NULL,NULL,NULL,'NULL',126),(226,'BRANDED',NULL,NULL,NULL,NULL,NULL,NULL,'NULL',126),(227,'BARCELONA',NULL,NULL,NULL,NULL,NULL,NULL,'NULL',126),(228,'CONV TOTE',NULL,NULL,NULL,NULL,NULL,NULL,'NULL',147),(229,'RELAXED',NULL,NULL,NULL,NULL,NULL,NULL,'EXPEDITION PARKA FUSION FIT',36),(230,'VARA FAMILY',NULL,NULL,NULL,NULL,NULL,NULL,'NULL',197),(231,'SLIM',NULL,NULL,NULL,NULL,NULL,NULL,'SHELBURNE PARKA',36),(232,'MACCULLOCH',NULL,NULL,NULL,NULL,NULL,NULL,'NULL',36),(233,'POCHETTE JOUR',NULL,NULL,NULL,NULL,NULL,NULL,'NULL',130),(234,'EXPEDITION',NULL,NULL,NULL,NULL,NULL,NULL,'NULL',36),(235,'APHRI',NULL,NULL,NULL,NULL,NULL,NULL,'女款',149),(236,'DREW',NULL,NULL,NULL,NULL,NULL,NULL,'小猪包',47),(237,'REPEAT',NULL,NULL,NULL,NULL,NULL,NULL,'NULL',126),(238,'MONOGRAM CONFIDENTIAL',NULL,NULL,NULL,NULL,NULL,NULL,'NULL',130),(239,'CORE',NULL,NULL,NULL,NULL,NULL,NULL,'核心款',119),(240,'MAGLIA',NULL,NULL,NULL,NULL,NULL,NULL,'NULL',150),(241,'REGULAR',NULL,NULL,NULL,NULL,NULL,NULL,'PBI CHILLIWACK BOMBER',36),(242,'ADORNE',NULL,NULL,NULL,NULL,NULL,NULL,'女',150),(243,'CAMP HOODED JACKET FF',NULL,NULL,NULL,NULL,NULL,NULL,'NULL',36),(244,'SLIM',NULL,NULL,NULL,NULL,NULL,NULL,'LODGE DOWN JACKET',36),(245,'SLIM',NULL,NULL,NULL,NULL,NULL,NULL,'ROSSCLAIR PARKA',36),(246,'SLIM',NULL,NULL,NULL,NULL,NULL,NULL,'MOUNTAINEER JACKET',36),(247,'SLIM',NULL,NULL,NULL,NULL,NULL,NULL,'WINDERMERE COAT BLACK LABLE',36),(248,'MAGLIA TIRICOT G',NULL,NULL,NULL,NULL,NULL,NULL,'男',150),(249,'RELAXED',NULL,NULL,NULL,NULL,NULL,NULL,'DAWSON PARKA',36),(250,'T MINI BAG',NULL,NULL,NULL,NULL,NULL,NULL,'NULL',126),(251,'SLIM',NULL,NULL,NULL,NULL,NULL,NULL,'LORETTE PARKA BLACK LABLE',36),(252,'LORETTE PARKA FF',NULL,NULL,NULL,NULL,NULL,NULL,'NULL',36),(253,'ANAGRAM',NULL,NULL,NULL,NULL,NULL,NULL,'NULL',126),(254,'SLIM',NULL,NULL,NULL,NULL,NULL,NULL,'WYNDHAM PARKA',36),(255,'LODGE HOODY PBI',NULL,NULL,NULL,NULL,NULL,NULL,'NULL',36),(256,'HORSEFERRY',NULL,NULL,NULL,NULL,NULL,NULL,'NULL',32),(257,'SOFT HORSE FULL GRAIN',NULL,NULL,NULL,NULL,NULL,NULL,'马皮',96),(258,'ESPADRILLAS',NULL,NULL,NULL,NULL,NULL,NULL,'NULL',45),(259,'PHD BLCKPACK',NULL,NULL,NULL,NULL,NULL,NULL,'大号',34),(260,'REN',NULL,NULL,NULL,NULL,NULL,NULL,'NULL',221),(261,'K2',NULL,NULL,NULL,NULL,NULL,NULL,'NULL',150),(262,'JERSEY',NULL,NULL,NULL,NULL,NULL,NULL,'卫衣T恤',119),(263,'YOUTH BRITTANIA PARKA',NULL,NULL,NULL,NULL,NULL,NULL,'NULL',37),(264,'JASMINUM',NULL,NULL,NULL,NULL,NULL,NULL,'女款',149),(265,'GOYA',NULL,NULL,NULL,NULL,NULL,NULL,'NULL',126),(266,'SLIM',NULL,NULL,NULL,NULL,NULL,NULL,'HYBRIDGE LITE COAT',36),(267,'CHILLIWACK',NULL,NULL,NULL,NULL,NULL,NULL,'NULL',36),(268,'WRONG PICTURE',NULL,NULL,NULL,NULL,NULL,NULL,'NULL',81),(269,'SLIM',NULL,NULL,NULL,NULL,NULL,NULL,'BROOKVALE HOODED COAT BLACK LABLE',36),(270,'SLIM',NULL,NULL,NULL,NULL,NULL,NULL,'MAITLAND PARKA',36),(271,'REGULAR',NULL,NULL,NULL,NULL,NULL,NULL,'RUNDLE BOMBER',36),(272,'REGULAR',NULL,NULL,NULL,NULL,NULL,NULL,'TRILLIUM PARKA FUSION FIT',36),(273,'BADY',NULL,NULL,NULL,NULL,NULL,NULL,'女款',149),(274,'ROSSCLAIR PARKA FF',NULL,NULL,NULL,NULL,NULL,NULL,'NULL',36),(275,'123',NULL,NULL,NULL,NULL,NULL,NULL,'NULL',143),(276,'SLIM',NULL,NULL,NULL,NULL,NULL,NULL,'HYBRIDGE LITE JACKET BLACK LABLE',36),(277,'APHROTITI',NULL,NULL,NULL,NULL,NULL,NULL,'女款',149),(278,'SALIX',NULL,NULL,NULL,NULL,NULL,NULL,'女款',149),(279,'SLIM',NULL,NULL,NULL,NULL,NULL,NULL,'BROOKVALE JACKET BLACK LABLE',36),(280,'NETTARE PANT',NULL,NULL,NULL,NULL,NULL,NULL,'NULL',141),(281,'SLIM',NULL,NULL,NULL,NULL,NULL,NULL,'CANNINGTON PARKA BLACK LABLE',36),(282,'LONDON',NULL,NULL,NULL,NULL,NULL,NULL,'NULL',32),(283,'VARA 1',NULL,NULL,NULL,NULL,NULL,NULL,'NULL',197),(284,'CHATEAU',NULL,NULL,NULL,NULL,NULL,NULL,'NULL',36),(285,'SLIM',NULL,NULL,NULL,NULL,NULL,NULL,'CHETEAU PARKA BLACK LABLE',36),(286,'SLIM',NULL,NULL,NULL,NULL,NULL,NULL,'LODGE DOWN VEST',36),(287,'GATE',NULL,NULL,NULL,NULL,NULL,NULL,'NULL',126),(288,'FUR FRINGE',NULL,NULL,NULL,NULL,NULL,NULL,'毛穗',113),(289,'SPLENDEUR',NULL,NULL,NULL,NULL,NULL,NULL,'女',150),(290,'SLIM',NULL,NULL,NULL,NULL,NULL,NULL,'WOOLFORD JACKET',36),(291,'FAUCON',NULL,NULL,NULL,NULL,NULL,NULL,'女款',149),(292,'SLIM',NULL,NULL,NULL,NULL,NULL,NULL,'BANFF PARKA',36),(293,'OTHER',NULL,NULL,NULL,NULL,NULL,NULL,'其他',119),(294,'TORCYN',NULL,NULL,NULL,NULL,NULL,NULL,'女款',149),(295,'SLIM',NULL,NULL,NULL,NULL,NULL,NULL,'PBI LODGE HOODY',36),(296,'SLIM',NULL,NULL,NULL,NULL,NULL,NULL,'ALDERWOOD SHELL',36),(297,'RESOLUTE ',NULL,NULL,NULL,NULL,NULL,NULL,'NULL',36),(298,'SLIM',NULL,NULL,NULL,NULL,NULL,NULL,'BRUNSWICK ANORAK SHELL',36),(299,'SLIM',NULL,NULL,NULL,NULL,NULL,NULL,'HYBRIDGE SUTTON PARKA',36),(300,'MAGLIA POLO MAN',NULL,NULL,NULL,NULL,NULL,NULL,'男',150),(301,'SLIM',NULL,NULL,NULL,NULL,NULL,NULL,'CITADEL PARKA',36),(302,'DANAE',NULL,NULL,NULL,NULL,NULL,NULL,'女款',149),(303,'BADY',NULL,NULL,NULL,NULL,NULL,NULL,'女',150),(304,'RIDEAU',NULL,NULL,NULL,NULL,NULL,NULL,'NULL',36),(305,'GASTON',NULL,NULL,NULL,NULL,NULL,NULL,'男',150),(306,'RELAXED',NULL,NULL,NULL,NULL,NULL,NULL,'SNOW MANTRA PARKA',36),(307,'REGULAR',NULL,NULL,NULL,NULL,NULL,NULL,'LYNX PARKA',36),(308,'MOKA',NULL,NULL,NULL,NULL,NULL,NULL,'女款',149),(309,'KINLEY',NULL,NULL,NULL,NULL,NULL,NULL,'NULL',36),(310,'BEECHWOOD',NULL,NULL,NULL,NULL,NULL,NULL,'NULL',36),(311,'CAPSULE NY - LA',NULL,NULL,NULL,NULL,NULL,NULL,'字母',113),(312,'BUTOR',NULL,NULL,NULL,NULL,NULL,NULL,'NULL',150),(313,'LILIA',NULL,NULL,NULL,NULL,NULL,NULL,'NULL',141),(314,'MYSTIQUE',NULL,NULL,NULL,NULL,NULL,NULL,'NULL',36),(315,'SHELBURNE PARKA',NULL,NULL,NULL,NULL,NULL,NULL,'NULL',36),(316,'SLIM',NULL,NULL,NULL,NULL,NULL,NULL,'CHELSEA PARKA BLACK LABLE',36),(317,'NEW AUBERT',NULL,NULL,NULL,NULL,NULL,NULL,'NULL',150),(318,'MYSTIQUE PARKA FF',NULL,NULL,NULL,NULL,NULL,NULL,'NULL',36),(319,'STAMP',NULL,NULL,NULL,NULL,NULL,NULL,'NULL',126),(320,'PERLEY',NULL,NULL,NULL,NULL,NULL,NULL,'NULL',36),(321,'MACMILLAN PARKA FF',NULL,NULL,NULL,NULL,NULL,NULL,'NULL',36),(322,'VICTORIA',NULL,NULL,NULL,NULL,NULL,NULL,'NULL',36),(323,'LANGFORD',NULL,NULL,NULL,NULL,NULL,NULL,'NULL',36),(324,'AKEBIA',NULL,NULL,NULL,NULL,NULL,NULL,'女款',149),(325,'TESS',NULL,NULL,NULL,NULL,NULL,NULL,'NULL',47),(326,'ABITO',NULL,NULL,NULL,NULL,NULL,NULL,'NULL',150),(327,'BERRETTO',NULL,NULL,NULL,NULL,NULL,NULL,'NULL',150),(328,'CAPSULE SMILE',NULL,NULL,NULL,NULL,NULL,NULL,'笑脸',113),(329,'SLIM',NULL,NULL,NULL,NULL,NULL,NULL,'BROOKVALE HOODY',36),(330,'BLOIS',NULL,NULL,NULL,NULL,NULL,NULL,'NULL',150),(331,'123',NULL,NULL,NULL,NULL,NULL,NULL,'NULL',143),(332,'100MM ALTA',NULL,NULL,NULL,NULL,NULL,NULL,'100MM内增高',34),(333,'GUITAR STRAPS',NULL,NULL,NULL,NULL,NULL,NULL,'NULL',147),(334,'CINDY',NULL,NULL,NULL,NULL,NULL,NULL,'NULL',147),(335,'CAMP HOODY',NULL,NULL,NULL,NULL,NULL,NULL,'NULL',36),(336,'REGULAR',NULL,NULL,NULL,NULL,NULL,NULL,'PBI BOBCAT HOODY',36),(337,'MONSTERS',NULL,NULL,NULL,NULL,NULL,NULL,'NULL',45),(338,'CAMUSTARS',NULL,NULL,NULL,NULL,NULL,NULL,'NULL',212),(339,'SLIM',NULL,NULL,NULL,NULL,NULL,NULL,'NULL',36),(340,'5050',NULL,NULL,NULL,NULL,NULL,NULL,'NULL',204),(341,'MAYA',NULL,NULL,NULL,NULL,NULL,NULL,'男',150),(342,'MAYA',NULL,NULL,NULL,NULL,NULL,NULL,'男款',149),(343,'B21 NEO',NULL,NULL,NULL,NULL,NULL,NULL,'NULL',63),(344,'DILLON',NULL,NULL,NULL,NULL,NULL,NULL,'NULL',147),(345,'SLIM',NULL,NULL,NULL,NULL,NULL,NULL,'BALMORAL PARKA BLACK LABLE',36),(346,'RELAXED',NULL,NULL,NULL,NULL,NULL,NULL,'NULL',36),(347,'INSIGNIA',NULL,NULL,NULL,NULL,NULL,NULL,'NULL',8),(348,'SLIM',NULL,NULL,NULL,NULL,NULL,NULL,'HYBRIDGE SUTTON PARKA',36),(349,'YOUTH LOGAN PARKA',NULL,NULL,NULL,NULL,NULL,NULL,'NULL',37),(350,'RESERVE',NULL,NULL,NULL,NULL,NULL,NULL,'NULL',204),(351,'REGULAR',NULL,NULL,NULL,NULL,NULL,NULL,'ARCTIC RIGGER COVERALL',36),(352,'SLIM',NULL,NULL,NULL,NULL,NULL,NULL,'HYBRIDGE LITE VEST',36),(353,'SLOAN',NULL,NULL,NULL,NULL,NULL,NULL,'NULL',147),(354,'GHANY',NULL,NULL,NULL,NULL,NULL,NULL,'女',150),(355,'SUTTON',NULL,NULL,NULL,NULL,NULL,NULL,'NULL',147),(356,'JADE',NULL,NULL,NULL,NULL,NULL,NULL,'NULL',147),(357,'HYBRIDGE LITE HOODY',NULL,NULL,NULL,NULL,NULL,NULL,'NULL',36),(358,'CHLOE C',NULL,NULL,NULL,NULL,NULL,NULL,'NULL',47),(359,'FLAMENCO  ',NULL,NULL,NULL,NULL,NULL,NULL,'NULL',126),(360,'HOLLY',NULL,NULL,NULL,NULL,NULL,NULL,'NULL',45),(361,'100MM',NULL,NULL,NULL,NULL,NULL,NULL,'100MM帮高',34),(362,'SLIM',NULL,NULL,NULL,NULL,NULL,NULL,'SHELBURNE PARKA BLACK LABLE',36),(363,'SLIM',NULL,NULL,NULL,NULL,NULL,NULL,'NULL',36),(364,'SLIM',NULL,NULL,NULL,NULL,NULL,NULL,'NULL',36),(365,'FAYE',NULL,NULL,NULL,NULL,NULL,NULL,'NULL',47),(366,'ANIMALES',NULL,NULL,NULL,NULL,NULL,NULL,'动物系列',126),(367,'CARSON',NULL,NULL,NULL,NULL,NULL,NULL,'NULL',36),(368,'HERMINE',NULL,NULL,NULL,NULL,NULL,NULL,'女款 ',149),(369,'ELLISON JACKET',NULL,NULL,NULL,NULL,NULL,NULL,'NULL',36),(370,'CABRI HOODY',NULL,NULL,NULL,NULL,NULL,NULL,'NULL',36),(371,'SHELBURNE',NULL,NULL,NULL,NULL,NULL,NULL,'NULL',36),(372,'VARA',NULL,NULL,NULL,NULL,NULL,NULL,'NULL',197),(373,'REGULAR',NULL,NULL,NULL,NULL,NULL,NULL,'LAMB SNOWSUIT',36),(374,'SERPENTI FOREVER',NULL,NULL,NULL,NULL,NULL,NULL,'NULL',35),(375,'CLAPTON BPACK',NULL,NULL,NULL,NULL,NULL,NULL,'NULL',130),(376,'ROCKSTUD',NULL,NULL,NULL,NULL,NULL,NULL,'NULL',212),(377,'SLIM',NULL,NULL,NULL,NULL,NULL,NULL,'LANGFORD PARKA FUSION FIT',36),(378,'GRENOBLE',NULL,NULL,NULL,NULL,NULL,NULL,'女款',149),(379,'SLIM',NULL,NULL,NULL,NULL,NULL,NULL,'KENSINGTON PARKA FUSION FIT',36),(380,'REGULAR',NULL,NULL,NULL,NULL,NULL,NULL,'NULL',36),(381,'AZINZA',NULL,NULL,NULL,NULL,NULL,NULL,'女',150),(382,'NEW MAYA',NULL,NULL,NULL,NULL,NULL,NULL,'NULL',150),(383,'T-POUCH',NULL,NULL,NULL,NULL,NULL,NULL,'NULL',126),(384,'SLIM',NULL,NULL,NULL,NULL,NULL,NULL,'HYBRIDGE LITE VEST',36),(385,'MACMILLAN',NULL,NULL,NULL,NULL,NULL,NULL,'NULL',36),(386,'SLIM',NULL,NULL,NULL,NULL,NULL,NULL,'ROSSCLAIR PARKA FUSION FIT',36),(387,'SUYEN',NULL,NULL,NULL,NULL,NULL,NULL,'NULL',150),(388,'MOKA',NULL,NULL,NULL,NULL,NULL,NULL,'女',150),(389,'CHATEAU',NULL,NULL,NULL,NULL,NULL,NULL,'NULL',36),(390,'PEMBINA COAT BLACK LABLE',NULL,NULL,NULL,NULL,NULL,NULL,'NULL',36),(391,'RODEZ',NULL,NULL,NULL,NULL,NULL,NULL,'NULL',150),(392,'SLIM',NULL,NULL,NULL,NULL,NULL,NULL,'PRITCHARD COAT BLACK LABLE',36),(393,'ROUBAIX',NULL,NULL,NULL,NULL,NULL,NULL,'婴童',150),(394,'ADDA',NULL,NULL,NULL,NULL,NULL,NULL,'NULL',141),(395,'YOUTH RUNDLE BOMBER',NULL,NULL,NULL,NULL,NULL,NULL,'NULL',37),(396,'ANETTE',NULL,NULL,NULL,NULL,NULL,NULL,'女',150),(397,'TARTAN',NULL,NULL,NULL,NULL,NULL,NULL,'格子',113),(398,'SLIM',NULL,NULL,NULL,NULL,NULL,NULL,'NULL',36),(399,'SLIM',NULL,NULL,NULL,NULL,NULL,NULL,'CAMP COAT',36),(400,'MAYA',NULL,NULL,NULL,NULL,NULL,NULL,'男款',149),(401,'ROGER',NULL,NULL,NULL,NULL,NULL,NULL,'NULL',45),(402,'SELMA STUD',NULL,NULL,NULL,NULL,NULL,NULL,'NULL',147),(403,'BLACK LABEL',NULL,NULL,NULL,NULL,NULL,NULL,'NULL',45),(404,'NEW MACAIRE',NULL,NULL,NULL,NULL,NULL,NULL,'NULL',150),(405,'PAGLIACCETTO',NULL,NULL,NULL,NULL,NULL,NULL,'婴童 ',150),(406,'TEMOE',NULL,NULL,NULL,NULL,NULL,NULL,'NULL',150),(407,'SLIM',NULL,NULL,NULL,NULL,NULL,NULL,'SAVONA BOMBER BLACK LABLE',36),(408,'SLIM',NULL,NULL,NULL,NULL,NULL,NULL,'HYBRIDGE LITE HOODY',36),(409,'SLIM',NULL,NULL,NULL,NULL,NULL,NULL,'WHISTLER PARKA',36),(410,'BERANGER',NULL,NULL,NULL,NULL,NULL,NULL,'女',150),(411,'MONIEUX',NULL,NULL,NULL,NULL,NULL,NULL,'NULL',150),(412,'SLIM',NULL,NULL,NULL,NULL,NULL,NULL,'SAVONA BOMBER',36),(413,'KENSINGTON',NULL,NULL,NULL,NULL,NULL,NULL,'NULL',36),(414,'CLAIRETTE',NULL,NULL,NULL,NULL,NULL,NULL,'女款',149),(415,'MAKE UP',NULL,NULL,NULL,NULL,NULL,NULL,'NULL',45),(416,'REGULAR',NULL,NULL,NULL,NULL,NULL,NULL,'PBI PUP BUNTING',36),(417,'RELAXED',NULL,NULL,NULL,NULL,NULL,NULL,'PBI EXPEDITION PARKA',36),(418,'WOOLFORD',NULL,NULL,NULL,NULL,NULL,NULL,'NULL',36),(419,'SATCHEL',NULL,NULL,NULL,NULL,NULL,NULL,'NULL',147),(420,'TAHIATA',NULL,NULL,NULL,NULL,NULL,NULL,'NULL',150),(421,'丝绒系列',NULL,NULL,NULL,NULL,NULL,NULL,'NULL',175),(422,'SLIM',NULL,NULL,NULL,NULL,NULL,NULL,'HEATHERTON PARKA',36),(423,'BETULA',NULL,NULL,NULL,NULL,NULL,NULL,'女款',149),(424,'LABBRO ',NULL,NULL,NULL,NULL,NULL,NULL,'NULL',141),(425,'JET SET TRAVEL',NULL,NULL,NULL,NULL,NULL,NULL,'NULL',147),(426,'SLIM',NULL,NULL,NULL,NULL,NULL,NULL,'NULL',36),(427,'REGULAR',NULL,NULL,NULL,NULL,NULL,NULL,'TRILLIUM PARKA',36),(428,'SLIM',NULL,NULL,NULL,NULL,NULL,NULL,'PRITCHARD COAT',36),(429,'DELFINA',NULL,NULL,NULL,NULL,NULL,NULL,'NULL',147),(430,'SACCO PORTA BEBE',NULL,NULL,NULL,NULL,NULL,NULL,'NULL',150),(431,'SLIM',NULL,NULL,NULL,NULL,NULL,NULL,'KENSINGTON PARKA',36),(432,'SLIM',NULL,NULL,NULL,NULL,NULL,NULL,'HYBRIDGE PERREN JACKET',36),(433,'SWIM',NULL,NULL,NULL,NULL,NULL,NULL,'NULL',165),(434,'AVA',NULL,NULL,NULL,NULL,NULL,NULL,'NULL',147),(435,'REGULAR',NULL,NULL,NULL,NULL,NULL,NULL,'CHILLIWACK BOMBER',36),(436,'PALAZZO',NULL,NULL,NULL,NULL,NULL,NULL,'NULL',215),(437,'QASA',NULL,NULL,NULL,NULL,NULL,NULL,'武士系列',221);

/*Table structure for table `tb_series2` */

DROP TABLE IF EXISTS `tb_series2`;

CREATE TABLE `tb_series2` (
  `id` int(10) unsigned NOT NULL AUTO_INCREMENT COMMENT '主键id',
  `seriesid` int(10) unsigned DEFAULT NULL COMMENT '系列主键ID',
  `name_cn` varchar(100) DEFAULT NULL COMMENT '中文名称',
  `name_en` varchar(100) DEFAULT NULL COMMENT '英文名称',
  `name_hk` varchar(100) DEFAULT NULL COMMENT '粤语名称',
  `name_fr` varchar(100) DEFAULT NULL COMMENT '法语名称',
  `name_it` varchar(100) DEFAULT NULL COMMENT '意大利语名称',
  `name_sp` varchar(100) DEFAULT NULL COMMENT '西班牙语名称',
  `name_de` varchar(100) DEFAULT NULL COMMENT '德语名称',
  `code` varchar(100) DEFAULT NULL COMMENT '中文代码名称',
  PRIMARY KEY (`id`)
) ENGINE=InnoDB AUTO_INCREMENT=140 DEFAULT CHARSET=utf8mb4 COMMENT='子系列';

/*Data for the table `tb_series2` */

insert  into `tb_series2`(`id`,`seriesid`,`name_cn`,`name_en`,`name_hk`,`name_fr`,`name_it`,`name_sp`,`name_de`,`code`) values (1,2,'ALDERWOOD SHELL',NULL,NULL,NULL,NULL,NULL,NULL,''),(2,380,'ARCTIC RIGGER COVERALL',NULL,NULL,NULL,NULL,NULL,NULL,''),(3,2,'BALMORAL PARKA BLACK LABLE',NULL,NULL,NULL,NULL,NULL,NULL,''),(4,2,'BANFF PARKA',NULL,NULL,NULL,NULL,NULL,NULL,''),(5,2,'BEECHWOOD PARKA',NULL,NULL,NULL,NULL,NULL,NULL,''),(6,2,'BEECHWOOD PARKA BLACK LABLE',NULL,NULL,NULL,NULL,NULL,NULL,''),(7,380,'BORDEN BOMBER',NULL,NULL,NULL,NULL,NULL,NULL,''),(8,2,'BRACEBRIDGE JACKET',NULL,NULL,NULL,NULL,NULL,NULL,''),(9,2,'BRACEBRIDGE JACKET BLACK LABLE',NULL,NULL,NULL,NULL,NULL,NULL,''),(10,380,'BRITTANIA PARKA',NULL,NULL,NULL,NULL,NULL,NULL,'YOUTH'),(11,380,'BRITTANIA PARKA',NULL,NULL,NULL,NULL,NULL,NULL,''),(12,2,'BROMLEY BOMBER',NULL,NULL,NULL,NULL,NULL,NULL,''),(13,2,'BROOKVALE HOODED COAT BLACK LABLE',NULL,NULL,NULL,NULL,NULL,NULL,''),(14,2,'BROOKVALE HOODY',NULL,NULL,NULL,NULL,NULL,NULL,''),(15,2,'BROOKVALE HOODY COAT',NULL,NULL,NULL,NULL,NULL,NULL,''),(16,2,'BROOKVALE JACKET',NULL,NULL,NULL,NULL,NULL,NULL,''),(17,2,'BROOKVALE JACKET BLACK LABLE',NULL,NULL,NULL,NULL,NULL,NULL,''),(18,2,'BRUNSWICK ANORAK SHELL',NULL,NULL,NULL,NULL,NULL,NULL,''),(19,2,'BURNETT JACKET',NULL,NULL,NULL,NULL,NULL,NULL,''),(20,2,'CALLAGHAN PARKA',NULL,NULL,NULL,NULL,NULL,NULL,''),(21,2,'CALLAGHAN PARKA BLACK LABLE',NULL,NULL,NULL,NULL,NULL,NULL,''),(22,2,'CAMP COAT',NULL,NULL,NULL,NULL,NULL,NULL,''),(23,2,'CAMP HOODED JACKET',NULL,NULL,NULL,NULL,NULL,NULL,''),(24,2,'CAMP HOODY',NULL,NULL,NULL,NULL,NULL,NULL,''),(25,2,'CANNINGTON PARKA BLACK LABLE',NULL,NULL,NULL,NULL,NULL,NULL,''),(26,2,'CARSON PARKA',NULL,NULL,NULL,NULL,NULL,NULL,''),(27,2,'CARSON PARKA BLACK LABLE',NULL,NULL,NULL,NULL,NULL,NULL,''),(28,2,'CHATEAU PARKA',NULL,NULL,NULL,NULL,NULL,NULL,''),(29,2,'CHATEAU PARKA BLACK LABLE',NULL,NULL,NULL,NULL,NULL,NULL,''),(30,2,'CHATEAU PARKA FUSION FIT',NULL,NULL,NULL,NULL,NULL,NULL,''),(31,2,'CHELSEA PARKA',NULL,NULL,NULL,NULL,NULL,NULL,''),(32,2,'CHELSEA PARKA BLACK LABLE',NULL,NULL,NULL,NULL,NULL,NULL,''),(33,2,'CHELSEA PARKA FUSION FIT',NULL,NULL,NULL,NULL,NULL,NULL,''),(34,380,'CHILLIWACK BOMBER',NULL,NULL,NULL,NULL,NULL,NULL,''),(35,2,'CITADEL PARKA',NULL,NULL,NULL,NULL,NULL,NULL,''),(36,2,'CLARENCE COAT BLACK LABLE',NULL,NULL,NULL,NULL,NULL,NULL,''),(37,2,'COASTAL SHELL BLACK LABLE',NULL,NULL,NULL,NULL,NULL,NULL,''),(38,380,'CONSTABLE PARKA',NULL,NULL,NULL,NULL,NULL,NULL,''),(39,346,'DAWSON PARKA',NULL,NULL,NULL,NULL,NULL,NULL,''),(40,380,'EAKIN PARKA',NULL,NULL,NULL,NULL,NULL,NULL,'YOUTH'),(41,2,'ELROSE PARKA BLACK LABLE',NULL,NULL,NULL,NULL,NULL,NULL,''),(42,2,'EMORY PARKA',NULL,NULL,NULL,NULL,NULL,NULL,''),(43,2,'EMORY PARKA BLACK LABLE',NULL,NULL,NULL,NULL,NULL,NULL,''),(44,346,'EXPEDITION PARKA',NULL,NULL,NULL,NULL,NULL,NULL,''),(45,346,'EXPEDITION PARKA FUSION FIT',NULL,NULL,NULL,NULL,NULL,NULL,''),(46,380,'FREESTYLE VEST',NULL,NULL,NULL,NULL,NULL,NULL,''),(47,2,'FREESTYLE VEST',NULL,NULL,NULL,NULL,NULL,NULL,''),(48,380,'GRIZZLY BOMBER ',NULL,NULL,NULL,NULL,NULL,NULL,'KID'),(49,380,'GRIZZLY SNOWSUIT',NULL,NULL,NULL,NULL,NULL,NULL,'KID'),(50,380,'GRIZZLY SNOWSUIT',NULL,NULL,NULL,NULL,NULL,NULL,''),(51,2,'HAYWARD SHELL',NULL,NULL,NULL,NULL,NULL,NULL,''),(52,2,'HEATHERTON PARKA',NULL,NULL,NULL,NULL,NULL,NULL,''),(53,2,'HYBRIDGE LITE COAT',NULL,NULL,NULL,NULL,NULL,NULL,''),(54,2,'HYBRIDGE LITE HOODY',NULL,NULL,NULL,NULL,NULL,NULL,''),(55,2,'HYBRIDGE LITE JACKET',NULL,NULL,NULL,NULL,NULL,NULL,''),(56,2,'HYBRIDGE LITE JACKET BLACK LABLE',NULL,NULL,NULL,NULL,NULL,NULL,''),(57,2,'HYBRIDGE LITE SKIRT',NULL,NULL,NULL,NULL,NULL,NULL,''),(58,2,'HYBRIDGE LITE VEST',NULL,NULL,NULL,NULL,NULL,NULL,''),(59,2,'HYBRIDGE PERREN JACKET',NULL,NULL,NULL,NULL,NULL,NULL,''),(60,2,'HYBRIDGE SUTTON PARKA',NULL,NULL,NULL,NULL,NULL,NULL,''),(61,380,'JUNIPER PARKA',NULL,NULL,NULL,NULL,NULL,NULL,'YOUTH'),(62,2,'KENSINGTON PARKA',NULL,NULL,NULL,NULL,NULL,NULL,''),(63,2,'KENSINGTON PARKA FUSION FIT',NULL,NULL,NULL,NULL,NULL,NULL,''),(64,380,'KIDS PBI BOCAT HOODY',NULL,NULL,NULL,NULL,NULL,NULL,'KID'),(65,380,'LAMB SNOWSUIT',NULL,NULL,NULL,NULL,NULL,NULL,''),(66,380,'LAMB SNOWSUIT',NULL,NULL,NULL,NULL,NULL,NULL,'BABY'),(67,2,'LANGFORD PARKA',NULL,NULL,NULL,NULL,NULL,NULL,''),(68,2,'LANGFORD PARKA BLACK LABLE',NULL,NULL,NULL,NULL,NULL,NULL,''),(69,2,'LANGFORD PARKA FUSION FIT',NULL,NULL,NULL,NULL,NULL,NULL,''),(70,2,'LODGE DOWN JACKET',NULL,NULL,NULL,NULL,NULL,NULL,''),(71,2,'LODGE DOWN VEST',NULL,NULL,NULL,NULL,NULL,NULL,''),(72,2,'LODGE HOODY',NULL,NULL,NULL,NULL,NULL,NULL,''),(73,380,'LOGAN PARKA',NULL,NULL,NULL,NULL,NULL,NULL,'YOUTH'),(74,2,'LORETTE PARKA',NULL,NULL,NULL,NULL,NULL,NULL,''),(75,2,'LORETTE PARKA BLACK LABLE',NULL,NULL,NULL,NULL,NULL,NULL,''),(76,380,'LUNENBERG PARKA',NULL,NULL,NULL,NULL,NULL,NULL,''),(77,380,'LYNX PARKA',NULL,NULL,NULL,NULL,NULL,NULL,''),(78,380,'LYNX PARKA',NULL,NULL,NULL,NULL,NULL,NULL,'KID'),(79,2,'MACMILLAN PARKA',NULL,NULL,NULL,NULL,NULL,NULL,''),(80,2,'MACMILLAN PARKA BLACK LABLE',NULL,NULL,NULL,NULL,NULL,NULL,''),(81,2,'MACMILLAN PARKA FUSION FIT',NULL,NULL,NULL,NULL,NULL,NULL,''),(82,2,'MAITLAND PARKA',NULL,NULL,NULL,NULL,NULL,NULL,''),(83,2,'MAITLAND PARKA BLACK LABLE',NULL,NULL,NULL,NULL,NULL,NULL,''),(84,2,'MONTEBELLO PARKA',NULL,NULL,NULL,NULL,NULL,NULL,''),(85,2,'MONTEBELLO PARKA FUSION FIT',NULL,NULL,NULL,NULL,NULL,NULL,''),(86,2,'MOUNTAINEER JACKET',NULL,NULL,NULL,NULL,NULL,NULL,''),(87,380,'MYSTIQUE PARKA',NULL,NULL,NULL,NULL,NULL,NULL,''),(88,380,'PBI BOBCAT HOODY',NULL,NULL,NULL,NULL,NULL,NULL,''),(89,2,'PBI CAMP HOODY',NULL,NULL,NULL,NULL,NULL,NULL,''),(90,380,'PBI CHILLIWACK BOMBER',NULL,NULL,NULL,NULL,NULL,NULL,''),(91,346,'PBI EXPEDITION PARKA',NULL,NULL,NULL,NULL,NULL,NULL,''),(92,2,'PBI LODGE HOODY',NULL,NULL,NULL,NULL,NULL,NULL,''),(93,380,'PBI PUP BUNTING',NULL,NULL,NULL,NULL,NULL,NULL,''),(94,380,'PBI SHERWOOD HOODY',NULL,NULL,NULL,NULL,NULL,NULL,''),(95,2,'PEMBINA COAT BLACK LABLE',NULL,NULL,NULL,NULL,NULL,NULL,''),(96,346,'PERLEY 3-IN-1 PARKA',NULL,NULL,NULL,NULL,NULL,NULL,''),(97,2,'PRITCHARD COAT',NULL,NULL,NULL,NULL,NULL,NULL,''),(98,2,'PRITCHARD COAT BLACK LABLE',NULL,NULL,NULL,NULL,NULL,NULL,''),(99,346,'RESOLUTE PARKA',NULL,NULL,NULL,NULL,NULL,NULL,''),(100,2,'RIDEAU PARKA',NULL,NULL,NULL,NULL,NULL,NULL,''),(101,2,'RIDEAU PARKA BLACK LABLE',NULL,NULL,NULL,NULL,NULL,NULL,''),(102,2,'RIDGE PANT',NULL,NULL,NULL,NULL,NULL,NULL,''),(103,2,'ROSSCLAIR PARKA',NULL,NULL,NULL,NULL,NULL,NULL,''),(104,2,'ROSSCLAIR PARKA BLACK LABLE',NULL,NULL,NULL,NULL,NULL,NULL,''),(105,2,'ROSSCLAIR PARKA FUSION FIT',NULL,NULL,NULL,NULL,NULL,NULL,''),(106,2,'ROWAN PARKA',NULL,NULL,NULL,NULL,NULL,NULL,''),(107,380,'RUNDLE BOMBER',NULL,NULL,NULL,NULL,NULL,NULL,'YOUTH'),(108,380,'RUNDLE BOMBER',NULL,NULL,NULL,NULL,NULL,NULL,''),(109,2,'SAVONA BOMBER',NULL,NULL,NULL,NULL,NULL,NULL,''),(110,2,'SAVONA BOMBER BLACK LABLE',NULL,NULL,NULL,NULL,NULL,NULL,''),(111,2,'SELKIRK PARKA',NULL,NULL,NULL,NULL,NULL,NULL,''),(112,2,'SHELBURNE PARKA',NULL,NULL,NULL,NULL,NULL,NULL,''),(113,2,'SHELBURNE PARKA BLACK LABLE',NULL,NULL,NULL,NULL,NULL,NULL,''),(114,2,'SHELBURNE PARKA FUSION FIT',NULL,NULL,NULL,NULL,NULL,NULL,''),(115,2,'SKRESLET PARKA',NULL,NULL,NULL,NULL,NULL,NULL,''),(116,346,'SNOW MANTRA PARKA',NULL,NULL,NULL,NULL,NULL,NULL,''),(117,380,'SNOWY OWL PARKA',NULL,NULL,NULL,NULL,NULL,NULL,'KID'),(118,380,'SOLARIS PARKA',NULL,NULL,NULL,NULL,NULL,NULL,''),(119,2,'SUMMIT JACKET',NULL,NULL,NULL,NULL,NULL,NULL,''),(120,2,'SYLVAN VEST',NULL,NULL,NULL,NULL,NULL,NULL,''),(121,380,'THUNDER PANT',NULL,NULL,NULL,NULL,NULL,NULL,'KID'),(122,380,'THUNDER PANTS',NULL,NULL,NULL,NULL,NULL,NULL,''),(123,2,'TIMBER SHELL JACKET',NULL,NULL,NULL,NULL,NULL,NULL,''),(124,380,'TRILLIUM PARKA',NULL,NULL,NULL,NULL,NULL,NULL,''),(125,380,'TRILLIUM PARKA FUSION FIT',NULL,NULL,NULL,NULL,NULL,NULL,''),(126,346,'TUNDRA BIB OVERALL',NULL,NULL,NULL,NULL,NULL,NULL,''),(127,380,'TUNDRA PANT',NULL,NULL,NULL,NULL,NULL,NULL,''),(128,380,'VANIER VEST',NULL,NULL,NULL,NULL,NULL,NULL,'YOUTH'),(129,2,'VICTORIA PARKA',NULL,NULL,NULL,NULL,NULL,NULL,''),(130,2,'WHISTLER PARKA',NULL,NULL,NULL,NULL,NULL,NULL,''),(131,2,'WINDERMERE COAT BLACK LABLE',NULL,NULL,NULL,NULL,NULL,NULL,''),(132,380,'WOLVERINE PANT',NULL,NULL,NULL,NULL,NULL,NULL,'YOUTH'),(133,380,'WOLVERINE PANTS',NULL,NULL,NULL,NULL,NULL,NULL,''),(134,2,'WOOLFORD JACKET',NULL,NULL,NULL,NULL,NULL,NULL,''),(135,2,'WOOLFORD JACKET FUSION FIT',NULL,NULL,NULL,NULL,NULL,NULL,''),(136,2,'WYNDHAM PARKA',NULL,NULL,NULL,NULL,NULL,NULL,''),(137,380,'YOUTH PBI CHILLIWACK',NULL,NULL,NULL,NULL,NULL,NULL,'YOUTH'),(138,380,'YOUTH PBI EXPEDITION',NULL,NULL,NULL,NULL,NULL,NULL,'YOUTH'),(139,380,'YOUTH PBI SHERWOOD HOODY',NULL,NULL,NULL,NULL,NULL,NULL,'YOUTH');

/*Table structure for table `tb_sizecontent` */

DROP TABLE IF EXISTS `tb_sizecontent`;

CREATE TABLE `tb_sizecontent` (
  `id` int(10) unsigned NOT NULL AUTO_INCREMENT COMMENT '主键id',
  `topid` int(10) unsigned DEFAULT NULL COMMENT '尺码组主键id',
  `name` varchar(100) DEFAULT NULL COMMENT '中文代码名称',
  `displayindex` int(11) DEFAULT '0',
  PRIMARY KEY (`id`),
  KEY `topid` (`topid`)
) ENGINE=InnoDB AUTO_INCREMENT=467 DEFAULT CHARSET=utf8mb4 COMMENT='尺码明细';

/*Data for the table `tb_sizecontent` */

insert  into `tb_sizecontent`(`id`,`topid`,`name`,`displayindex`) values (1,1,'35',1),(2,1,'35.5',2),(3,1,'36',3),(4,1,'36.5',4),(5,1,'37',5),(6,1,'37.5',6),(7,1,'38',7),(8,1,'38.5',8),(9,1,'39',9),(10,1,'39.5',10),(11,1,'40',11),(12,1,'40.5',12),(13,1,'41',13),(14,1,'41.5',14),(15,1,'42',15),(16,1,'42.5',16),(17,1,'43',17),(18,1,'43.5',18),(19,1,'44',19),(20,1,'44.5',20),(21,1,'45',22),(22,2,'44',22),(23,2,'46',23),(24,2,'48',24),(25,2,'50',25),(26,2,'52',26),(27,2,'54',27),(28,2,'56',28),(29,3,'35-37',30),(30,3,'38-40',29),(31,4,'20-21',31),(32,4,'22-23',32),(33,4,'24-25',33),(34,4,'26-27',34),(35,4,'28-29',35),(36,4,'30-31',36),(37,4,'32-33',37),(38,4,'34-35',38),(39,5,'27-29',39),(40,5,'30-32',40),(41,5,'33-35',41),(42,6,'XS/S',42),(43,6,'S/M',43),(44,6,'M/L',44),(45,6,'L/XL',45),(46,6,'XXS/XS',46),(47,7,'2',47),(48,7,'2.5',48),(49,7,'3',49),(50,7,'3.5',50),(51,7,'4',51),(52,7,'4.5',52),(53,7,'5',53),(54,7,'5.5',54),(55,7,'6',55),(56,7,'6.5',56),(57,7,'7',57),(58,7,'7.5',58),(59,7,'8',59),(60,7,'8.5',60),(61,7,'9',61),(62,7,'9.5',62),(63,7,'10',63),(64,8,'4.5',64),(65,8,'4',65),(66,8,'5',66),(67,8,'5.5',67),(68,8,'6',68),(69,8,'6.5',69),(70,8,'7',70),(71,8,'7.5',71),(72,8,'8',72),(73,8,'8.5',73),(74,8,'9',74),(75,8,'9.5',75),(76,8,'10',76),(77,8,'10.5',77),(78,8,'11',78),(79,8,'11.5',79),(80,9,'1',80),(81,9,'2',81),(82,9,'3',82),(83,10,'60',83),(84,10,'61',84),(85,10,'62',85),(86,10,'63',86),(87,10,'64',87),(88,10,'65',88),(89,10,'66',89),(90,12,'OVER SIZE',90),(91,12,'O/S',91),(92,12,'O/M',92),(93,12,'O/L',93),(94,14,'7A',94),(95,14,'8A',95),(96,14,'XXS',96),(97,14,'XS',97),(98,14,'S',98),(99,15,'12',99),(100,15,'13',100),(101,15,'14',101),(102,15,'15',102),(103,15,'16',103),(104,15,'17',104),(105,15,'18',105),(106,15,'19',106),(107,15,'20',107),(108,15,'21',108),(109,15,'22',109),(110,15,'23',110),(111,15,'24',111),(112,15,'25',112),(113,16,'38.5',113),(114,16,'39',114),(115,16,'39.5',115),(116,16,'40',116),(117,16,'40.5',117),(118,16,'41',118),(119,16,'41.5',119),(120,16,'42',120),(121,16,'42.5',121),(122,16,'43',122),(123,16,'43.5',123),(124,16,'44',124),(125,16,'44.5',125),(126,16,'45',126),(127,16,'45.5',127),(128,16,'46',128),(129,17,'6M-12M',129),(130,17,'12M-18M',130),(131,17,'18M-24M',131),(132,17,'2Y-3Y',132),(133,17,'3Y-4Y',133),(134,17,'4Y-5Y',134),(135,17,'6Y-7Y',135),(136,17,'8Y-9Y',136),(137,17,'10Y-11Y',137),(138,17,'12Y-14Y',138),(139,18,'T1',139),(140,18,'T2',140),(141,18,'T3',141),(142,18,'3M/6M',142),(143,18,'9M/12M',143),(144,18,'18M/3A',144),(145,18,'2A/4A',145),(146,18,'5A/8A',146),(147,18,'10A/16A',147),(148,19,'37',148),(149,19,'38',149),(150,19,'39',150),(151,19,'40',151),(152,19,'41',152),(153,19,'42',153),(154,19,'43',154),(155,19,'44',155),(156,19,'45',156),(157,19,'46',157),(158,20,'32',158),(159,20,'34',159),(160,20,'36',160),(161,20,'38',161),(162,20,'40',162),(163,20,'42',163),(164,20,'44',164),(165,20,'46',165),(166,20,'48',166),(167,20,'50',167),(168,21,'46',168),(169,21,'48',169),(170,21,'50',170),(171,21,'52',171),(172,21,'54',172),(173,21,'56',173),(174,21,'58',174),(175,21,'60',175),(176,23,'3.5',176),(177,23,'4',177),(178,23,'4.5',178),(179,23,'5',179),(180,23,'5.5',180),(181,23,'6',181),(182,23,'6.5',182),(183,23,'7',183),(184,23,'7.5',184),(185,23,'8',185),(186,23,'8.5',186),(187,23,'9',187),(188,23,'9.5',188),(189,23,'10',189),(190,23,'10.5',190),(191,23,'11',191),(192,23,'11.5',192),(193,23,'12',193),(194,24,'2-3',194),(195,24,'4-5',195),(196,24,'6-7',196),(197,25,'UNI',197),(198,27,'24',198),(199,27,'25',199),(200,27,'26',200),(201,27,'27',201),(202,27,'28',202),(203,27,'29',203),(204,27,'30',204),(205,27,'31',205),(206,27,'32',206),(207,27,'33',207),(208,27,'34',208),(209,28,'4.5',209),(210,28,'5',210),(211,28,'5.5',211),(212,28,'6',212),(213,28,'6.5',213),(214,28,'7',214),(215,28,'7.5',215),(216,28,'8',216),(217,28,'8.5',217),(218,28,'9',218),(219,28,'9.5',219),(220,28,'10',220),(221,28,'10.5',221),(222,28,'11',222),(223,28,'11.5',223),(224,28,'12',224),(225,28,'12.5',225),(226,28,'13',226),(227,29,'XXXS',227),(228,29,'XXS',228),(229,29,'XS',229),(230,29,'S',230),(231,29,'M',231),(232,29,'L',232),(233,29,'XL',233),(234,29,'XXL',234),(235,29,'XXXL',235),(236,29,'XXXXL',236),(237,30,'46',237),(238,30,'48',238),(239,30,'50',239),(240,30,'52',240),(241,30,'54',241),(242,30,'56',242),(243,30,'58',243),(244,30,'60',244),(245,30,'62',245),(246,30,'64',246),(247,30,'66',247),(248,30,'68',248),(249,30,'70',249),(250,30,'72',250),(251,31,'1M',251),(252,31,'3M',252),(253,31,'6M',253),(254,31,'9M',254),(255,32,'3M',255),(256,32,'6M',256),(257,32,'9M',257),(258,32,'12M',258),(259,32,'18M',259),(260,32,'2A',260),(261,32,'3A',261),(262,32,'4A',262),(263,32,'5A',263),(264,32,'6A',264),(265,32,'7A',265),(266,32,'8A',266),(267,32,'9A',267),(268,32,'10A',268),(269,32,'11A',269),(270,32,'12A',270),(271,32,'13A',271),(272,32,'14A',272),(273,32,'15A',273),(274,32,'16A',274),(275,33,'2A',275),(276,33,'3A',276),(277,33,'4A',277),(278,33,'5A',278),(279,33,'6A',279),(280,34,'12M',280),(281,34,'18M',281),(282,34,'24M',282),(283,35,'36',283),(284,35,'36.5',284),(285,35,'37',285),(286,35,'37.5',286),(287,35,'38',287),(288,35,'38.5',288),(289,35,'39',289),(290,35,'39.5',290),(291,35,'40',291),(292,35,'40.5',292),(293,35,'41',293),(294,35,'41.5',294),(295,35,'42',295),(296,35,'42.5',296),(297,35,'43',297),(298,35,'43.5',298),(299,35,'44',299),(300,35,'44.5',300),(301,35,'45',301),(302,37,'1M-3M',302),(303,37,'3M-6M',303),(304,37,'6M-9M',304),(305,37,'9M-12M',305),(306,37,'12M-18M',306),(307,37,'18M-24M',307),(308,37,'2A',308),(309,37,'3A',309),(310,38,'42',310),(311,38,'44',311),(312,38,'46',312),(313,38,'48',313),(314,38,'50',314),(315,38,'52',315),(316,38,'54',316),(317,38,'56',317),(318,38,'58',318),(319,38,'60',319),(320,39,'I',320),(321,39,'II',321),(322,39,'III',322),(323,39,'IV',323),(324,39,'V',324),(325,39,'VI',325),(326,39,'VII',326),(327,39,'VIII',327),(328,40,'3',328),(329,40,'3.5',329),(330,40,'4',330),(331,40,'4.5',331),(332,40,'5',332),(333,40,'5.5',333),(334,40,'6',334),(335,40,'6.5',335),(336,40,'7',336),(337,40,'7.5',337),(338,40,'8',338),(339,40,'8.5',339),(340,40,'9',340),(341,40,'9.5',341),(342,40,'10',342),(343,41,'9',343),(344,41,'11',344),(345,41,'13',345),(346,41,'15',346),(347,41,'16',347),(348,41,'17',348),(349,41,'18',349),(350,41,'19',350),(351,41,'20',351),(352,41,'21',352),(353,41,'22',353),(354,41,'23',354),(355,41,'24',355),(356,41,'25',356),(357,42,'3436',357),(358,42,'3739',358),(359,42,'4042',359),(360,42,'4345',360),(361,43,'28',361),(362,43,'29',362),(363,43,'30',363),(364,43,'31',364),(365,43,'32',365),(366,43,'33',366),(367,43,'34',367),(368,43,'35',368),(369,43,'36',369),(370,43,'37',370),(371,43,'38',371),(372,43,'39',372),(373,43,'40',373),(374,44,'44',374),(375,44,'46',375),(376,44,'48',376),(377,44,'50',377),(378,44,'52',378),(379,44,'54',379),(380,44,'56',380),(381,44,'58',381),(382,44,'60',382),(383,44,'62',383),(384,45,'SS',384),(385,45,'S',385),(386,45,'M',386),(387,45,'L',387),(388,46,'1',388),(389,46,'2',389),(390,46,'3',390),(391,47,'26',391),(392,47,'27',392),(393,47,'28',393),(394,47,'29',394),(395,47,'30',395),(396,47,'31',396),(397,47,'32',397),(398,47,'33',398),(399,47,'34',399),(400,47,'35',400),(401,47,'36',401),(402,47,'37',402),(403,47,'38',403),(404,47,'39',404),(405,47,'40',405),(406,48,'XXS',414),(407,48,'XS',407),(408,48,'S',408),(409,48,'M',405),(410,48,'L',410),(411,48,'XL',411),(412,48,'XXL',412),(413,48,'XXXL',413),(414,49,'65',414),(415,49,'70',415),(416,49,'75',416),(417,49,'80',417),(418,49,'85',418),(419,49,'90',419),(420,49,'95',420),(421,49,'100',421),(422,49,'105',422),(423,49,'110',423),(424,49,'115',424),(425,49,'120',425),(426,49,'125',426),(427,50,'34',427),(428,50,'34.5',428),(429,50,'35',429),(430,50,'35.5',430),(431,50,'36',431),(432,50,'36.5',432),(433,50,'37',433),(434,50,'37.5',434),(435,50,'38',435),(436,50,'38.5',436),(437,50,'39',437),(438,50,'39.5',438),(439,50,'40',439),(440,50,'40.5',440),(441,50,'41',441),(442,51,'00',442),(443,51,'0',443),(444,51,'1',444),(445,51,'2',445),(446,51,'3',446),(447,51,'4',447),(448,51,'5',448),(449,51,'6',449),(450,51,'7',450),(451,51,'8',451),(452,51,'9',452),(453,51,'10',453),(454,51,'11',454),(455,51,'12',455),(456,52,'1M',456),(457,52,'3M',457),(458,52,'6M',458),(459,52,'9M',459),(460,52,'12M',460),(461,52,'18M',461),(462,52,'24M',462),(463,53,'M',463),(464,53,'L',464),(465,53,'XL',465),(466,53,'XXL',467);

/*Table structure for table `tb_sizetop` */

DROP TABLE IF EXISTS `tb_sizetop`;

CREATE TABLE `tb_sizetop` (
  `id` int(10) unsigned NOT NULL AUTO_INCREMENT COMMENT '主键id',
  `name_cn` varchar(100) DEFAULT NULL COMMENT '中文名称',
  `name_en` varchar(100) DEFAULT NULL COMMENT '英文名称',
  `name_hk` varchar(100) DEFAULT NULL COMMENT '粤语名称',
  `name_fr` varchar(100) DEFAULT NULL COMMENT '法语名称',
  `name_it` varchar(100) DEFAULT NULL COMMENT '意大利语名称',
  `name_sp` varchar(100) DEFAULT NULL COMMENT '西班牙语名称',
  `name_de` varchar(100) DEFAULT NULL COMMENT '德语名称',
  `code` varchar(50) DEFAULT NULL,
  `displayindex` int(11) DEFAULT NULL,
  PRIMARY KEY (`id`)
) ENGINE=InnoDB AUTO_INCREMENT=54 DEFAULT CHARSET=utf8mb4 COMMENT='尺码组';

/*Data for the table `tb_sizetop` */

insert  into `tb_sizetop`(`id`,`name_cn`,`name_en`,`name_hk`,`name_fr`,`name_it`,`name_sp`,`name_de`,`code`,`displayindex`) values (1,'鞋 男女通用','','',NULL,'',NULL,NULL,'P',100),(2,'禁用   上装/男','','',NULL,'',NULL,NULL,'D',120),(3,'女鞋分段码',NULL,NULL,NULL,NULL,NULL,NULL,'XX CHIARA.F',NULL),(4,'童装20-35',NULL,NULL,NULL,NULL,NULL,NULL,'TZ NUNUNU',NULL),(5,'儿童袜子',NULL,NULL,NULL,NULL,NULL,NULL,'TZ BURBERRY',NULL),(6,'服装XS/S-M/L',NULL,NULL,NULL,NULL,NULL,NULL,'FZT3',NULL),(7,'鞋类/男女',NULL,NULL,NULL,NULL,NULL,NULL,'Q',NULL),(8,'禁用2',NULL,NULL,NULL,NULL,NULL,NULL,'XXT2',NULL),(9,'下装',NULL,NULL,NULL,NULL,NULL,NULL,'T',NULL),(10,'眼镜B',NULL,NULL,NULL,NULL,NULL,NULL,'PS2',NULL),(11,'服装JP-S/FR-S-JP-3XL/FR-XL',NULL,NULL,NULL,NULL,NULL,NULL,'FZT6',NULL),(12,'上装/男女',NULL,NULL,NULL,NULL,NULL,NULL,'N',NULL),(13,'Y-3帽子','','',NULL,'',NULL,NULL,'PS6',NULL),(14,'童装7A-S',NULL,NULL,NULL,NULL,NULL,NULL,'TZ Y.VERSACE',NULL),(15,'儿童鞋12-22',NULL,NULL,NULL,NULL,NULL,NULL,'TZ XX1',NULL),(16,'男鞋38-46',NULL,NULL,NULL,NULL,NULL,NULL,'XXM1',NULL),(17,'童装6M-14Y',NULL,NULL,NULL,NULL,NULL,NULL,'TZ NUNUNU',NULL),(18,'儿童帽子',NULL,NULL,NULL,NULL,NULL,NULL,'TZ MZ',NULL),(19,'衬衫37-46',NULL,NULL,NULL,NULL,NULL,NULL,'FZT2',NULL),(20,'女装32-50',NULL,NULL,NULL,NULL,NULL,NULL,'FZW2',NULL),(21,'下装/男裤',NULL,NULL,NULL,NULL,NULL,NULL,'O',NULL),(22,'服装FR34-FR48',NULL,NULL,NULL,NULL,NULL,NULL,'FZT7',NULL),(23,'男女鞋(禁用)',NULL,NULL,NULL,NULL,NULL,NULL,'ADIDAS',NULL),(24,'童装尺码',NULL,NULL,NULL,NULL,NULL,NULL,'TZ CANADA GOOSE KID',NULL),(25,'均码',NULL,NULL,NULL,NULL,NULL,NULL,'JM',NULL),(26,'童装8A-14A',NULL,NULL,NULL,NULL,NULL,NULL,'TZ Y.VERSACE',NULL),(27,'女裤24-34',NULL,NULL,NULL,NULL,NULL,NULL,'FZW1',NULL),(28,'男鞋4.5-13',NULL,NULL,NULL,NULL,NULL,NULL,'XXM2',NULL),(29,'服装XXXS-XXXL',NULL,NULL,NULL,NULL,NULL,NULL,'FZT1',NULL),(30,'眼镜',NULL,NULL,NULL,NULL,NULL,NULL,'PS4',NULL),(31,'童装1M-9M',NULL,NULL,NULL,NULL,NULL,NULL,'TZ Y.VERSACE',NULL),(32,'童装3M-16A',NULL,NULL,NULL,NULL,NULL,NULL,'TZ KENZO',NULL),(33,'童装2A-6A',NULL,NULL,NULL,NULL,NULL,NULL,'TZ Y.VERSACE',NULL),(34,'童装12M-24M',NULL,NULL,NULL,NULL,NULL,NULL,'TZ Y.VERSACE',NULL),(35,'禁用1',NULL,NULL,NULL,NULL,NULL,NULL,'XXT1',NULL),(36,'Y.VERSACE童装',NULL,NULL,NULL,NULL,NULL,NULL,'TZ Y.VERSACE',NULL),(37,'MONCLER 童装',NULL,NULL,NULL,NULL,NULL,NULL,'TZ MONCLER',NULL),(38,'男装44-60',NULL,NULL,NULL,NULL,NULL,NULL,'FZM2',NULL),(39,'服装I-VIII',NULL,NULL,NULL,NULL,NULL,NULL,'FZT4',NULL),(40,'女鞋4-10',NULL,NULL,NULL,NULL,NULL,NULL,'XXW2',NULL),(41,'手链/戒指',NULL,NULL,NULL,NULL,NULL,NULL,'PS1',NULL),(42,'袜子',NULL,NULL,NULL,NULL,NULL,NULL,'PS5',NULL),(43,'男裤28-38',NULL,NULL,NULL,NULL,NULL,NULL,'FZM1',NULL),(44,'帽子（儿童）',NULL,NULL,NULL,NULL,NULL,NULL,'X',NULL),(45,'帽子',NULL,NULL,NULL,NULL,NULL,NULL,'PS2',NULL),(46,'帽子',NULL,NULL,NULL,NULL,NULL,NULL,'U',NULL),(47,'儿童鞋 26-35',NULL,NULL,NULL,NULL,NULL,NULL,'TZ XX2',NULL),(48,'下装/裤',NULL,NULL,NULL,NULL,NULL,NULL,'R',NULL),(49,'腰带',NULL,NULL,NULL,NULL,NULL,NULL,'PS3',NULL),(50,'女鞋34-43',NULL,NULL,NULL,NULL,NULL,NULL,'XXW1',NULL),(51,'服装00-10',NULL,NULL,NULL,NULL,NULL,NULL,'FZT5',NULL),(52,'童装1M-24M',NULL,NULL,NULL,NULL,NULL,NULL,'TZ A.JUNIOR',NULL),(53,'童装M-XXL',NULL,NULL,NULL,NULL,NULL,NULL,'TZ Y.VERSACE',NULL);

/*Table structure for table `tb_supplier` */

DROP TABLE IF EXISTS `tb_supplier`;

CREATE TABLE `tb_supplier` (
  `id` int(10) unsigned NOT NULL AUTO_INCREMENT COMMENT '主键id',
  `suppliername` varchar(50) DEFAULT NULL COMMENT '名称',
  `englishname` varchar(50) DEFAULT NULL COMMENT '英文名称',
  `address` varchar(300) DEFAULT NULL COMMENT '地址',
  `phone` varchar(30) DEFAULT NULL COMMENT '电话',
  `zipcode` varchar(20) DEFAULT NULL COMMENT '邮编',
  `email` varchar(200) DEFAULT NULL COMMENT 'email',
  `countrycity` varchar(50) DEFAULT NULL,
  `suppliercode` varchar(50) DEFAULT NULL COMMENT '编码',
  `fax` varchar(50) DEFAULT NULL COMMENT '传真',
  `suppliertype` varchar(50) DEFAULT NULL COMMENT '0-供货商 1-报关行 2-供应商 3-承运人 4-客户 5-品牌商',
  `memo` text COMMENT '备注',
  `nickname` varchar(100) DEFAULT NULL COMMENT '昵称',
  `website` varchar(150) DEFAULT NULL COMMENT '公司网址',
  `createtime` datetime DEFAULT NULL COMMENT '生成时间',
  `companyid` int(11) DEFAULT NULL COMMENT '公司id',
  `mobile` varchar(50) DEFAULT NULL COMMENT '手机号',
  `linkman` varchar(100) DEFAULT NULL COMMENT '联系人',
  `customtype` char(1) DEFAULT NULL COMMENT '客户类型',
  `englishaddress` varchar(300) DEFAULT NULL COMMENT '英文地址',
  PRIMARY KEY (`id`)
) ENGINE=InnoDB AUTO_INCREMENT=8 DEFAULT CHARSET=utf8mb4 COMMENT='任何表都应该包含的列';

/*Data for the table `tb_supplier` */

insert  into `tb_supplier`(`id`,`suppliername`,`englishname`,`address`,`phone`,`zipcode`,`email`,`countrycity`,`suppliercode`,`fax`,`suppliertype`,`memo`,`nickname`,`website`,`createtime`,`companyid`,`mobile`,`linkman`,`customtype`,`englishaddress`) values (1,'GIANO S.N.C.7','66','56','','','','11','GIANO S.N.C.','','2','66','11','',NULL,NULL,'','','1',''),(2,'顺丰速递','','rr5','','','','1','007','','0,1','','','',NULL,NULL,'','','',''),(3,'菜鸟物流','','','','','','2','003','','0,2','','','',NULL,NULL,'','','1',''),(4,'GILMAR','','','','','','2','GILMAR','','0,2','','','',NULL,NULL,'','','0',''),(5,'LEMCO SRL','','','','','','','LEMCO SRL','','0','','','',NULL,NULL,'','','',''),(6,'VASA-FASHION SRL','','','','','','','VASA-FASHION SRL','','0','','','',NULL,NULL,'','','',''),(7,'22222','','','','','','','1','','1',NULL,'1','',NULL,NULL,'','','','');

/*Table structure for table `tb_supplier_address` */

DROP TABLE IF EXISTS `tb_supplier_address`;

CREATE TABLE `tb_supplier_address` (
  `id` int(11) unsigned NOT NULL AUTO_INCREMENT,
  `name` varchar(100) COLLATE utf8_bin DEFAULT NULL COMMENT '收货人',
  `address` varchar(255) COLLATE utf8_bin DEFAULT NULL COMMENT '收货地址',
  `phone` varchar(500) COLLATE utf8_bin DEFAULT NULL COMMENT '电话',
  `supplierid` int(11) DEFAULT NULL,
  `zipcode` varchar(20) COLLATE utf8_bin DEFAULT NULL COMMENT '邮编',
  `countryid` int(11) DEFAULT NULL COMMENT '国家',
  `province` varchar(100) COLLATE utf8_bin DEFAULT NULL COMMENT '省份',
  `city` varchar(100) COLLATE utf8_bin DEFAULT NULL COMMENT '城市',
  PRIMARY KEY (`id`),
  KEY `supplierid` (`supplierid`)
) ENGINE=InnoDB AUTO_INCREMENT=3 DEFAULT CHARSET=utf8 COLLATE=utf8_bin COMMENT='收货地址';

/*Data for the table `tb_supplier_address` */

insert  into `tb_supplier_address`(`id`,`name`,`address`,`phone`,`supplierid`,`zipcode`,`countryid`,`province`,`city`) values (1,'6','56','5',0,NULL,NULL,NULL,NULL),(2,'常伟','天津市河西区银丰花园','18602283721',1,NULL,NULL,NULL,NULL);

/*Table structure for table `tb_supplier_bank` */

DROP TABLE IF EXISTS `tb_supplier_bank`;

CREATE TABLE `tb_supplier_bank` (
  `id` int(11) unsigned NOT NULL AUTO_INCREMENT,
  `supplierid` int(11) DEFAULT NULL,
  `companyid` int(11) DEFAULT NULL,
  `name` varchar(200) COLLATE utf8_bin DEFAULT NULL COMMENT '账户名称',
  `address` varchar(255) COLLATE utf8_bin DEFAULT NULL COMMENT '地址',
  `bank_name` varchar(200) COLLATE utf8_bin DEFAULT NULL COMMENT '银行名称',
  `bank_address` varchar(255) COLLATE utf8_bin DEFAULT NULL COMMENT '银行地址',
  `bank_depart` varchar(200) COLLATE utf8_bin DEFAULT NULL COMMENT '分行名称',
  `account` varchar(100) COLLATE utf8_bin DEFAULT NULL COMMENT '银行账号',
  `bank_code` varchar(50) COLLATE utf8_bin DEFAULT NULL COMMENT '银行国际码',
  `currency` int(11) DEFAULT NULL COMMENT '币种',
  PRIMARY KEY (`id`),
  KEY `companyid` (`companyid`,`supplierid`)
) ENGINE=InnoDB AUTO_INCREMENT=2 DEFAULT CHARSET=utf8 COLLATE=utf8_bin;

/*Data for the table `tb_supplier_bank` */

insert  into `tb_supplier_bank`(`id`,`supplierid`,`companyid`,`name`,`address`,`bank_name`,`bank_address`,`bank_depart`,`account`,`bank_code`,`currency`) values (1,1,1,'3','4','3','34','43','34','34',1);

/*Table structure for table `tb_supplier_invoice` */

DROP TABLE IF EXISTS `tb_supplier_invoice`;

CREATE TABLE `tb_supplier_invoice` (
  `id` int(11) unsigned NOT NULL AUTO_INCREMENT,
  `name` varchar(200) COLLATE utf8_bin DEFAULT NULL COMMENT '单位名',
  `address` varchar(255) COLLATE utf8_bin DEFAULT NULL COMMENT '地址',
  `telephone` varchar(30) COLLATE utf8_bin DEFAULT NULL COMMENT '电话',
  `bank` varchar(200) COLLATE utf8_bin DEFAULT NULL COMMENT '开户行',
  `bank_account` varchar(30) COLLATE utf8_bin DEFAULT NULL COMMENT '银行账号',
  `supplierid` int(11) DEFAULT NULL COMMENT '供应商id',
  `companyid` int(11) DEFAULT NULL COMMENT '公司id',
  `tax_number` varchar(100) COLLATE utf8_bin DEFAULT NULL COMMENT '税号',
  PRIMARY KEY (`id`),
  KEY `supplierid` (`companyid`,`supplierid`)
) ENGINE=InnoDB AUTO_INCREMENT=4 DEFAULT CHARSET=utf8 COLLATE=utf8_bin;

/*Data for the table `tb_supplier_invoice` */

insert  into `tb_supplier_invoice`(`id`,`name`,`address`,`telephone`,`bank`,`bank_account`,`supplierid`,`companyid`,`tax_number`) values (2,'3','3','3','3','3',1,NULL,NULL),(3,'2','2','2','2','2',1,1,NULL);

/*Table structure for table `tb_supplier_linkman` */

DROP TABLE IF EXISTS `tb_supplier_linkman`;

CREATE TABLE `tb_supplier_linkman` (
  `id` int(11) unsigned NOT NULL AUTO_INCREMENT,
  `supplierid` int(11) DEFAULT NULL,
  `name` varchar(100) COLLATE utf8_bin DEFAULT NULL,
  `phone` varchar(100) COLLATE utf8_bin DEFAULT NULL COMMENT '座机号',
  `email` varchar(255) COLLATE utf8_bin DEFAULT NULL,
  `gender` tinyint(1) DEFAULT NULL,
  `duty` varchar(50) COLLATE utf8_bin DEFAULT NULL,
  `fax` varchar(50) COLLATE utf8_bin DEFAULT NULL,
  `department` varchar(100) COLLATE utf8_bin DEFAULT NULL,
  `address` varchar(255) COLLATE utf8_bin DEFAULT NULL,
  `zipcode` varchar(30) COLLATE utf8_bin DEFAULT NULL,
  `mobile` varchar(100) COLLATE utf8_bin DEFAULT NULL COMMENT '手机号',
  PRIMARY KEY (`id`),
  KEY `supplierid` (`supplierid`)
) ENGINE=InnoDB AUTO_INCREMENT=3 DEFAULT CHARSET=utf8 COLLATE=utf8_bin;

/*Data for the table `tb_supplier_linkman` */

insert  into `tb_supplier_linkman`(`id`,`supplierid`,`name`,`phone`,`email`,`gender`,`duty`,`fax`,`department`,`address`,`zipcode`,`mobile`) values (1,1,'常伟','022-12345678-007','nkchwfree@163.com',1,NULL,'022-12345678','IT部','天津市河西区银丰花园B座12层','300000','18602283721'),(2,1,'TOM','','',0,NULL,'','','','','');

/*Table structure for table `tb_templatemanage` */

DROP TABLE IF EXISTS `tb_templatemanage`;

CREATE TABLE `tb_templatemanage` (
  `id` int(10) unsigned NOT NULL AUTO_INCREMENT COMMENT '主键id',
  `name_cn` varchar(100) DEFAULT NULL COMMENT '中文名称',
  `name_en` varchar(100) DEFAULT NULL COMMENT '英文名称',
  `name_hk` varchar(100) DEFAULT NULL COMMENT '粤语名称',
  `name_fr` varchar(100) DEFAULT NULL COMMENT '法语名称',
  `name_it` varchar(100) DEFAULT NULL COMMENT '意大利语名称',
  `name_sp` varchar(100) DEFAULT NULL COMMENT '西班牙语名称',
  `name_de` varchar(100) DEFAULT NULL COMMENT '德语名称',
  `tempid` int(10) unsigned DEFAULT NULL,
  `sortnum` int(11) DEFAULT NULL,
  PRIMARY KEY (`id`)
) ENGINE=InnoDB AUTO_INCREMENT=2 DEFAULT CHARSET=utf8mb4 COMMENT='商品模板-从表';

/*Data for the table `tb_templatemanage` */

insert  into `tb_templatemanage`(`id`,`name_cn`,`name_en`,`name_hk`,`name_fr`,`name_it`,`name_sp`,`name_de`,`tempid`,`sortnum`) values (1,'55','','',NULL,NULL,NULL,NULL,1,66);

/*Table structure for table `tb_ulnarinch` */

DROP TABLE IF EXISTS `tb_ulnarinch`;

CREATE TABLE `tb_ulnarinch` (
  `id` int(10) unsigned NOT NULL AUTO_INCREMENT COMMENT '主键id',
  `name_cn` varchar(100) DEFAULT NULL COMMENT '中文名称',
  `name_en` varchar(100) DEFAULT NULL COMMENT '英文名称',
  `name_hk` varchar(100) DEFAULT NULL COMMENT '粤语名称',
  `name_fr` varchar(100) DEFAULT NULL COMMENT '法语名称',
  `name_it` varchar(100) DEFAULT NULL COMMENT '意大利语名称',
  `name_sp` varchar(100) DEFAULT NULL COMMENT '西班牙语名称',
  `name_de` varchar(100) DEFAULT NULL COMMENT '德语名称',
  `displayindex` int(11) DEFAULT '0',
  `brandgroupchildid` int(11) DEFAULT NULL,
  PRIMARY KEY (`id`),
  KEY `brandgroupchildid` (`brandgroupchildid`)
) ENGINE=InnoDB AUTO_INCREMENT=42 DEFAULT CHARSET=utf8mb4 COMMENT='任何表都应该包含的列';

/*Data for the table `tb_ulnarinch` */

insert  into `tb_ulnarinch`(`id`,`name_cn`,`name_en`,`name_hk`,`name_fr`,`name_it`,`name_sp`,`name_de`,`displayindex`,`brandgroupchildid`) values (16,'1.0CM\r','','',NULL,'',NULL,NULL,100,NULL),(17,'2.0CM\r','','',NULL,'',NULL,NULL,1,NULL),(18,'3.0CM\r','',NULL,NULL,NULL,NULL,NULL,0,19),(19,'3.2CM\r','HELLO',NULL,NULL,NULL,NULL,NULL,0,5),(20,'3.3CM\r','',NULL,NULL,NULL,NULL,NULL,0,5),(21,'3.5CM\r',NULL,NULL,NULL,NULL,NULL,NULL,0,NULL),(22,'3.8CM\r',NULL,NULL,NULL,NULL,NULL,NULL,0,NULL),(23,'4.0CM\r',NULL,NULL,NULL,NULL,NULL,NULL,0,NULL),(24,'4.5CM\r',NULL,NULL,NULL,NULL,NULL,NULL,0,NULL),(25,'7.0CM\r',NULL,NULL,NULL,NULL,NULL,NULL,0,NULL),(26,'I-PHONE 8\r',NULL,NULL,NULL,NULL,NULL,NULL,0,NULL),(27,'I-PHONE 8PLUS\r',NULL,NULL,NULL,NULL,NULL,NULL,0,NULL),(28,'I-PHONE X\r',NULL,NULL,NULL,NULL,NULL,NULL,0,NULL),(29,'OVER SIZE\r',NULL,NULL,NULL,NULL,NULL,NULL,0,NULL),(30,'REGULAR正常\r',NULL,NULL,NULL,NULL,NULL,NULL,0,NULL),(31,'RELAXED宽松\r',NULL,NULL,NULL,NULL,NULL,NULL,0,NULL),(32,'SILM修身\r',NULL,NULL,NULL,NULL,NULL,NULL,0,NULL),(33,'长款\r',NULL,NULL,NULL,NULL,NULL,NULL,0,NULL),(34,'长袖\r',NULL,NULL,NULL,NULL,NULL,NULL,0,NULL),(35,'大号\r',NULL,NULL,NULL,NULL,NULL,NULL,0,NULL),(36,'短款\r',NULL,NULL,NULL,NULL,NULL,NULL,0,NULL),(37,'短袖\r',NULL,NULL,NULL,NULL,NULL,NULL,0,NULL),(38,'均码\r',NULL,NULL,NULL,NULL,NULL,NULL,0,NULL),(39,'迷你MINI\r',NULL,NULL,NULL,NULL,NULL,NULL,0,NULL),(40,'小号SMALL\r',NULL,NULL,NULL,NULL,NULL,NULL,0,NULL),(41,'中号','','',NULL,'',NULL,NULL,30,NULL);

/*Table structure for table `tb_user` */

DROP TABLE IF EXISTS `tb_user`;

CREATE TABLE `tb_user` (
  `id` int(10) unsigned NOT NULL AUTO_INCREMENT COMMENT '主键id',
  `login_name` varchar(50) DEFAULT NULL,
  `password` varchar(50) DEFAULT NULL,
  `real_name` varchar(50) DEFAULT NULL,
  `departmentid` int(10) unsigned DEFAULT NULL,
  `companyid` int(10) unsigned DEFAULT NULL COMMENT '公司id',
  `groupid` int(10) unsigned DEFAULT NULL,
  `storeid` int(10) unsigned DEFAULT NULL,
  `sex` varchar(50) DEFAULT NULL,
  `section` varchar(50) DEFAULT NULL,
  `date` varchar(100) DEFAULT NULL,
  `phone` varchar(50) DEFAULT NULL,
  `mobilephone` varchar(50) DEFAULT NULL,
  `e_mail` varchar(100) DEFAULT NULL,
  `email_password` varchar(50) DEFAULT NULL COMMENT '用于自动发送邮件',
  `memo` text COMMENT '备注',
  `countryid` int(10) unsigned DEFAULT NULL,
  `departmentid2` int(10) unsigned DEFAULT NULL,
  `address` text,
  `contactor` text,
  `leave_date` varchar(100) DEFAULT NULL,
  `idno` varchar(20) DEFAULT NULL,
  `education` varchar(50) DEFAULT NULL,
  `collegemajor` varchar(50) DEFAULT NULL,
  `degree` varchar(50) DEFAULT NULL,
  `graduatedcollege` varchar(50) DEFAULT NULL,
  `stateofmarriage` varchar(50) DEFAULT NULL,
  `censusregistration` varchar(50) DEFAULT NULL,
  `status` varchar(1) DEFAULT NULL COMMENT '0-在职，1-离职，2-其他',
  `reason` text,
  `contactorphone` varchar(50) DEFAULT NULL,
  `costdisplay` varchar(1) DEFAULT NULL,
  `wechat` varchar(50) DEFAULT NULL,
  `openid` varchar(50) DEFAULT NULL,
  `saleportid` int(11) unsigned DEFAULT NULL COMMENT '默认销售端口',
  `saleportids` varchar(200) DEFAULT NULL COMMENT '销售端口',
  `warehouseid` int(11) DEFAULT NULL COMMENT '默认仓库',
  PRIMARY KEY (`id`),
  UNIQUE KEY `tb_user_login_name` (`login_name`),
  KEY `saleportid` (`saleportid`),
  CONSTRAINT `tb_user_ibfk_1` FOREIGN KEY (`saleportid`) REFERENCES `tb_saleport` (`id`)
) ENGINE=InnoDB AUTO_INCREMENT=4 DEFAULT CHARSET=utf8mb4 COMMENT='用户表';

/*Data for the table `tb_user` */

insert  into `tb_user`(`id`,`login_name`,`password`,`real_name`,`departmentid`,`companyid`,`groupid`,`storeid`,`sex`,`section`,`date`,`phone`,`mobilephone`,`e_mail`,`email_password`,`memo`,`countryid`,`departmentid2`,`address`,`contactor`,`leave_date`,`idno`,`education`,`collegemajor`,`degree`,`graduatedcollege`,`stateofmarriage`,`censusregistration`,`status`,`reason`,`contactorphone`,`costdisplay`,`wechat`,`openid`,`saleportid`,`saleportids`,`warehouseid`) values (1,'admin','e10adc3949ba59abbe56e057f20f883e','场合',1,1,2,0,'','','','','','','',NULL,0,NULL,'',NULL,NULL,NULL,NULL,NULL,NULL,NULL,NULL,NULL,NULL,NULL,NULL,NULL,NULL,NULL,NULL,'3,1',NULL),(2,'路人甲','bcc720f2981d1a68dbd66ffd67560c37','',2,1,2,0,'','','','','','','',NULL,0,NULL,'',NULL,NULL,NULL,NULL,NULL,NULL,NULL,NULL,NULL,NULL,NULL,NULL,NULL,NULL,NULL,NULL,NULL,NULL),(3,'wwww','d41d8cd98f00b204e9800998ecf8427e','',2,1,0,0,'','','','','','','',NULL,0,NULL,'',NULL,NULL,NULL,NULL,NULL,NULL,NULL,NULL,NULL,NULL,NULL,NULL,NULL,NULL,NULL,NULL,'',NULL);

/*Table structure for table `tb_warehouse` */

DROP TABLE IF EXISTS `tb_warehouse`;

CREATE TABLE `tb_warehouse` (
  `id` int(10) unsigned NOT NULL AUTO_INCREMENT COMMENT '主键id',
  `countryid` int(11) DEFAULT NULL COMMENT '国家ID',
  `city` varchar(100) DEFAULT NULL COMMENT '城市名称',
  `name` varchar(100) DEFAULT NULL COMMENT '仓库名称',
  `address` varchar(100) DEFAULT NULL COMMENT '仓库地址',
  `contact` varchar(100) DEFAULT NULL COMMENT '联系人',
  `toll` varchar(20) DEFAULT NULL,
  `fax` varchar(20) DEFAULT NULL,
  `mobile` varchar(20) DEFAULT NULL,
  `othercontact` varchar(50) DEFAULT NULL,
  `code` varchar(20) DEFAULT NULL,
  `defaultstore` varchar(1) DEFAULT NULL,
  `zipcode` varchar(10) DEFAULT NULL,
  `is_real` varchar(1) DEFAULT NULL,
  `maxstock` bigint(20) DEFAULT NULL,
  `maxsku` bigint(20) DEFAULT NULL,
  `companyid` int(11) DEFAULT NULL,
  PRIMARY KEY (`id`),
  KEY `companyid` (`companyid`)
) ENGINE=InnoDB AUTO_INCREMENT=7 DEFAULT CHARSET=utf8mb4 COMMENT='仓库信息';

/*Data for the table `tb_warehouse` */

insert  into `tb_warehouse`(`id`,`countryid`,`city`,`name`,`address`,`contact`,`toll`,`fax`,`mobile`,`othercontact`,`code`,`defaultstore`,`zipcode`,`is_real`,`maxstock`,`maxsku`,`companyid`) values (1,0,'','北京仓库','','',NULL,'','','','',NULL,'','0',NULL,NULL,1),(2,0,'','成都仓库','','',NULL,'','','','',NULL,'','',NULL,NULL,1),(3,0,'','广州仓库','','',NULL,'','','','',NULL,'','',NULL,NULL,1),(4,0,'','香港仓库','','',NULL,'','','','',NULL,'','',NULL,NULL,1),(5,0,'','郑州仓库','','',NULL,'','','','',NULL,'','0',NULL,NULL,1),(6,0,'','777','','',NULL,'','','','',NULL,'','0',NULL,NULL,1);

/*Table structure for table `tb_warehouse_user` */

DROP TABLE IF EXISTS `tb_warehouse_user`;

CREATE TABLE `tb_warehouse_user` (
  `id` int(11) unsigned NOT NULL AUTO_INCREMENT,
  `warehouseid` int(11) unsigned NOT NULL,
  `userid` int(11) unsigned NOT NULL,
  `warehouseroleid` tinyint(11) DEFAULT NULL COMMENT '仓库角色：1=管理员；2：销售',
  `create_time` datetime DEFAULT NULL,
  `companyid` int(11) DEFAULT NULL,
  PRIMARY KEY (`id`),
  UNIQUE KEY `warehouseid` (`companyid`,`warehouseid`,`userid`,`warehouseroleid`)
) ENGINE=InnoDB AUTO_INCREMENT=7 DEFAULT CHARSET=utf8 COLLATE=utf8_bin;

/*Data for the table `tb_warehouse_user` */

insert  into `tb_warehouse_user`(`id`,`warehouseid`,`userid`,`warehouseroleid`,`create_time`,`companyid`) values (2,2,1,2,NULL,1),(3,5,1,2,NULL,1),(5,2,2,NULL,NULL,1),(6,1,1,1,NULL,1);

/*Table structure for table `tb_warehousing` */

DROP TABLE IF EXISTS `tb_warehousing`;

CREATE TABLE `tb_warehousing` (
  `id` int(10) unsigned NOT NULL AUTO_INCREMENT COMMENT '主键id',
  `orderno` varchar(100) DEFAULT NULL COMMENT '入库单号',
  `companyid` int(11) DEFAULT NULL COMMENT '公司id',
  `warehouseid` int(11) DEFAULT NULL COMMENT '仓库id',
  `confirmorderid` int(10) unsigned DEFAULT NULL COMMENT '发货单id',
  `makedate` datetime DEFAULT NULL COMMENT '操作时间',
  `makestaff` int(10) unsigned NOT NULL COMMENT '操作人',
  `entrydate` date NOT NULL COMMENT '入库日期',
  PRIMARY KEY (`id`),
  UNIQUE KEY `confirmorderid` (`confirmorderid`)
) ENGINE=InnoDB AUTO_INCREMENT=27 DEFAULT CHARSET=utf8mb4 COMMENT='入库单主表';

/*Data for the table `tb_warehousing` */

insert  into `tb_warehousing`(`id`,`orderno`,`companyid`,`warehouseid`,`confirmorderid`,`makedate`,`makestaff`,`entrydate`) values (14,'T000001201903301049492874',1,2,25,'2019-03-30 10:49:49',1,'2019-03-30'),(21,'T000001201904011750116202',1,2,26,'2019-04-01 17:50:11',1,'2019-04-02'),(22,'T000001201904011945443290',1,4,27,'2019-04-01 19:45:44',1,'2019-04-01'),(23,'T000001201904011946153752',1,4,28,'2019-04-01 19:46:15',1,'2019-03-31'),(24,'T000001201904011946285391',1,4,29,'2019-04-01 19:46:28',1,'2019-03-28'),(25,'T000001201904181908092725',1,5,30,'2019-04-18 19:08:09',1,'2019-04-17'),(26,'T000001201904181910455785',1,5,31,'2019-04-18 19:10:45',1,'2019-04-17');

/*Table structure for table `tb_warehousingdetails` */

DROP TABLE IF EXISTS `tb_warehousingdetails`;

CREATE TABLE `tb_warehousingdetails` (
  `id` int(10) unsigned NOT NULL AUTO_INCREMENT COMMENT '主键id',
  `companyid` int(11) NOT NULL,
  `orderdetailsid` int(10) unsigned NOT NULL,
  `number` int(11) NOT NULL,
  `confirmorderdetailsid` int(11) DEFAULT NULL,
  `warehousingid` int(11) unsigned DEFAULT NULL,
  PRIMARY KEY (`id`),
  KEY `warehousingid` (`warehousingid`)
) ENGINE=InnoDB AUTO_INCREMENT=32 DEFAULT CHARSET=utf8mb4 COMMENT='入库单明细表';

/*Data for the table `tb_warehousingdetails` */

insert  into `tb_warehousingdetails`(`id`,`companyid`,`orderdetailsid`,`number`,`confirmorderdetailsid`,`warehousingid`) values (13,1,37,2,3,14),(14,1,36,2,4,14),(15,1,35,1,5,14),(22,1,42,1,6,21),(23,1,41,2,7,21),(24,1,95,1,11,25),(25,1,94,1,12,25),(26,1,93,1,13,25),(27,1,92,1,19,26),(28,1,42,1,20,26),(29,1,40,3,21,26),(30,1,39,5,22,26),(31,1,38,2,23,26);

/*Table structure for table `temp_tb_aliases` */

DROP TABLE IF EXISTS `temp_tb_aliases`;

CREATE TABLE `temp_tb_aliases` (
  `id` int(10) unsigned NOT NULL AUTO_INCREMENT COMMENT '主键id',
  `name_cn` varchar(100) DEFAULT NULL COMMENT '中文名称',
  `name_en` varchar(100) DEFAULT NULL COMMENT '英文名称',
  `name_hk` varchar(100) DEFAULT NULL COMMENT '粤语名称',
  `name_fr` varchar(100) DEFAULT NULL COMMENT '法语名称',
  `name_it` varchar(100) DEFAULT NULL COMMENT '意大利语名称',
  `name_sp` varchar(100) DEFAULT NULL COMMENT '西班牙语名称',
  `name_de` varchar(100) DEFAULT NULL COMMENT '德语名称',
  `code` varchar(50) DEFAULT NULL COMMENT '编码',
  `brandid` int(10) unsigned DEFAULT NULL COMMENT '品牌主键id',
  `oldbrandid` varchar(36) DEFAULT NULL COMMENT '老数据表对应品牌主键id',
  PRIMARY KEY (`id`)
) ENGINE=InnoDB AUTO_INCREMENT=126 DEFAULT CHARSET=utf8mb4 COMMENT='别名表';

/*Data for the table `temp_tb_aliases` */

insert  into `temp_tb_aliases`(`id`,`name_cn`,`name_en`,`name_hk`,`name_fr`,`name_it`,`name_sp`,`name_de`,`code`,`brandid`,`oldbrandid`) values (1,'12K镀金',NULL,NULL,NULL,NULL,NULL,NULL,NULL,207,'d4f88a47-2585-491b-98e0-f2b865501b50'),(2,'2.55',NULL,NULL,NULL,NULL,NULL,NULL,NULL,43,'c451618c-ec23-4d17-8f14-057c4a3c0f93'),(3,'5050',NULL,NULL,NULL,NULL,NULL,NULL,NULL,204,'587537be-40f0-4a11-87c6-a30eb4ea9d6c'),(4,'BRIKIN',NULL,NULL,NULL,NULL,NULL,NULL,NULL,100,'33c75710-1045-48fe-9cc0-371acf0589c7'),(5,'CLASSIC',NULL,NULL,NULL,NULL,NULL,NULL,NULL,43,'c451618c-ec23-4d17-8f14-057c4a3c0f93'),(6,'GST',NULL,NULL,NULL,NULL,NULL,NULL,NULL,43,'c451618c-ec23-4d17-8f14-057c4a3c0f93'),(7,'H扣',NULL,NULL,NULL,NULL,NULL,NULL,NULL,100,'33c75710-1045-48fe-9cc0-371acf0589c7'),(8,'KELLY',NULL,NULL,NULL,NULL,NULL,NULL,NULL,100,'33c75710-1045-48fe-9cc0-371acf0589c7'),(9,'LADY',NULL,NULL,NULL,NULL,NULL,NULL,NULL,63,'c55a1de3-83fd-4802-a5d1-8135dca8a41e'),(10,'LE BOY',NULL,NULL,NULL,NULL,NULL,NULL,NULL,43,'c451618c-ec23-4d17-8f14-057c4a3c0f93'),(11,'ROMA',NULL,NULL,NULL,NULL,NULL,NULL,NULL,27,'9e67a957-ff59-4eaa-b89f-24b4e2b0fa01'),(12,'YEEZY',NULL,NULL,NULL,NULL,NULL,NULL,NULL,221,'bab4af2f-118a-4d19-aa28-916ba06ed5a1'),(13,'Z扣',NULL,NULL,NULL,NULL,NULL,NULL,NULL,224,'c88db104-2f27-4719-861f-eec51fc7244f'),(14,'爱心',NULL,NULL,NULL,NULL,NULL,NULL,NULL,94,'9e441a8d-0f78-46c8-ad46-9261568ab40d'),(15,'芭比娃娃',NULL,NULL,NULL,NULL,NULL,NULL,NULL,154,'ebe4daf8-4d3b-4a27-b240-ce3ee000d51e'),(16,'贝壳头',NULL,NULL,NULL,NULL,NULL,NULL,NULL,5,'ff09bf46-f817-4ffd-8f9e-c4740b6d32f3'),(17,'变形金刚熊',NULL,NULL,NULL,NULL,NULL,NULL,NULL,156,'56792c68-92d9-4ac8-8df8-bc7129d33012'),(18,'别针熊',NULL,NULL,NULL,NULL,NULL,NULL,NULL,154,'ebe4daf8-4d3b-4a27-b240-ce3ee000d51e'),(19,'波点',NULL,NULL,NULL,NULL,NULL,NULL,NULL,119,'618c8606-3c5b-4e69-a215-9f12cadad28a'),(20,'彩虹',NULL,NULL,NULL,NULL,NULL,NULL,NULL,212,'8e93d3a6-a43f-4972-88af-3c1b615e6b85'),(21,'彩片',NULL,NULL,NULL,NULL,NULL,NULL,NULL,187,'7fc9f389-00a2-4b9d-9a2b-eeb299dbf6d2'),(22,'彩色迷彩',NULL,NULL,NULL,NULL,NULL,NULL,NULL,212,'8e93d3a6-a43f-4972-88af-3c1b615e6b85'),(23,'翅膀',NULL,NULL,NULL,NULL,NULL,NULL,NULL,136,'3fd825ec-2bb6-46f9-bf4b-f87b2cd0eff1'),(24,'大匡威',NULL,NULL,NULL,NULL,NULL,NULL,NULL,189,'0b693538-e313-4486-be13-7a33680a24cd'),(25,'大匡威 ',NULL,NULL,NULL,NULL,NULL,NULL,NULL,60,'1194c2e4-2dc6-4e07-b0b7-b3c2c0d442d0'),(26,'大象',NULL,NULL,NULL,NULL,NULL,NULL,NULL,126,'6826ae77-eb70-44d4-afda-0ecece5af202'),(27,'倒三角',NULL,NULL,NULL,NULL,NULL,NULL,NULL,189,'0b693538-e313-4486-be13-7a33680a24cd'),(28,'吊床包',NULL,NULL,NULL,NULL,NULL,NULL,NULL,126,'6826ae77-eb70-44d4-afda-0ecece5af202'),(29,'豆豆',NULL,NULL,NULL,NULL,NULL,NULL,NULL,209,'2a44b3f6-0997-40df-8fa0-aae424554522'),(30,'方扣',NULL,NULL,NULL,NULL,NULL,NULL,NULL,195,'2436ebca-a17b-4165-b105-069563779165'),(31,'飞鱼',NULL,NULL,NULL,NULL,NULL,NULL,NULL,119,'618c8606-3c5b-4e69-a215-9f12cadad28a'),(32,'愤怒的小鸟',NULL,NULL,NULL,NULL,NULL,NULL,NULL,77,'5f12ac20-eb0d-4c52-bb83-532b5527a595'),(33,'风镜',NULL,NULL,NULL,NULL,NULL,NULL,NULL,190,'78b4016a-c5e8-4aac-b649-95c438e6eef8'),(34,'狗头',NULL,NULL,NULL,NULL,NULL,NULL,NULL,91,'a16763a4-67fc-48d5-aeb5-db50067d26e9'),(35,'海绵宝宝',NULL,NULL,NULL,NULL,NULL,NULL,NULL,154,'ebe4daf8-4d3b-4a27-b240-ce3ee000d51e'),(36,'黑武士',NULL,NULL,NULL,NULL,NULL,NULL,NULL,221,'bab4af2f-118a-4d19-aa28-916ba06ed5a1'),(37,'红唇',NULL,NULL,NULL,NULL,NULL,NULL,NULL,175,'47c2fdd8-4521-43c9-a56d-9aafd6f36978'),(38,'蝴蝶',NULL,NULL,NULL,NULL,NULL,NULL,NULL,212,'8e93d3a6-a43f-4972-88af-3c1b615e6b85'),(39,'蝴蝶结',NULL,NULL,NULL,NULL,NULL,NULL,NULL,197,'c16cf8d5-4cfe-44f2-b435-610bae35704a'),(40,'虎头',NULL,NULL,NULL,NULL,NULL,NULL,NULL,119,'618c8606-3c5b-4e69-a215-9f12cadad28a'),(41,'虎头',NULL,NULL,NULL,NULL,NULL,NULL,NULL,120,'2e5baa5c-a573-48d8-8a6f-e7d245c2f974'),(42,'花朵',NULL,NULL,NULL,NULL,NULL,NULL,NULL,66,'a035c37c-2878-489a-98a4-aa00a305905e'),(43,'花卉',NULL,NULL,NULL,NULL,NULL,NULL,NULL,221,'bab4af2f-118a-4d19-aa28-916ba06ed5a1'),(44,'皇冠',NULL,NULL,NULL,NULL,NULL,NULL,NULL,66,'a035c37c-2878-489a-98a4-aa00a305905e'),(45,'机车',NULL,NULL,NULL,NULL,NULL,NULL,NULL,23,'2dbd167d-e231-49af-b8dd-c5c86cb3fc0c'),(46,'经典Y扣',NULL,NULL,NULL,NULL,NULL,NULL,NULL,196,'5f679d08-b597-4f2c-8a16-83543371ee0a'),(47,'经典格纹',NULL,NULL,NULL,NULL,NULL,NULL,NULL,32,'10402a02-7b42-43a3-9693-d189af95ff7b'),(48,'经典款',NULL,NULL,NULL,NULL,NULL,NULL,NULL,141,'bf566f25-ef92-4453-b10b-6d2394cdeca2'),(49,'经典款',NULL,NULL,NULL,NULL,NULL,NULL,NULL,149,'6bdd7a18-0ebe-4620-ba7b-f7a00f6d3dcc'),(50,'恐龙',NULL,NULL,NULL,NULL,NULL,NULL,NULL,196,'5f679d08-b597-4f2c-8a16-83543371ee0a'),(51,'骷髅',NULL,NULL,NULL,NULL,NULL,NULL,NULL,8,'a15f608d-a141-4314-8c5b-9a05b8eb2ea6'),(52,'骷髅头',NULL,NULL,NULL,NULL,NULL,NULL,NULL,175,'47c2fdd8-4521-43c9-a56d-9aafd6f36978'),(53,'老佛爷    ',NULL,NULL,NULL,NULL,NULL,NULL,NULL,77,'5f12ac20-eb0d-4c52-bb83-532b5527a595'),(54,'肋骨',NULL,NULL,NULL,NULL,NULL,NULL,NULL,8,'a15f608d-a141-4314-8c5b-9a05b8eb2ea6'),(55,'马鞍包',NULL,NULL,NULL,NULL,NULL,NULL,NULL,147,'70d1fdab-c82f-49fd-86be-4d9a391afddf'),(56,'马赛克双枪',NULL,NULL,NULL,NULL,NULL,NULL,NULL,192,'53c0dde0-c144-4880-ba18-4bcd434b73bc'),(57,'麦当劳',NULL,NULL,NULL,NULL,NULL,NULL,NULL,154,'ebe4daf8-4d3b-4a27-b240-ce3ee000d51e'),(58,'蟒蛇',NULL,NULL,NULL,NULL,NULL,NULL,NULL,136,'3fd825ec-2bb6-46f9-bf4b-f87b2cd0eff1'),(59,'铆钉',NULL,NULL,NULL,NULL,NULL,NULL,NULL,8,'a15f608d-a141-4314-8c5b-9a05b8eb2ea6'),(60,'铆钉',NULL,NULL,NULL,NULL,NULL,NULL,NULL,175,'47c2fdd8-4521-43c9-a56d-9aafd6f36978'),(61,'铆钉',NULL,NULL,NULL,NULL,NULL,NULL,NULL,48,'894a1a24-596f-4f81-9100-26944d9b40eb'),(62,'铆钉',NULL,NULL,NULL,NULL,NULL,NULL,NULL,212,'8e93d3a6-a43f-4972-88af-3c1b615e6b85'),(63,'美杜莎',NULL,NULL,NULL,NULL,NULL,NULL,NULL,215,'1df0e53d-d122-49fe-bb2f-447e99bd94da'),(64,'美杜莎',NULL,NULL,NULL,NULL,NULL,NULL,NULL,223,'b09e7c0a-adf8-4db0-9742-9c75451f9bdc'),(65,'迷彩',NULL,NULL,NULL,NULL,NULL,NULL,NULL,212,'8e93d3a6-a43f-4972-88af-3c1b615e6b85'),(66,'蜜蜂',NULL,NULL,NULL,NULL,NULL,NULL,NULL,66,'a035c37c-2878-489a-98a4-aa00a305905e'),(67,'女神靴 ',NULL,NULL,NULL,NULL,NULL,NULL,NULL,60,'1194c2e4-2dc6-4e07-b0b7-b3c2c0d442d0'),(68,'秋千',NULL,NULL,NULL,NULL,NULL,NULL,NULL,41,'2fe6043a-29c0-4f17-808d-edbf0dc7e150'),(69,'杀手',NULL,NULL,NULL,NULL,NULL,NULL,NULL,181,'acfae0a7-9f23-4a95-9ae3-8a21c4f39f6f'),(70,'鲨鱼',NULL,NULL,NULL,NULL,NULL,NULL,NULL,158,'6ae87e4a-755d-4108-a636-1f5720e2f9dc'),(71,'鲨鱼',NULL,NULL,NULL,NULL,NULL,NULL,NULL,196,'5f679d08-b597-4f2c-8a16-83543371ee0a'),(72,'闪电',NULL,NULL,NULL,NULL,NULL,NULL,NULL,165,'c4edde3b-5823-4a38-ae86-1d04f0d3cb52'),(73,'蛇头 ',NULL,NULL,NULL,NULL,NULL,NULL,NULL,35,'853020c5-443a-4139-8ebe-f29dec06be21'),(74,'圣诞熊',NULL,NULL,NULL,NULL,NULL,NULL,NULL,154,'ebe4daf8-4d3b-4a27-b240-ce3ee000d51e'),(75,'圣母',NULL,NULL,NULL,NULL,NULL,NULL,NULL,91,'a16763a4-67fc-48d5-aeb5-db50067d26e9'),(76,'狮子头',NULL,NULL,NULL,NULL,NULL,NULL,NULL,218,'8c95f700-0edf-4723-9d33-21be071a4a7f'),(77,'双G',NULL,NULL,NULL,NULL,NULL,NULL,NULL,94,'9e441a8d-0f78-46c8-ad46-9261568ab40d'),(78,'双LOGO',NULL,NULL,NULL,NULL,NULL,NULL,NULL,35,'853020c5-443a-4139-8ebe-f29dec06be21'),(79,'双金片',NULL,NULL,NULL,NULL,NULL,NULL,NULL,90,'f710ae04-25d7-49e0-b285-7cfcd3bad322'),(80,'双马蹄扣',NULL,NULL,NULL,NULL,NULL,NULL,NULL,197,'c16cf8d5-4cfe-44f2-b435-610bae35704a'),(81,'双枪',NULL,NULL,NULL,NULL,NULL,NULL,NULL,192,'53c0dde0-c144-4880-ba18-4bcd434b73bc'),(82,'双枪国旗款',NULL,NULL,NULL,NULL,NULL,NULL,NULL,192,'53c0dde0-c144-4880-ba18-4bcd434b73bc'),(83,'双钻片',NULL,NULL,NULL,NULL,NULL,NULL,NULL,90,'f710ae04-25d7-49e0-b285-7cfcd3bad322'),(84,'锁头',NULL,NULL,NULL,NULL,NULL,NULL,NULL,34,'4799fe6b-b142-42bc-bbec-4d267a96bc24'),(85,'太空熊',NULL,NULL,NULL,NULL,NULL,NULL,NULL,154,'ebe4daf8-4d3b-4a27-b240-ce3ee000d51e'),(86,'桃心',NULL,NULL,NULL,NULL,NULL,NULL,NULL,45,'7ef596b4-ff9d-4e3f-876a-75ab162a2012'),(87,'铁塔',NULL,NULL,NULL,NULL,NULL,NULL,NULL,119,'618c8606-3c5b-4e69-a215-9f12cadad28a'),(88,'兔子',NULL,NULL,NULL,NULL,NULL,NULL,NULL,143,'6932eb88-617a-4135-b2ed-17cf3f560175'),(89,'袜子鞋',NULL,NULL,NULL,NULL,NULL,NULL,NULL,23,'2dbd167d-e231-49af-b8dd-c5c86cb3fc0c'),(90,'王菲款',NULL,NULL,NULL,NULL,NULL,NULL,NULL,149,'6bdd7a18-0ebe-4620-ba7b-f7a00f6d3dcc'),(91,'巫师帽 ',NULL,NULL,NULL,NULL,NULL,NULL,NULL,60,'1194c2e4-2dc6-4e07-b0b7-b3c2c0d442d0'),(92,'吸血鬼',NULL,NULL,NULL,NULL,NULL,NULL,NULL,196,'5f679d08-b597-4f2c-8a16-83543371ee0a'),(93,'限量款',NULL,NULL,NULL,NULL,NULL,NULL,NULL,96,'de6432a2-a321-4733-b17d-6c9f063da176'),(94,'相机包',NULL,NULL,NULL,NULL,NULL,NULL,NULL,135,'d9681020-4f4c-4780-b651-eed1cbe6cbea'),(95,'小怪兽',NULL,NULL,NULL,NULL,NULL,NULL,NULL,77,'5f12ac20-eb0d-4c52-bb83-532b5527a595'),(96,'小鹿',NULL,NULL,NULL,NULL,NULL,NULL,NULL,91,'a16763a4-67fc-48d5-aeb5-db50067d26e9'),(97,'小猫',NULL,NULL,NULL,NULL,NULL,NULL,NULL,44,'00e6d5ea-c972-49d2-ac3b-85262a0953e1'),(98,'小蜜蜂',NULL,NULL,NULL,NULL,NULL,NULL,NULL,94,'9e441a8d-0f78-46c8-ad46-9261568ab40d'),(99,'小熊',NULL,NULL,NULL,NULL,NULL,NULL,NULL,131,'80a2ed00-a067-4ad0-a7e0-5930960da144'),(100,'小熊',NULL,NULL,NULL,NULL,NULL,NULL,NULL,154,'ebe4daf8-4d3b-4a27-b240-ce3ee000d51e'),(101,'小鸭子',NULL,NULL,NULL,NULL,NULL,NULL,NULL,158,'6ae87e4a-755d-4108-a636-1f5720e2f9dc'),(102,'小猪',NULL,NULL,NULL,NULL,NULL,NULL,NULL,47,'e2de1cd3-f4ec-4db2-9b96-267fe8efc9bd'),(103,'笑脸',NULL,NULL,NULL,NULL,NULL,NULL,NULL,41,'2fe6043a-29c0-4f17-808d-edbf0dc7e150'),(104,'星空',NULL,NULL,NULL,NULL,NULL,NULL,NULL,212,'8e93d3a6-a43f-4972-88af-3c1b615e6b85'),(105,'星星',NULL,NULL,NULL,NULL,NULL,NULL,NULL,196,'5f679d08-b597-4f2c-8a16-83543371ee0a'),(106,'星星',NULL,NULL,NULL,NULL,NULL,NULL,NULL,91,'a16763a4-67fc-48d5-aeb5-db50067d26e9'),(107,'星星',NULL,NULL,NULL,NULL,NULL,NULL,NULL,202,'d830a884-3b5c-45d2-b63c-13baa31114fc'),(108,'熊猫',NULL,NULL,NULL,NULL,NULL,NULL,NULL,126,'6826ae77-eb70-44d4-afda-0ecece5af202'),(109,'眼睛',NULL,NULL,NULL,NULL,NULL,NULL,NULL,45,'7ef596b4-ff9d-4e3f-876a-75ab162a2012'),(110,'眼睛',NULL,NULL,NULL,NULL,NULL,NULL,NULL,119,'618c8606-3c5b-4e69-a215-9f12cadad28a'),(111,'眼睛',NULL,NULL,NULL,NULL,NULL,NULL,NULL,120,'2e5baa5c-a573-48d8-8a6f-e7d245c2f974'),(112,'眼镜蛇',NULL,NULL,NULL,NULL,NULL,NULL,NULL,91,'a16763a4-67fc-48d5-aeb5-db50067d26e9'),(113,'眼镜熊',NULL,NULL,NULL,NULL,NULL,NULL,NULL,158,'6ae87e4a-755d-4108-a636-1f5720e2f9dc'),(114,'燕子',NULL,NULL,NULL,NULL,NULL,NULL,NULL,143,'6932eb88-617a-4135-b2ed-17cf3f560175'),(115,'燕子包',NULL,NULL,NULL,NULL,NULL,NULL,NULL,178,'0f185f4c-c464-462e-8df1-cdf00755722e'),(116,'椰子',NULL,NULL,NULL,NULL,NULL,NULL,NULL,6,'d51b13a3-a474-49ea-8000-847853695773'),(117,'鹰头',NULL,NULL,NULL,NULL,NULL,NULL,NULL,201,'fc0d69e5-efc5-4f89-a3a1-10cdc78e0959'),(118,'邮差包',NULL,NULL,NULL,NULL,NULL,NULL,NULL,147,'70d1fdab-c82f-49fd-86be-4d9a391afddf'),(119,'羽毛',NULL,NULL,NULL,NULL,NULL,NULL,NULL,14,'8c33594a-124d-405a-a9c3-919a1af75205'),(120,'纸板熊',NULL,NULL,NULL,NULL,NULL,NULL,NULL,156,'56792c68-92d9-4ac8-8df8-bc7129d33012'),(121,'中国新年款',NULL,NULL,NULL,NULL,NULL,NULL,NULL,119,'618c8606-3c5b-4e69-a215-9f12cadad28a'),(122,'竹节',NULL,NULL,NULL,NULL,NULL,NULL,NULL,94,'9e441a8d-0f78-46c8-ad46-9261568ab40d'),(123,'自由女神',NULL,NULL,NULL,NULL,NULL,NULL,NULL,165,'c4edde3b-5823-4a38-ae86-1d04f0d3cb52'),(124,'嘴唇',NULL,NULL,NULL,NULL,NULL,NULL,NULL,22,'21ce5085-8c93-4a0a-9743-750576d55a83'),(125,'嘴唇',NULL,NULL,NULL,NULL,NULL,NULL,NULL,45,'7ef596b4-ff9d-4e3f-876a-75ab162a2012');

/*Table structure for table `temp_tb_brand` */

DROP TABLE IF EXISTS `temp_tb_brand`;

CREATE TABLE `temp_tb_brand` (
  `id` int(10) unsigned NOT NULL AUTO_INCREMENT COMMENT '主键id',
  `oldid` varchar(36) DEFAULT NULL COMMENT '老数据表对应主键id',
  `code` varchar(50) DEFAULT NULL,
  `name_cn` varchar(100) DEFAULT NULL COMMENT '中文名称',
  `name_en` varchar(100) DEFAULT NULL COMMENT '英文名称',
  `name_hk` varchar(100) DEFAULT NULL COMMENT '粤语名称',
  `name_fr` varchar(100) DEFAULT NULL COMMENT '法语名称',
  `name_it` varchar(100) DEFAULT NULL COMMENT '意大利语名称',
  `name_sp` varchar(100) DEFAULT NULL COMMENT '西班牙语名称',
  `name_de` varchar(100) DEFAULT NULL COMMENT '德语名称',
  `countryid` int(10) unsigned DEFAULT NULL,
  `oldcountryid` varchar(36) DEFAULT NULL COMMENT '老数据表对应国家主键id',
  `brandgroupid` int(10) unsigned DEFAULT NULL,
  `filename` varchar(200) DEFAULT NULL COMMENT 'LOGO',
  `memo` text,
  `officialwebsite` varchar(500) DEFAULT NULL,
  PRIMARY KEY (`id`)
) ENGINE=InnoDB AUTO_INCREMENT=226 DEFAULT CHARSET=utf8mb4 COMMENT='品牌表';

/*Data for the table `temp_tb_brand` */

insert  into `temp_tb_brand`(`id`,`oldid`,`code`,`name_cn`,`name_en`,`name_hk`,`name_fr`,`name_it`,`name_sp`,`name_de`,`countryid`,`oldcountryid`,`brandgroupid`,`filename`,`memo`,`officialwebsite`) values (1,'98c94446-901f-4fbc-b11f-6012e9bda3d0',NULL,'菲利林','3.1 PHILLIP LIM',NULL,NULL,NULL,NULL,NULL,30,'38fd088c-d588-49da-b1b3-daa85d3e218c',NULL,NULL,NULL,''),(2,'c244de3c-23f2-425c-a2b6-8e5012addd44',NULL,'阿米迪奥・铁狮东尼','A.TESTONI',NULL,NULL,NULL,NULL,NULL,60,'35d9d8ba-5154-4f9d-8ceb-270cacf361e1',NULL,NULL,NULL,'http://www.testoni.com'),(3,'a88716d4-2c42-4ea0-b929-174260c05e68',NULL,'广告杂项','AD POSTER',NULL,NULL,NULL,NULL,NULL,52,'ef2f98fd-c2d1-4304-8a4b-30c5f163bbbb',NULL,NULL,NULL,''),(4,'48a135d3-7951-45dd-83df-eb62bbbb8bbd',NULL,'阿迪达斯&拉夫西蒙','ADIDAS BY RAF SIMONS',NULL,NULL,NULL,NULL,NULL,15,'a6ccd099-4f36-41b4-aae2-0172f1d90fed',NULL,NULL,NULL,''),(5,'ff09bf46-f817-4ffd-8f9e-c4740b6d32f3',NULL,'ADIDAS BY RICK OWENS','ADIDAS BY RICK OWENS',NULL,NULL,NULL,NULL,NULL,60,'35d9d8ba-5154-4f9d-8ceb-270cacf361e1',NULL,NULL,NULL,''),(6,'d51b13a3-a474-49ea-8000-847853695773',NULL,'椰子','ADIDAS YEEZY',NULL,NULL,NULL,NULL,NULL,13,'82929208-e50a-4238-9c7e-50d98e0dcb68',NULL,NULL,NULL,''),(7,'83349836-d439-459a-91a1-89bbd2536077',NULL,'ALBERTO PREMI','ALBERTO PREMI',NULL,NULL,NULL,NULL,NULL,60,'35d9d8ba-5154-4f9d-8ceb-270cacf361e1',NULL,NULL,NULL,'http://www.albertopremi.com/'),(8,'a15f608d-a141-4314-8c5b-9a05b8eb2ea6',NULL,'亚历山大-麦昆','ALEXANDER MCQUEEN',NULL,NULL,NULL,NULL,NULL,63,'c1f6fb46-0a44-4866-85da-c1f45f9f608c',NULL,NULL,NULL,'http://www.alexandermcqueen.co.uk/'),(9,'494bdc2f-77f5-428a-84cd-2edb2ca982db',NULL,'ALEXANDER WANG','ALEXANDER WANG',NULL,NULL,NULL,NULL,NULL,30,'38fd088c-d588-49da-b1b3-daa85d3e218c',NULL,NULL,NULL,''),(10,'df7e0b10-e340-45c5-8b9c-b1559c62e985',NULL,'','AMBUSH',NULL,NULL,NULL,NULL,NULL,41,'f98b8af4-379f-4de8-b258-4700de9c006b',NULL,NULL,NULL,'http://www.ambushdesign.com/'),(11,'ac6b490e-ab39-4c30-91f6-df9de29c1a1a',NULL,'Alexandre Mattiussi','AMI',NULL,NULL,NULL,NULL,NULL,64,'8a1009ed-9115-4980-b8d5-9595bfc90aaf',NULL,NULL,NULL,'https://www.amiparis.com'),(12,'82540d7b-1f0b-4954-acb5-8b45dd9b0eb8',NULL,'','AMIRI',NULL,NULL,NULL,NULL,NULL,30,'38fd088c-d588-49da-b1b3-daa85d3e218c',NULL,NULL,NULL,''),(13,'48172ae3-4b69-4389-a8d8-57ed1c013393',NULL,'安哥杰克森','ANGEL JACKSON',NULL,NULL,NULL,NULL,NULL,60,'35d9d8ba-5154-4f9d-8ceb-270cacf361e1',NULL,NULL,NULL,'http://www.angeljackson.com/'),(14,'8c33594a-124d-405a-a9c3-919a1af75205',NULL,'安娜','ANNA BAIGUERA',NULL,NULL,NULL,NULL,NULL,60,'35d9d8ba-5154-4f9d-8ceb-270cacf361e1',NULL,NULL,NULL,'http://www.annabaiguera.com/'),(15,'767c6ce3-2670-4a84-8cdf-77a71927b38d',NULL,'安特 皮塔格拉','ANTPITAGORA',NULL,NULL,NULL,NULL,NULL,60,'35d9d8ba-5154-4f9d-8ceb-270cacf361e1',NULL,NULL,NULL,'http://www.antpitagora.com/'),(16,'91c9fb8e-0cdc-482f-a851-136a6b974a14',NULL,'阿玛尼黑标','ARMANI COLLEZIONI',NULL,NULL,NULL,NULL,NULL,60,'35d9d8ba-5154-4f9d-8ceb-270cacf361e1',NULL,NULL,NULL,'http://www.armani.com/us/armanicollezioni'),(17,'4d9a57e4-03ab-49c5-85d1-28108222617b',NULL,'阿玛尼牛仔','ARMANI JEANS',NULL,NULL,NULL,NULL,NULL,60,'35d9d8ba-5154-4f9d-8ceb-270cacf361e1',NULL,NULL,NULL,'http://www.armanijeanssale.org/'),(18,'78f8bf51-2f59-4fe6-8000-e4dc4aa3f764',NULL,'阿玛尼童装','ARMANI JUNIOR',NULL,NULL,NULL,NULL,NULL,60,'35d9d8ba-5154-4f9d-8ceb-270cacf361e1',NULL,NULL,NULL,'http://www.armani.com/it/armanijunior'),(19,'8e8cb2c9-a142-49d8-842c-409e2dd10ef6',NULL,'','ARMY',NULL,NULL,NULL,NULL,NULL,60,'35d9d8ba-5154-4f9d-8ceb-270cacf361e1',NULL,NULL,NULL,''),(20,'6319ce69-3277-4e1a-b240-c3a38c06855d',NULL,'爱莎尚品','ASA',NULL,NULL,NULL,NULL,NULL,66,'748ac5fe-b681-44fa-afa2-20662b278104',NULL,NULL,NULL,''),(21,'7a998170-8263-429f-ab2e-2e11add8c0dd',NULL,'ATELIERVLISCO','ATELIERVLISCO',NULL,NULL,NULL,NULL,NULL,60,'35d9d8ba-5154-4f9d-8ceb-270cacf361e1',NULL,NULL,NULL,'http://www.ateliervlisco.com/'),(22,'21ce5085-8c93-4a0a-9743-750576d55a83',NULL,'AU JOUR LE JOUR','AU JOUR LE JOUR',NULL,NULL,NULL,NULL,NULL,60,'35d9d8ba-5154-4f9d-8ceb-270cacf361e1',NULL,NULL,NULL,'http://www.aujourlejour.it'),(23,'2dbd167d-e231-49af-b8dd-c5c86cb3fc0c',NULL,'巴黎世家','BALENCIAGA',NULL,NULL,NULL,NULL,NULL,15,'a6ccd099-4f36-41b4-aae2-0172f1d90fed',NULL,NULL,NULL,'http://www.balenciaga.com/us'),(24,'04dcece9-aa8e-440b-bd44-d19d7f183ab4',NULL,'巴利','BALLY',NULL,NULL,NULL,NULL,NULL,42,'fb8c77a4-30bf-45fd-8c26-df8de215fdda',NULL,NULL,NULL,'http://www.bally.cn/Index.aspx'),(25,'19942070-f867-4ddc-a307-37dbb28c3be1',NULL,'巴尔曼','BALMAIN',NULL,NULL,NULL,NULL,NULL,15,'a6ccd099-4f36-41b4-aae2-0172f1d90fed',NULL,NULL,NULL,''),(26,'4fd45ca7-1243-49db-b281-e31e456546eb',NULL,'BOSS 绿标','BOSS GREEN',NULL,NULL,NULL,NULL,NULL,13,'82929208-e50a-4238-9c7e-50d98e0dcb68',NULL,NULL,NULL,''),(27,'9e67a957-ff59-4eaa-b89f-24b4e2b0fa01',NULL,'宝缇嘉','BOTTEGA VENETA',NULL,NULL,NULL,NULL,NULL,60,'35d9d8ba-5154-4f9d-8ceb-270cacf361e1',NULL,NULL,NULL,'http://www.bottegaveneta.com/us/shop'),(28,'bd73cde9-9b13-4baa-aca8-f4e97429d321',NULL,'','BOUTIQUE MOSCHINO',NULL,NULL,NULL,NULL,NULL,60,'35d9d8ba-5154-4f9d-8ceb-270cacf361e1',NULL,NULL,NULL,''),(29,'95cc61c4-3904-4a8a-b656-ec8dc08a0a81',NULL,'伦敦男孩','BOY LONDON',NULL,NULL,NULL,NULL,NULL,64,'8a1009ed-9115-4980-b8d5-9595bfc90aaf',NULL,NULL,NULL,'http://boy-london.com/'),(30,'40560261-f321-40a7-8d7d-cb845ac36a2d',NULL,'BRIONI','BRIONI',NULL,NULL,NULL,NULL,NULL,60,'35d9d8ba-5154-4f9d-8ceb-270cacf361e1',NULL,NULL,NULL,''),(31,'53514ecf-4023-4443-a0da-d6a86be69a8a',NULL,'BROOKSFIELD','BROOKSFIELD',NULL,NULL,NULL,NULL,NULL,60,'35d9d8ba-5154-4f9d-8ceb-270cacf361e1',NULL,NULL,NULL,''),(32,'10402a02-7b42-43a3-9693-d189af95ff7b',NULL,'博柏利','BURBERRY',NULL,NULL,NULL,NULL,NULL,63,'c1f6fb46-0a44-4866-85da-c1f45f9f608c',NULL,NULL,NULL,'http://us.burberry.com/'),(33,'1c62d758-ddc4-43e7-9315-fca2e769a6b1',NULL,'博柏利童装','BURBERRY KIDS',NULL,NULL,NULL,NULL,NULL,64,'8a1009ed-9115-4980-b8d5-9595bfc90aaf',NULL,NULL,NULL,''),(34,'4799fe6b-b142-42bc-bbec-4d267a96bc24',NULL,'BUSCEMI','BUSCEMI',NULL,NULL,NULL,NULL,NULL,30,'38fd088c-d588-49da-b1b3-daa85d3e218c',NULL,NULL,NULL,'http://jonbuscemi.com/'),(35,'853020c5-443a-4139-8ebe-f29dec06be21',NULL,'宝格丽','BVLGARI',NULL,NULL,NULL,NULL,NULL,60,'35d9d8ba-5154-4f9d-8ceb-270cacf361e1',NULL,NULL,NULL,'http://zh-cn.bulgari.com'),(36,'f2dd445d-fe9c-49de-8423-aff3d50d9bbb',NULL,'','CANADA GOOSE',NULL,NULL,NULL,NULL,NULL,20,'e46fdd5a-59bd-4e05-9706-4fc7985899d9',NULL,NULL,NULL,'http://www.canada-goose.com'),(37,'2d873ca9-7a5e-467b-b7a5-d2bb8bc44cd8',NULL,'加拿大鹅童装','CANADA GOOSE KID',NULL,NULL,NULL,NULL,NULL,20,'e46fdd5a-59bd-4e05-9706-4fc7985899d9',NULL,NULL,NULL,''),(38,'a2db59db-9692-4788-8d3f-864852c1edaf',NULL,'卡雷拉','CARRERA',NULL,NULL,NULL,NULL,NULL,42,'fb8c77a4-30bf-45fd-8c26-df8de215fdda',NULL,NULL,NULL,''),(39,'e7a03287-4f66-46aa-bea9-ddd7dbea5392',NULL,'卡地亚','CARTIER',NULL,NULL,NULL,NULL,NULL,15,'a6ccd099-4f36-41b4-aae2-0172f1d90fed',NULL,NULL,NULL,'http://www.cartier.com/'),(40,'bfc421c7-0c1f-4865-8a93-94e37a4d4058',NULL,'卡纷','CARVEN',NULL,NULL,NULL,NULL,NULL,15,'a6ccd099-4f36-41b4-aae2-0172f1d90fed',NULL,NULL,NULL,''),(41,'2fe6043a-29c0-4f17-808d-edbf0dc7e150',NULL,'赛琳','CELINE',NULL,NULL,NULL,NULL,NULL,15,'a6ccd099-4f36-41b4-aae2-0172f1d90fed',NULL,NULL,NULL,'http://www.celine.com/'),(42,'c3196b16-ffeb-4c9a-9e66-b6b4f30df099',NULL,'','CHAMPION',NULL,NULL,NULL,NULL,NULL,30,'38fd088c-d588-49da-b1b3-daa85d3e218c',NULL,NULL,NULL,''),(43,'c451618c-ec23-4d17-8f14-057c4a3c0f93',NULL,'香奈儿','CHANEL',NULL,NULL,NULL,NULL,NULL,15,'a6ccd099-4f36-41b4-aae2-0172f1d90fed',NULL,NULL,NULL,'http://www.chanel.com/en_US/'),(44,'00e6d5ea-c972-49d2-ac3b-85262a0953e1',NULL,'夏洛特·奥林匹亚','CHARLOTTE OLYMPIA',NULL,NULL,NULL,NULL,NULL,63,'c1f6fb46-0a44-4866-85da-c1f45f9f608c',NULL,NULL,NULL,'http://www.charlotteolympia.com/'),(45,'7ef596b4-ff9d-4e3f-876a-75ab162a2012',NULL,'嘉拉·法拉格尼','CHIARA FERRAGNI',NULL,NULL,NULL,NULL,NULL,60,'35d9d8ba-5154-4f9d-8ceb-270cacf361e1',NULL,NULL,NULL,'http://www.chiaraferragnicollection.com/en/'),(46,'874851b5-7dac-4fd8-ac96-dce85cd8835c',NULL,'CHIARA FERRAGNI KID','CHIARA FERRAGNI KID',NULL,NULL,NULL,NULL,NULL,60,'35d9d8ba-5154-4f9d-8ceb-270cacf361e1',NULL,NULL,NULL,''),(47,'e2de1cd3-f4ec-4db2-9b96-267fe8efc9bd',NULL,'寇依','CHLOE',NULL,NULL,NULL,NULL,NULL,15,'a6ccd099-4f36-41b4-aae2-0172f1d90fed',NULL,NULL,NULL,'http://www.chloe.com/'),(48,'894a1a24-596f-4f81-9100-26944d9b40eb',NULL,'克里斯汀陆伯丁','CHRISTIAN LOUBOUTIN',NULL,NULL,NULL,NULL,NULL,15,'a6ccd099-4f36-41b4-aae2-0172f1d90fed',NULL,NULL,NULL,'http://www.christainlouboutin.com/'),(49,'72cbdf99-8026-4022-8ff5-c7e091b06a6e',NULL,'克里斯托弗·凯恩','CHRISTOPHER KANE',NULL,NULL,NULL,NULL,NULL,63,'c1f6fb46-0a44-4866-85da-c1f45f9f608c',NULL,NULL,NULL,''),(50,'b5e7aa63-bf26-4af2-877a-7e07bc2f2a5e',NULL,'克罗心','CHROME HEARTS',NULL,NULL,NULL,NULL,NULL,30,'38fd088c-d588-49da-b1b3-daa85d3e218c',NULL,NULL,NULL,''),(51,'5b9536b3-8014-4959-a987-207d47586c92',NULL,'','CINZIA ARAIA',NULL,NULL,NULL,NULL,NULL,60,'35d9d8ba-5154-4f9d-8ceb-270cacf361e1',NULL,NULL,NULL,''),(52,'4ead2071-1f11-4e36-ba16-a276a1c4c20e',NULL,'卡尔文·克莱恩','CK',NULL,NULL,NULL,NULL,NULL,30,'38fd088c-d588-49da-b1b3-daa85d3e218c',NULL,NULL,NULL,'http://www.ck.com/zh_CN/'),(53,'20fe28e2-5fd4-4cb4-b7cf-f2586cc00004',NULL,'CLASS CAVALLI','CLASS CAVALLI',NULL,NULL,NULL,NULL,NULL,60,'35d9d8ba-5154-4f9d-8ceb-270cacf361e1',NULL,NULL,NULL,''),(54,'92059013-bde4-4557-a35b-7bb165a22ac3',NULL,'CNC','CNC',NULL,NULL,NULL,NULL,NULL,60,'35d9d8ba-5154-4f9d-8ceb-270cacf361e1',NULL,NULL,NULL,''),(55,'3a178ee0-a9f2-47f7-92c9-59b7e6b243b3',NULL,'寇驰','COACH',NULL,NULL,NULL,NULL,NULL,30,'38fd088c-d588-49da-b1b3-daa85d3e218c',NULL,NULL,NULL,'http://www.coach.com/international/'),(56,'5ff6ad21-e698-456d-bb6b-819eaf0660de',NULL,'','COLIAC',NULL,NULL,NULL,NULL,NULL,60,'35d9d8ba-5154-4f9d-8ceb-270cacf361e1',NULL,NULL,NULL,''),(57,'d0fed402-5739-44a3-8451-019eba16c766',NULL,'川久保玲','COMME DES GARCONS',NULL,NULL,NULL,NULL,NULL,15,'a6ccd099-4f36-41b4-aae2-0172f1d90fed',NULL,NULL,NULL,'http://www.comme-des-garcons.com/'),(58,'d5180350-3248-4b28-8d11-e68b3066908c',NULL,'','COMMON PROJECTS',NULL,NULL,NULL,NULL,NULL,30,'38fd088c-d588-49da-b1b3-daa85d3e218c',NULL,NULL,NULL,''),(59,'dfa8c0a7-a84d-476b-b891-b4f7294aa615',NULL,'DALMINE','DALMINE',NULL,NULL,NULL,NULL,NULL,60,'35d9d8ba-5154-4f9d-8ceb-270cacf361e1',NULL,NULL,NULL,''),(60,'1194c2e4-2dc6-4e07-b0b7-b3c2c0d442d0',NULL,'','DARK SHADOW',NULL,NULL,NULL,NULL,NULL,60,'35d9d8ba-5154-4f9d-8ceb-270cacf361e1',NULL,NULL,NULL,''),(61,'aeee9c15-0052-4923-b5f0-740fae9cdfbe',NULL,'Decimo Hombre','Decimo Hombre',NULL,NULL,NULL,NULL,NULL,15,'a6ccd099-4f36-41b4-aae2-0172f1d90fed',NULL,NULL,NULL,''),(62,'8cd078b0-afe4-4dea-bc95-45219f939a81',NULL,'','DESIGNINVERSO',NULL,NULL,NULL,NULL,NULL,60,'35d9d8ba-5154-4f9d-8ceb-270cacf361e1',NULL,NULL,NULL,''),(63,'c55a1de3-83fd-4802-a5d1-8135dca8a41e',NULL,'克里斯汀·迪奥','DIOR',NULL,NULL,NULL,NULL,NULL,15,'a6ccd099-4f36-41b4-aae2-0172f1d90fed',NULL,NULL,NULL,'http://www.dior.com/home/it_it'),(64,'e5861f72-a760-4fb5-987f-442ef4c73ffe',NULL,'迪奥','DIOR HOMME',NULL,NULL,NULL,NULL,NULL,15,'a6ccd099-4f36-41b4-aae2-0172f1d90fed',NULL,NULL,NULL,''),(65,'693c8f81-e78b-423d-8113-e01b7e3879ce',NULL,'贝肯鲍','DIRK BIKKEMBERGS',NULL,NULL,NULL,NULL,NULL,13,'82929208-e50a-4238-9c7e-50d98e0dcb68',NULL,NULL,NULL,'http://www.bikkembergs.com/'),(66,'a035c37c-2878-489a-98a4-aa00a305905e',NULL,'杜嘉班纳','DOLCE & GABBANA',NULL,NULL,NULL,NULL,NULL,60,'35d9d8ba-5154-4f9d-8ceb-270cacf361e1',NULL,NULL,NULL,'http://www.dolcegabbana.com/'),(67,'548e4bf3-8419-4170-896e-d80be75d1ffc',NULL,'D二次方','DSQUARED2',NULL,NULL,NULL,NULL,NULL,60,'35d9d8ba-5154-4f9d-8ceb-270cacf361e1',NULL,NULL,NULL,'http://www.dsquared2.com/'),(68,'5fca3349-b4fc-42d0-988c-fef7fe394072',NULL,'登喜路','DUNHILL',NULL,NULL,NULL,NULL,NULL,63,'c1f6fb46-0a44-4866-85da-c1f45f9f608c',NULL,NULL,NULL,'http://www.dunhill.com/'),(69,'6880bde0-89eb-4a60-b24b-69564df924ff',NULL,'杜维迪卡','DUVETICA',NULL,NULL,NULL,NULL,NULL,60,'35d9d8ba-5154-4f9d-8ceb-270cacf361e1',NULL,NULL,NULL,''),(70,'c6f02517-4b0d-4f93-83d3-f57b1b6ddd91',NULL,'EA7','EA7',NULL,NULL,NULL,NULL,NULL,60,'35d9d8ba-5154-4f9d-8ceb-270cacf361e1',NULL,NULL,NULL,'http://www.armani.cn/gb/ea7'),(71,'c6fa297c-7053-4c56-8de6-3fd8a47e5cce',NULL,'爱步','ECCO',NULL,NULL,NULL,NULL,NULL,2,'72a6e4dc-48c7-4edf-876e-b1ef10ba4328',NULL,NULL,NULL,'http://us.shop.ecco.com/'),(72,'ad2ec94f-bedd-47bc-bb28-d352a4513a87',NULL,'ECO','ECO',NULL,NULL,NULL,NULL,NULL,60,'35d9d8ba-5154-4f9d-8ceb-270cacf361e1',NULL,NULL,NULL,''),(73,'e65a9384-5925-4d98-be31-48b2adecd3e9',NULL,'ELISABETTA FRANCHI','ELISABETTA FRANCHI',NULL,NULL,NULL,NULL,NULL,60,'35d9d8ba-5154-4f9d-8ceb-270cacf361e1',NULL,NULL,NULL,''),(74,'2e2371cd-7f68-4c6a-b24e-36d8ca2e8c3a',NULL,'安普里奥·阿玛尼','EMPORIO ARMANI',NULL,NULL,NULL,NULL,NULL,60,'35d9d8ba-5154-4f9d-8ceb-270cacf361e1',NULL,NULL,NULL,'http://www.armani.com/us/emporioarmani'),(75,'6583da99-561a-4884-97b4-b6f29d43bff3',NULL,'恩普里奥.杰尼亚','ERMENEGILDO ZEGNA',NULL,NULL,NULL,NULL,NULL,60,'35d9d8ba-5154-4f9d-8ceb-270cacf361e1',NULL,NULL,NULL,'http://www.zegna.com/ca/home.html'),(76,'6966fc3b-c377-4ab8-8744-49b0838e529f',NULL,'ETRO','ETRO',NULL,NULL,NULL,NULL,NULL,60,'35d9d8ba-5154-4f9d-8ceb-270cacf361e1',NULL,NULL,NULL,'https://www.etro.com/zh_cn/'),(77,'5f12ac20-eb0d-4c52-bb83-532b5527a595',NULL,'芬迪','FENDI',NULL,NULL,NULL,NULL,NULL,60,'35d9d8ba-5154-4f9d-8ceb-270cacf361e1',NULL,NULL,NULL,'http://www.fendi.com/ii/en'),(78,'3103908a-016a-4015-a43d-2d3f6501d534',NULL,'芬迪童装','FENDI KIDS',NULL,NULL,NULL,NULL,NULL,60,'35d9d8ba-5154-4f9d-8ceb-270cacf361e1',NULL,NULL,NULL,'http://www.fendi.com/ii/en'),(79,'91e7dcdc-843f-4c33-94a0-0c386e9f8199',NULL,'FERRARI','FERRARI',NULL,NULL,NULL,NULL,NULL,60,'35d9d8ba-5154-4f9d-8ceb-270cacf361e1',NULL,NULL,NULL,''),(80,'601267b6-0fef-4f63-bf0e-4e4e3b8eda89',NULL,'FESTA','FESTA',NULL,NULL,NULL,NULL,NULL,60,'35d9d8ba-5154-4f9d-8ceb-270cacf361e1',NULL,NULL,NULL,''),(81,'d3196eb6-e526-4a9b-9b7e-fc5e8911974a',NULL,'FORTE COUTURE','FORTE COUTURE',NULL,NULL,NULL,NULL,NULL,60,'35d9d8ba-5154-4f9d-8ceb-270cacf361e1',NULL,NULL,NULL,''),(82,'cb2c985c-4dd4-44ce-b0d7-cf9331d1be6f',NULL,'弗兰基 莫雷诺','FRANKIE MORELLO',NULL,NULL,NULL,NULL,NULL,60,'35d9d8ba-5154-4f9d-8ceb-270cacf361e1',NULL,NULL,NULL,'http://www.frankiemorello.it/'),(83,'0292bd0b-9d52-4060-9beb-e7c604a8660c',NULL,'芙拉','FURLA',NULL,NULL,NULL,NULL,NULL,60,'35d9d8ba-5154-4f9d-8ceb-270cacf361e1',NULL,NULL,NULL,''),(84,'b0f14a99-b7eb-40cf-bd3e-bf8d32c9e9b2',NULL,'GARDEUR-G DESIGN','GARDEUR-G DESIGN',NULL,NULL,NULL,NULL,NULL,13,'82929208-e50a-4238-9c7e-50d98e0dcb68',NULL,NULL,NULL,''),(85,'ee33b5d8-d78d-487e-be5b-550f3f36e4a9',NULL,'','GCDS',NULL,NULL,NULL,NULL,NULL,60,'35d9d8ba-5154-4f9d-8ceb-270cacf361e1',NULL,NULL,NULL,''),(86,'6cc222c7-2e59-44d4-bfd3-54b123ed2afc',NULL,'','GEDEBE',NULL,NULL,NULL,NULL,NULL,60,'35d9d8ba-5154-4f9d-8ceb-270cacf361e1',NULL,NULL,NULL,''),(87,'0641facd-9110-4065-9ae9-1de1380cc323',NULL,'','GIAB\'S',NULL,NULL,NULL,NULL,NULL,60,'35d9d8ba-5154-4f9d-8ceb-270cacf361e1',NULL,NULL,NULL,''),(88,'de509747-d908-46a5-b59a-e9f930da8f4d',NULL,'GIACOMORELLI','GIACOMORELLI',NULL,NULL,NULL,NULL,NULL,60,'35d9d8ba-5154-4f9d-8ceb-270cacf361e1',NULL,NULL,NULL,'http://www.giacomorelli.com/'),(89,'e326c3b5-8cb3-4a69-9685-f7309bd5f210',NULL,'乔治·阿玛尼','GIORGIO ARMANI',NULL,NULL,NULL,NULL,NULL,60,'35d9d8ba-5154-4f9d-8ceb-270cacf361e1',NULL,NULL,NULL,'http://www.giorgioarmanibeauty-usa.com/'),(90,'f710ae04-25d7-49e0-b285-7cfcd3bad322',NULL,'朱塞佩·萨诺第','GIUSEPPE ZANOTTI',NULL,NULL,NULL,NULL,NULL,60,'35d9d8ba-5154-4f9d-8ceb-270cacf361e1',NULL,NULL,NULL,'http://www.giuseppezanottidesign.com'),(91,'a16763a4-67fc-48d5-aeb5-db50067d26e9',NULL,'纪梵希','GIVENCHY',NULL,NULL,NULL,NULL,NULL,15,'a6ccd099-4f36-41b4-aae2-0172f1d90fed',NULL,NULL,NULL,'http://www.givenchy.com/cn/'),(92,'2bbd7062-ae94-4c8b-960b-3709422ddbb0',NULL,'黄金鹅','GOLDEN GOOSE',NULL,NULL,NULL,NULL,NULL,60,'35d9d8ba-5154-4f9d-8ceb-270cacf361e1',NULL,NULL,NULL,''),(93,'fd65e4ec-3282-418f-842b-3afe7b43e95a',NULL,'灰蚂蚁','GREY ANT',NULL,NULL,NULL,NULL,NULL,30,'38fd088c-d588-49da-b1b3-daa85d3e218c',NULL,NULL,NULL,'http://shop.greyant.com/'),(94,'9e441a8d-0f78-46c8-ad46-9261568ab40d',NULL,'古琦','GUCCI',NULL,NULL,NULL,NULL,NULL,60,'35d9d8ba-5154-4f9d-8ceb-270cacf361e1',NULL,NULL,NULL,'http://www.gucci.com/cn/home?utm_source=baidu_cn&utm_medium=Brandzone&utm_term=headline&utm_campaign=officialwebsite'),(95,'decd7e77-70a1-47d4-8933-e8403aa36c73',NULL,'盖尔斯','GUESS',NULL,NULL,NULL,NULL,NULL,30,'38fd088c-d588-49da-b1b3-daa85d3e218c',NULL,NULL,NULL,''),(96,'de6432a2-a321-4733-b17d-6c9f063da176',NULL,'贵迪','GUIDI',NULL,NULL,NULL,NULL,NULL,60,'35d9d8ba-5154-4f9d-8ceb-270cacf361e1',NULL,NULL,NULL,''),(97,'12b49632-8a08-470c-b781-078d2e81e3a5',NULL,'HACKETT','HACKETT',NULL,NULL,NULL,NULL,NULL,40,'1358bfae-7e50-4663-8834-735d0d2bfa05',NULL,NULL,NULL,''),(98,'3d9adff2-ad2f-4dcb-bb40-82c2d7bab84c',NULL,'HACULLA','HACULLA',NULL,NULL,NULL,NULL,NULL,30,'38fd088c-d588-49da-b1b3-daa85d3e218c',NULL,NULL,NULL,'http://www.haculla.com/'),(99,'1adba511-e0ff-4ba3-9903-510473a0d179',NULL,'海尔姆特·朗','HELMUT LANG',NULL,NULL,NULL,NULL,NULL,30,'38fd088c-d588-49da-b1b3-daa85d3e218c',NULL,NULL,NULL,''),(100,'33c75710-1045-48fe-9cc0-371acf0589c7',NULL,'爱马仕','HERMES',NULL,NULL,NULL,NULL,NULL,15,'a6ccd099-4f36-41b4-aae2-0172f1d90fed',NULL,NULL,NULL,'http://www.hermes.com/index_default.html'),(101,'5d9f1232-3ce9-4fc3-958c-332bb805fa87',NULL,'HOGAN','HOGAN',NULL,NULL,NULL,NULL,NULL,60,'35d9d8ba-5154-4f9d-8ceb-270cacf361e1',NULL,NULL,NULL,'https://www.hogan.cn/cn-zh/home.html'),(102,'a14d5cf7-c3cc-4532-99cf-b6e737032282',NULL,'HOLDEM','HOLDEM',NULL,NULL,NULL,NULL,NULL,49,'ce9c40b1-22fe-40e4-ac93-40ef2bad1ea8',NULL,NULL,NULL,''),(103,'ae81b7da-9ef4-4bf5-a0ec-968c001809e6',NULL,'HBA','HOOD BY AIR',NULL,NULL,NULL,NULL,NULL,30,'38fd088c-d588-49da-b1b3-daa85d3e218c',NULL,NULL,NULL,''),(104,'fed0ee8d-625f-4097-969b-7656833800db',NULL,'','HOW AND WHAT',NULL,NULL,NULL,NULL,NULL,19,'3e54973a-5658-4598-969e-c534973a4a95',NULL,NULL,NULL,''),(105,'45267994-90a0-48ed-a013-d3ea97712845',NULL,'胡戈-波士','HUGO BOSS',NULL,NULL,NULL,NULL,NULL,13,'82929208-e50a-4238-9c7e-50d98e0dcb68',NULL,NULL,NULL,'http://store-us.hugoboss.com/'),(106,'35a9791d-0083-4c98-b4af-0625cbdec8f1',NULL,'ICE','ICE',NULL,NULL,NULL,NULL,NULL,60,'35d9d8ba-5154-4f9d-8ceb-270cacf361e1',NULL,NULL,NULL,''),(107,'799feeac-172c-4b84-aa2d-0a1c9b7a6449',NULL,'ICEBERG','ICEBERG',NULL,NULL,NULL,NULL,NULL,60,'35d9d8ba-5154-4f9d-8ceb-270cacf361e1',NULL,NULL,NULL,''),(108,'3cced0e5-ecde-40ac-a60b-d9180c315ead',NULL,'IH NOM UH NIT','IH NOM UH NIT',NULL,NULL,NULL,NULL,NULL,15,'a6ccd099-4f36-41b4-aae2-0172f1d90fed',NULL,NULL,NULL,'http://www.ihnomuhnit.co/en'),(109,'fb62973b-adce-443a-825c-86a77820cb0e',NULL,'J BRAND','J BRAND',NULL,NULL,NULL,NULL,NULL,30,'38fd088c-d588-49da-b1b3-daa85d3e218c',NULL,NULL,NULL,''),(110,'0c1f9080-1ef0-45cb-8e7f-f3aed8da4f5b',NULL,'JIL SANDER','JIL SANDER',NULL,NULL,NULL,NULL,NULL,60,'35d9d8ba-5154-4f9d-8ceb-270cacf361e1',NULL,NULL,NULL,''),(111,'246efa73-2e39-4eec-8a6a-82be6a2f6875',NULL,'周仰杰','JIMMY CHOO',NULL,NULL,NULL,NULL,NULL,63,'c1f6fb46-0a44-4866-85da-c1f45f9f608c',NULL,NULL,NULL,'http://row.jimmychoo.com/on/demandware.store/Sites-jchrow-Site/en/Default-Start?geoip=geoip'),(112,'763606b2-8c62-4b38-843e-d37f59c58607',NULL,'JOHN SMEDLEY','JOHN SMEDLEY',NULL,NULL,NULL,NULL,NULL,63,'c1f6fb46-0a44-4866-85da-c1f45f9f608c',NULL,NULL,NULL,''),(113,'c621a1a1-1395-440d-a0af-1c23a7d38b89',NULL,'JOSHUA SANDERS','JOSHUA SANDERS',NULL,NULL,NULL,NULL,NULL,60,'35d9d8ba-5154-4f9d-8ceb-270cacf361e1',NULL,NULL,NULL,'http://www.joshua-sanders.com'),(114,'4e899c47-9830-418c-93dd-2c2c14ee35bf',NULL,'JUICY','JUICY',NULL,NULL,NULL,NULL,NULL,30,'38fd088c-d588-49da-b1b3-daa85d3e218c',NULL,NULL,NULL,''),(115,'a9de722a-7c86-4dea-9b5a-44db4ecffdca',NULL,'卡沃利','JUST CAVALLI',NULL,NULL,NULL,NULL,NULL,60,'35d9d8ba-5154-4f9d-8ceb-270cacf361e1',NULL,NULL,NULL,''),(116,'c6a09226-dafc-446b-b861-09c26716354c',NULL,'','JUUNJ',NULL,NULL,NULL,NULL,NULL,19,'3e54973a-5658-4598-969e-c534973a4a95',NULL,NULL,NULL,''),(117,'01ac2538-098f-471b-b053-b5e21bc77209',NULL,'卡尔 拉格斐','KARL LAGERFELD',NULL,NULL,NULL,NULL,NULL,60,'35d9d8ba-5154-4f9d-8ceb-270cacf361e1',NULL,NULL,NULL,''),(118,'139b311a-b613-4825-ae31-41a7688a9d9f',NULL,'KATE SPADE','KATE SPADE',NULL,NULL,NULL,NULL,NULL,30,'38fd088c-d588-49da-b1b3-daa85d3e218c',NULL,NULL,NULL,''),(119,'618c8606-3c5b-4e69-a215-9f12cadad28a',NULL,'高田贤三','KENZO',NULL,NULL,NULL,NULL,NULL,15,'a6ccd099-4f36-41b4-aae2-0172f1d90fed',NULL,NULL,NULL,'https://www.kenzo.com/'),(120,'2e5baa5c-a573-48d8-8a6f-e7d245c2f974',NULL,'高田贤三童装','KENZO BABY',NULL,NULL,NULL,NULL,NULL,15,'a6ccd099-4f36-41b4-aae2-0172f1d90fed',NULL,NULL,NULL,'https://www.kenzo.com/'),(121,'8d65352a-20df-4271-8326-ceb19b61c42f',NULL,'考拉比','KOALABI',NULL,NULL,NULL,NULL,NULL,66,'748ac5fe-b681-44fa-afa2-20662b278104',NULL,NULL,NULL,''),(122,'e311e70e-eafc-4a0a-af71-2779d03ef05b',NULL,'','KTZ',NULL,NULL,NULL,NULL,NULL,64,'8a1009ed-9115-4980-b8d5-9595bfc90aaf',NULL,NULL,NULL,''),(123,'a032f6d6-d7aa-4635-b349-37def2d78e6c',NULL,'兰姿','LANCEL',NULL,NULL,NULL,NULL,NULL,15,'a6ccd099-4f36-41b4-aae2-0172f1d90fed',NULL,NULL,NULL,'http://www.lancel.com/'),(124,'fe627406-48ed-4135-989f-4656623c0207',NULL,'浪凡','LANVIN',NULL,NULL,NULL,NULL,NULL,15,'a6ccd099-4f36-41b4-aae2-0172f1d90fed',NULL,NULL,NULL,'http://www.lanvin.com/'),(125,'37709178-9173-4653-9508-3a97cf7e6027',NULL,'琳达·法罗','LINDA FARROW',NULL,NULL,NULL,NULL,NULL,63,'c1f6fb46-0a44-4866-85da-c1f45f9f608c',NULL,NULL,NULL,'http://www.lindafarrowvintage.com/'),(126,'6826ae77-eb70-44d4-afda-0ecece5af202',NULL,'罗意威','LOEWE',NULL,NULL,NULL,NULL,NULL,54,'3f7054fa-182e-4adb-b5b8-7eb6f7be8445',NULL,NULL,NULL,'http://www.loewe.com/'),(127,'cd400db0-c7f2-4340-b666-9dd7a8b31d6f',NULL,'珑骧','LONG CHAMP',NULL,NULL,NULL,NULL,NULL,15,'a6ccd099-4f36-41b4-aae2-0172f1d90fed',NULL,NULL,NULL,'http://www.longchamp.com/'),(128,'edbda6f7-ab29-4dcd-a28d-e80d36f31c9a',NULL,'LONG CLOTHING','LONG CLOTHING',NULL,NULL,NULL,NULL,NULL,64,'8a1009ed-9115-4980-b8d5-9595bfc90aaf',NULL,NULL,NULL,'http://www.longclothing.com'),(129,'60b15acd-a835-43bc-8eb6-69ab12547b55',NULL,'路易里曼','LOUIS LEEMAN',NULL,NULL,NULL,NULL,NULL,60,'35d9d8ba-5154-4f9d-8ceb-270cacf361e1',NULL,NULL,NULL,''),(130,'1b75cd4d-2e26-4774-8a1a-d61563319b2a',NULL,'路易-威登','LOUIS VUITTON',NULL,NULL,NULL,NULL,NULL,15,'a6ccd099-4f36-41b4-aae2-0172f1d90fed',NULL,NULL,NULL,'http://fr.louisvuitton.com/fra-fr/homepage'),(131,'80a2ed00-a067-4ad0-a7e0-5930960da144',NULL,'最爱马斯奇诺','LOVE MOSCHINO',NULL,NULL,NULL,NULL,NULL,60,'35d9d8ba-5154-4f9d-8ceb-270cacf361e1',NULL,NULL,NULL,'http://www.moschino.com/it'),(132,'0d2fd720-3c10-48f0-b11c-311cdf12bb2e',NULL,'','MAJE',NULL,NULL,NULL,NULL,NULL,15,'a6ccd099-4f36-41b4-aae2-0172f1d90fed',NULL,NULL,NULL,''),(133,'e0f2e1ce-bc50-43b5-b275-e23566640c32',NULL,'马诺洛','MANOLO BLAHNIK',NULL,NULL,NULL,NULL,NULL,15,'a6ccd099-4f36-41b4-aae2-0172f1d90fed',NULL,NULL,NULL,'www.manoloblahnik.com'),(134,'ae8cb883-664c-4777-b2eb-1ac9755d8d18',NULL,'马克.马克-雅各布','MARC BY MARC JACOBS',NULL,NULL,NULL,NULL,NULL,30,'38fd088c-d588-49da-b1b3-daa85d3e218c',NULL,NULL,NULL,''),(135,'d9681020-4f4c-4780-b651-eed1cbe6cbea',NULL,'马克-雅各布','MARC JACOBS',NULL,NULL,NULL,NULL,NULL,30,'38fd088c-d588-49da-b1b3-daa85d3e218c',NULL,NULL,NULL,'http://www.marcjacobs.com/'),(136,'3fd825ec-2bb6-46f9-bf4b-f87b2cd0eff1',NULL,'马克布隆','MARCELO BURLON',NULL,NULL,NULL,NULL,NULL,60,'35d9d8ba-5154-4f9d-8ceb-270cacf361e1',NULL,NULL,NULL,'http://www.marceloburlonblog.com/'),(137,'b886a82d-aa33-42df-9ffe-92d61af0b494',NULL,'MARCELO BURLON KID','MARCELO BURLON KID',NULL,NULL,NULL,NULL,NULL,60,'35d9d8ba-5154-4f9d-8ceb-270cacf361e1',NULL,NULL,NULL,''),(138,'ad7dde28-ef29-47e4-8635-326449d5e36e',NULL,'','MARNI',NULL,NULL,NULL,NULL,NULL,60,'35d9d8ba-5154-4f9d-8ceb-270cacf361e1',NULL,NULL,NULL,''),(139,'890a1ea6-09fb-4f03-8d75-6ca25056aa74',NULL,'马丁·马吉拉','MARTIN MARGIELA',NULL,NULL,NULL,NULL,NULL,15,'a6ccd099-4f36-41b4-aae2-0172f1d90fed',NULL,NULL,NULL,''),(140,'ab72f081-18a8-4fd4-aa7a-2a65b34e51b3',NULL,'马图','MATUA',NULL,NULL,NULL,NULL,NULL,60,'35d9d8ba-5154-4f9d-8ceb-270cacf361e1',NULL,NULL,NULL,''),(141,'bf566f25-ef92-4453-b10b-6d2394cdeca2',NULL,'麦丝玛拉','MAXMARA',NULL,NULL,NULL,NULL,NULL,60,'35d9d8ba-5154-4f9d-8ceb-270cacf361e1',NULL,NULL,NULL,'cn.maxmara.com'),(142,'743f1762-750d-44ea-a3ee-b5c8324a2b91',NULL,'MCM','MCM',NULL,NULL,NULL,NULL,NULL,13,'82929208-e50a-4238-9c7e-50d98e0dcb68',NULL,NULL,NULL,'http://www.mcmworldwide.com/'),(143,'6932eb88-617a-4135-b2ed-17cf3f560175',NULL,'麦昆','MCQ',NULL,NULL,NULL,NULL,NULL,63,'c1f6fb46-0a44-4866-85da-c1f45f9f608c',NULL,NULL,NULL,'http://www.alexandermcqueen.com/us/mcq/'),(144,'85a5c51d-7949-4d8f-bdef-b0ed6e56e693',NULL,'MELIS YILDIZ','MELIS YILDIZ',NULL,NULL,NULL,NULL,NULL,60,'35d9d8ba-5154-4f9d-8ceb-270cacf361e1',NULL,NULL,NULL,''),(145,'df0d121d-ce0d-4980-a2f5-999c82bf6c58',NULL,'梅丽莎','MELISSA',NULL,NULL,NULL,NULL,NULL,60,'35d9d8ba-5154-4f9d-8ceb-270cacf361e1',NULL,NULL,NULL,''),(146,'9f47d162-5c71-4841-8bbf-f782d716d092',NULL,'MENBUR','MENBUR',NULL,NULL,NULL,NULL,NULL,54,'3f7054fa-182e-4adb-b5b8-7eb6f7be8445',NULL,NULL,NULL,''),(147,'70d1fdab-c82f-49fd-86be-4d9a391afddf',NULL,'迈克-柯尔','MICHAEL KORS',NULL,NULL,NULL,NULL,NULL,30,'38fd088c-d588-49da-b1b3-daa85d3e218c',NULL,NULL,NULL,'http://www.michaelkors.cn/'),(148,'7fa78cce-9a36-4fb8-84b2-d643b85fb604',NULL,'缪缪','MIU MIU',NULL,NULL,NULL,NULL,NULL,60,'35d9d8ba-5154-4f9d-8ceb-270cacf361e1',NULL,NULL,NULL,'http://www.miumiu.com/hans?cc=CN'),(149,'6bdd7a18-0ebe-4620-ba7b-f7a00f6d3dcc',NULL,'盟可睐','MONCLER',NULL,NULL,NULL,NULL,NULL,15,'a6ccd099-4f36-41b4-aae2-0172f1d90fed',NULL,NULL,NULL,'http://eng.moncler.com/'),(150,'aa018146-5873-47f5-aad3-e109628e3d3f',NULL,'盟可睞童装','MONCLER KID',NULL,NULL,NULL,NULL,NULL,15,'a6ccd099-4f36-41b4-aae2-0172f1d90fed',NULL,NULL,NULL,''),(151,'11590c33-e9cd-4995-b2d9-edae6c47d057',NULL,'MONCLER X OFF WHITE','MONCLER X OFF WHITE',NULL,NULL,NULL,NULL,NULL,60,'35d9d8ba-5154-4f9d-8ceb-270cacf361e1',NULL,NULL,NULL,''),(152,'66ab111f-2d74-44c2-b135-883951a5e9c0',NULL,'万宝龙','MONT BLANC',NULL,NULL,NULL,NULL,NULL,13,'82929208-e50a-4238-9c7e-50d98e0dcb68',NULL,NULL,NULL,'http://www.montblanc.com/en-us/shop/watches.aspx'),(153,'9bfafbaf-afc6-49d0-9484-0cb2aa3dd071',NULL,'','MOOSE KNUCKLES',NULL,NULL,NULL,NULL,NULL,20,'e46fdd5a-59bd-4e05-9706-4fc7985899d9',NULL,NULL,NULL,''),(154,'ebe4daf8-4d3b-4a27-b240-ce3ee000d51e',NULL,'莫斯奇诺','MOSCHINO',NULL,NULL,NULL,NULL,NULL,60,'35d9d8ba-5154-4f9d-8ceb-270cacf361e1',NULL,NULL,NULL,'https://secure.moschino.com/chooseyourcountry.asp'),(155,'2bd99177-db1f-477b-b774-8e356dadb892',NULL,'MOSCHINO CHEAP&CHIC','MOSCHINO CHEAP&CHIC',NULL,NULL,NULL,NULL,NULL,60,'35d9d8ba-5154-4f9d-8ceb-270cacf361e1',NULL,NULL,NULL,''),(156,'56792c68-92d9-4ac8-8df8-bc7129d33012',NULL,'','MOSCHINO COUTURE',NULL,NULL,NULL,NULL,NULL,60,'35d9d8ba-5154-4f9d-8ceb-270cacf361e1',NULL,NULL,NULL,''),(157,'b981a03e-d3a0-40f0-b106-5d638c5204dc',NULL,'','MOSCHINO KID',NULL,NULL,NULL,NULL,NULL,60,'35d9d8ba-5154-4f9d-8ceb-270cacf361e1',NULL,NULL,NULL,''),(158,'6ae87e4a-755d-4108-a636-1f5720e2f9dc',NULL,'莫斯奇诺 泳装','MOSCHINO SWIM',NULL,NULL,NULL,NULL,NULL,60,'35d9d8ba-5154-4f9d-8ceb-270cacf361e1',NULL,NULL,NULL,''),(159,'e8179459-337c-4664-b010-f6375d5c5e10',NULL,'','MR&MRS ITALY',NULL,NULL,NULL,NULL,NULL,60,'35d9d8ba-5154-4f9d-8ceb-270cacf361e1',NULL,NULL,NULL,''),(160,'35f2c59a-fb64-4a91-aab1-0a0a59ed0b9b',NULL,'MSGM','MSGM',NULL,NULL,NULL,NULL,NULL,60,'35d9d8ba-5154-4f9d-8ceb-270cacf361e1',NULL,NULL,NULL,'http://msgm.it/'),(161,'23aac1b1-64ed-45fe-a42e-7cf8271248b7',NULL,'MSGM童装','MSGM KID',NULL,NULL,NULL,NULL,NULL,60,'35d9d8ba-5154-4f9d-8ceb-270cacf361e1',NULL,NULL,NULL,''),(162,'20b189c3-2684-4968-aa50-559b4c41056e',NULL,'MULBERRY','MULBERRY',NULL,NULL,NULL,NULL,NULL,60,'35d9d8ba-5154-4f9d-8ceb-270cacf361e1',NULL,NULL,NULL,''),(163,'525e402c-ed8b-4ff4-a116-3ad85af246ad',NULL,'21号','N°21',NULL,NULL,NULL,NULL,NULL,60,'35d9d8ba-5154-4f9d-8ceb-270cacf361e1',NULL,NULL,NULL,'http://www.numeroventuno.com/'),(164,'898419b6-b738-4fa8-a264-dcb5e1dd54e3',NULL,'nana-nana','NANA-NANA',NULL,NULL,NULL,NULL,NULL,41,'f98b8af4-379f-4de8-b258-4700de9c006b',NULL,NULL,NULL,'https://midtownproject.co.jp/'),(165,'c4edde3b-5823-4a38-ae86-1d04f0d3cb52',NULL,'尼奥·贝奈特','NEIL BARRETT',NULL,NULL,NULL,NULL,NULL,60,'35d9d8ba-5154-4f9d-8ceb-270cacf361e1',NULL,NULL,NULL,'http://www.neilbarrett.com/'),(166,'8f4d7c5b-e203-47b7-9780-89139911c03c',NULL,'','NUNUNU',NULL,NULL,NULL,NULL,NULL,60,'35d9d8ba-5154-4f9d-8ceb-270cacf361e1',NULL,NULL,NULL,''),(167,'f2aefcb3-2f01-431e-b9a6-471fe1b29b26',NULL,'奥克利','OAKLEY',NULL,NULL,NULL,NULL,NULL,60,'35d9d8ba-5154-4f9d-8ceb-270cacf361e1',NULL,NULL,NULL,'http://uk.oakley.com/'),(168,'047e1b9c-d848-429c-8c6d-0399a440310e',NULL,'纯白色','OFF WHITE',NULL,NULL,NULL,NULL,NULL,30,'38fd088c-d588-49da-b1b3-daa85d3e218c',NULL,NULL,NULL,'http://www.off---white.com/'),(169,'9a1d3a0a-2d8e-4297-b991-bae9744d8216',NULL,'OPENING CEREMONY','OPENING CEREMONY',NULL,NULL,NULL,NULL,NULL,30,'38fd088c-d588-49da-b1b3-daa85d3e218c',NULL,NULL,NULL,''),(170,'2b051623-cb36-43bb-bcd5-52a83a0c4a44',NULL,'葩莎帝','PASOTTI',NULL,NULL,NULL,NULL,NULL,60,'35d9d8ba-5154-4f9d-8ceb-270cacf361e1',NULL,NULL,NULL,'http://www.pasotti.com/'),(171,'59236307-e95c-4d89-9340-5d1bdd8738c7',NULL,'保罗-史密斯','PAUL SMITH',NULL,NULL,NULL,NULL,NULL,63,'c1f6fb46-0a44-4866-85da-c1f45f9f608c',NULL,NULL,NULL,'http://www.paulsmith.co.uk/'),(172,'abe153f6-0442-4c73-9277-244304f13dff',NULL,'保罗史密斯童装','PAUL SMITH JUNIOR',NULL,NULL,NULL,NULL,NULL,63,'c1f6fb46-0a44-4866-85da-c1f45f9f608c',NULL,NULL,NULL,''),(173,'3de2f42b-14a9-441b-83a9-7e32352a7075',NULL,'宝鲨','PAUL&SHARK',NULL,NULL,NULL,NULL,NULL,60,'35d9d8ba-5154-4f9d-8ceb-270cacf361e1',NULL,NULL,NULL,'http://www.paulshark.it/'),(174,'0d30a9ae-274f-47f9-9da8-2acb7ddde1a8',NULL,'宝拉·凯蒂马托瑞','PAULA CADEMARTORI',NULL,NULL,NULL,NULL,NULL,60,'35d9d8ba-5154-4f9d-8ceb-270cacf361e1',NULL,NULL,NULL,'http://www.paulacademartori.com'),(175,'47c2fdd8-4521-43c9-a56d-9aafd6f36978',NULL,'菲利普','PHILIPP PLEIN',NULL,NULL,NULL,NULL,NULL,13,'82929208-e50a-4238-9c7e-50d98e0dcb68',NULL,NULL,NULL,'http://www.philipp-plein.com'),(176,'98676ba6-f640-4987-a002-0ae99980eb9f',NULL,'PICCIONE','PICCIONE.PICCIONE',NULL,NULL,NULL,NULL,NULL,60,'35d9d8ba-5154-4f9d-8ceb-270cacf361e1',NULL,NULL,NULL,''),(177,'8d81f9a7-efd7-492b-a62f-d825b82617fd',NULL,'皮埃尔·巴尔曼','PIERRE BALMAIN',NULL,NULL,NULL,NULL,NULL,15,'a6ccd099-4f36-41b4-aae2-0172f1d90fed',NULL,NULL,NULL,''),(178,'0f185f4c-c464-462e-8df1-cdf00755722e',NULL,'PINKO','PINKO',NULL,NULL,NULL,NULL,NULL,60,'35d9d8ba-5154-4f9d-8ceb-270cacf361e1',NULL,NULL,NULL,''),(179,'ca2d4260-d235-4dac-b41f-40ae5c10bc7f',NULL,'PLEIN SPORT','PLEIN SPORT',NULL,NULL,NULL,NULL,NULL,60,'35d9d8ba-5154-4f9d-8ceb-270cacf361e1',NULL,NULL,NULL,'http://pleinsport.com'),(180,'715860c9-680a-4057-b3f6-952f89969fd6',NULL,'宝丽来','POLAROID',NULL,NULL,NULL,NULL,NULL,60,'35d9d8ba-5154-4f9d-8ceb-270cacf361e1',NULL,NULL,NULL,'http://polaroideyewear.com'),(181,'acfae0a7-9f23-4a95-9ae3-8a21c4f39f6f',NULL,'普拉达','PRADA',NULL,NULL,NULL,NULL,NULL,60,'35d9d8ba-5154-4f9d-8ceb-270cacf361e1',NULL,NULL,NULL,'http://www.prada.com/hans?cc=CN'),(182,'4b5377d1-7890-49bb-921d-03446a405824',NULL,'贝缇巴拉纳斯','PRETTY BALLERINAS',NULL,NULL,NULL,NULL,NULL,54,'3f7054fa-182e-4adb-b5b8-7eb6f7be8445',NULL,NULL,NULL,'http://www.prettyballerinas.com/'),(183,'5cd73900-df5b-42a7-b2cb-31f1d3b3dc6a',NULL,'PROENZA SCHOULER','PROENZA SCHOULER',NULL,NULL,NULL,NULL,NULL,60,'35d9d8ba-5154-4f9d-8ceb-270cacf361e1',NULL,NULL,NULL,''),(184,'d130d294-e841-4272-af74-7b0746d40b78',NULL,'代金卡','QT其他使用',NULL,NULL,NULL,NULL,NULL,15,'a6ccd099-4f36-41b4-aae2-0172f1d90fed',NULL,NULL,NULL,''),(185,'e7ab548f-a133-4ba8-a1f9-7174ab632b61',NULL,'R13','R13',NULL,NULL,NULL,NULL,NULL,30,'38fd088c-d588-49da-b1b3-daa85d3e218c',NULL,NULL,NULL,'https://www.r13denim.com/'),(186,'5e0a165c-b27e-4ea0-b952-8039a8a422fc',NULL,'拉尔夫-劳伦','RALPH LAUREN',NULL,NULL,NULL,NULL,NULL,30,'38fd088c-d588-49da-b1b3-daa85d3e218c',NULL,NULL,NULL,'http://www.ralphlauren.com/frontdoor/index.jsp'),(187,'7fc9f389-00a2-4b9d-9a2b-eeb299dbf6d2',NULL,'雷朋','RAY-BAN',NULL,NULL,NULL,NULL,NULL,60,'35d9d8ba-5154-4f9d-8ceb-270cacf361e1',NULL,NULL,NULL,'http://china.ray-ban.com/zh/'),(188,'f4fd3359-4da7-443a-9f2b-d6421a3b2a90',NULL,'华伦天奴','RED VALENTINO',NULL,NULL,NULL,NULL,NULL,60,'35d9d8ba-5154-4f9d-8ceb-270cacf361e1',NULL,NULL,NULL,'http://www.redvalentino.com/'),(189,'0b693538-e313-4486-be13-7a33680a24cd',NULL,'瑞克·欧文斯','RICK OWENS',NULL,NULL,NULL,NULL,NULL,30,'38fd088c-d588-49da-b1b3-daa85d3e218c',NULL,NULL,NULL,'http://www.rickowens.eu/en/'),(190,'78b4016a-c5e8-4aac-b649-95c438e6eef8',NULL,'暴风骑士','RIDERS ON THE STORM',NULL,NULL,NULL,NULL,NULL,60,'35d9d8ba-5154-4f9d-8ceb-270cacf361e1',NULL,NULL,NULL,''),(191,'4f95f285-82d0-4ad2-ad83-6e5ea6ad2c6f',NULL,'风暴骑士儿童','RIDERS ON THE STORM KIDS',NULL,NULL,NULL,NULL,NULL,60,'35d9d8ba-5154-4f9d-8ceb-270cacf361e1',NULL,NULL,NULL,''),(192,'53c0dde0-c144-4880-ba18-4bcd434b73bc',NULL,'双枪','ROAR',NULL,NULL,NULL,NULL,NULL,41,'f98b8af4-379f-4de8-b258-4700de9c006b',NULL,NULL,NULL,''),(193,'48dfe6e9-8362-4d6d-b891-528d4d2d2f93',NULL,'罗伯特·卡沃利','ROBERTO CAVALLI',NULL,NULL,NULL,NULL,NULL,60,'35d9d8ba-5154-4f9d-8ceb-270cacf361e1',NULL,NULL,NULL,''),(194,'3f07f242-e5a1-4834-9efe-88d448814400',NULL,'罗恩','ROEN',NULL,NULL,NULL,NULL,NULL,41,'f98b8af4-379f-4de8-b258-4700de9c006b',NULL,NULL,NULL,'http://www.roen.jp/'),(195,'2436ebca-a17b-4165-b105-069563779165',NULL,'罗杰·维威耶','ROGER VIVIER',NULL,NULL,NULL,NULL,NULL,15,'a6ccd099-4f36-41b4-aae2-0172f1d90fed',NULL,NULL,NULL,'http://www.rogervivier.com/'),(196,'5f679d08-b597-4f2c-8a16-83543371ee0a',NULL,'伊夫圣罗兰','SAINT LAURENT PARIS',NULL,NULL,NULL,NULL,NULL,15,'a6ccd099-4f36-41b4-aae2-0172f1d90fed',NULL,NULL,NULL,'http://www.ysl.com/us'),(197,'c16cf8d5-4cfe-44f2-b435-610bae35704a',NULL,'菲拉格慕','SALVATORE FERRAGAMO',NULL,NULL,NULL,NULL,NULL,60,'35d9d8ba-5154-4f9d-8ceb-270cacf361e1',NULL,NULL,NULL,'http://www.ferragamo.com/'),(198,'bbc56931-3f66-4fe8-8586-949b95312f51',NULL,'克洛伊','SEE BY CHLOE\'',NULL,NULL,NULL,NULL,NULL,15,'a6ccd099-4f36-41b4-aae2-0172f1d90fed',NULL,NULL,NULL,'http://www.chloe.com/#/collections/see-by-chloe/chs'),(199,'c4bea6ae-d415-4e6d-bb27-b6dee94c77fb',NULL,'SERGIO ROSSI','SERGIO ROSSI',NULL,NULL,NULL,NULL,NULL,60,'35d9d8ba-5154-4f9d-8ceb-270cacf361e1',NULL,NULL,NULL,''),(200,'b7575c50-0972-4401-a867-653de3545202',NULL,'SIVIGLIA','SIVIGLIA',NULL,NULL,NULL,NULL,NULL,13,'82929208-e50a-4238-9c7e-50d98e0dcb68',NULL,NULL,NULL,''),(201,'fc0d69e5-efc5-4f89-a3a1-10cdc78e0959',NULL,'史提芬劳 尼治','STEFANO RICCI',NULL,NULL,NULL,NULL,NULL,60,'35d9d8ba-5154-4f9d-8ceb-270cacf361e1',NULL,NULL,NULL,'http://www.stefanoricci.com/'),(202,'d830a884-3b5c-45d2-b63c-13baa31114fc',NULL,'斯特拉-麦卡托尼','STELLA MCCARTNEY',NULL,NULL,NULL,NULL,NULL,30,'38fd088c-d588-49da-b1b3-daa85d3e218c',NULL,NULL,NULL,'www.stellamccartney.cn'),(203,'c04d752c-0146-4479-9cdb-a6ff62899132',NULL,'斯特拉.麦特卡尼童装','STELLA MCCARTNEY KID',NULL,NULL,NULL,NULL,NULL,30,'38fd088c-d588-49da-b1b3-daa85d3e218c',NULL,NULL,NULL,''),(204,'587537be-40f0-4a11-87c6-a30eb4ea9d6c',NULL,'斯图尔特·韦茨曼','STUART WEITZMAN',NULL,NULL,NULL,NULL,NULL,30,'38fd088c-d588-49da-b1b3-daa85d3e218c',NULL,NULL,NULL,''),(205,'0a84ec61-d426-4a67-84cf-5381427a4d48',NULL,'施华洛世奇','SWAROVSKI',NULL,NULL,NULL,NULL,NULL,42,'fb8c77a4-30bf-45fd-8c26-df8de215fdda',NULL,NULL,NULL,'http://www.swarovski.com/Web_US/en/index'),(206,'543976d9-4b52-4d96-b48f-d20ac5c6bde6',NULL,'','THIS IS NOT CLOTHING',NULL,NULL,NULL,NULL,NULL,15,'a6ccd099-4f36-41b4-aae2-0172f1d90fed',NULL,NULL,NULL,'http://www.thisisnotclothing.com'),(207,'d4f88a47-2585-491b-98e0-f2b865501b50',NULL,'汤姆·布郎','THOM BROWNE',NULL,NULL,NULL,NULL,NULL,30,'38fd088c-d588-49da-b1b3-daa85d3e218c',NULL,NULL,NULL,''),(208,'b60b1cbd-8a04-48a1-81be-61809685f526',NULL,'蒂凡尼','TIFFANY&CO',NULL,NULL,NULL,NULL,NULL,30,'38fd088c-d588-49da-b1b3-daa85d3e218c',NULL,NULL,NULL,'http://www.tiffany.cn/'),(209,'2a44b3f6-0997-40df-8fa0-aae424554522',NULL,'托德斯','TOD\'S',NULL,NULL,NULL,NULL,NULL,60,'35d9d8ba-5154-4f9d-8ceb-270cacf361e1',NULL,NULL,NULL,'http://www.tods.com/'),(210,'b550fdfb-c2bc-48e2-841d-e54eba4c8b01',NULL,'汤丽柏琦','TORY BURCH',NULL,NULL,NULL,NULL,NULL,30,'38fd088c-d588-49da-b1b3-daa85d3e218c',NULL,NULL,NULL,'http://www.toryburch.com/'),(211,'8cdfa8da-c3f2-4202-9f28-8367397118c0',NULL,'URSULA MASCARO','URSULA MASCARO',NULL,NULL,NULL,NULL,NULL,54,'3f7054fa-182e-4adb-b5b8-7eb6f7be8445',NULL,NULL,NULL,'http://www.ursulamascaro.com/'),(212,'8e93d3a6-a43f-4972-88af-3c1b615e6b85',NULL,'华伦天奴','VALENTINO',NULL,NULL,NULL,NULL,NULL,60,'35d9d8ba-5154-4f9d-8ceb-270cacf361e1',NULL,NULL,NULL,'http://www.valentino.com/'),(213,'4a64b315-d8e8-4936-933a-a43c8b432fb5',NULL,'梵克雅宝','VAN CLEEF & ARPELS',NULL,NULL,NULL,NULL,NULL,15,'a6ccd099-4f36-41b4-aae2-0172f1d90fed',NULL,NULL,NULL,'http://www.vancleefarpels.com/cn/zh/?from_unlocalized=1'),(214,'2e3da072-1004-4a00-86f8-8e467bb90f4b',NULL,'','VASA',NULL,NULL,NULL,NULL,NULL,60,'35d9d8ba-5154-4f9d-8ceb-270cacf361e1',NULL,NULL,NULL,''),(215,'1df0e53d-d122-49fe-bb2f-447e99bd94da',NULL,'范思哲','VERSACE',NULL,NULL,NULL,NULL,NULL,60,'35d9d8ba-5154-4f9d-8ceb-270cacf361e1',NULL,NULL,NULL,'http://www.versace.com/'),(216,'e9598fc5-3744-4642-b390-88d216b6e04a',NULL,'范思哲','VERSACE COLLECTION',NULL,NULL,NULL,NULL,NULL,60,'35d9d8ba-5154-4f9d-8ceb-270cacf361e1',NULL,NULL,NULL,'http://www.versacecollection.com/'),(217,'f8090941-7182-4cbf-a13b-097c48675d8d',NULL,'范思哲牛仔','VERSACE JEANS',NULL,NULL,NULL,NULL,NULL,60,'35d9d8ba-5154-4f9d-8ceb-270cacf361e1',NULL,NULL,NULL,'http://www.versace-jeans.com/'),(218,'8c95f700-0edf-4723-9d33-21be071a4a7f',NULL,'范瑟丝','VERSUS',NULL,NULL,NULL,NULL,NULL,60,'35d9d8ba-5154-4f9d-8ceb-270cacf361e1',NULL,NULL,NULL,'http://www.versus.it/'),(219,'0ca755e1-d427-47a5-9c8a-1ee7a60b4746',NULL,'维维安-韦斯特伍德','VIVIENNE WESTWOOD',NULL,NULL,NULL,NULL,NULL,63,'c1f6fb46-0a44-4866-85da-c1f45f9f608c',NULL,NULL,NULL,'http://www.viviennewestwood.com/'),(220,'42d30eb9-f56c-4839-bc33-4bcc72fe35bd',NULL,'艾格','WEEKEND',NULL,NULL,NULL,NULL,NULL,15,'a6ccd099-4f36-41b4-aae2-0172f1d90fed',NULL,NULL,NULL,''),(221,'bab4af2f-118a-4d19-aa28-916ba06ed5a1',NULL,'Y-3','Y-3',NULL,NULL,NULL,NULL,NULL,13,'82929208-e50a-4238-9c7e-50d98e0dcb68',NULL,NULL,NULL,'http://www.y-3.com'),(222,'6413b977-c536-4c2c-834c-8da91c25d083',NULL,'杜旸','YANG DU',NULL,NULL,NULL,NULL,NULL,63,'c1f6fb46-0a44-4866-85da-c1f45f9f608c',NULL,NULL,NULL,'WWW.YANGDU-DUYANG.COM'),(223,'b09e7c0a-adf8-4db0-9742-9c75451f9bdc',NULL,'范思哲童装','YOUNG VERSACE',NULL,NULL,NULL,NULL,NULL,60,'35d9d8ba-5154-4f9d-8ceb-270cacf361e1',NULL,NULL,NULL,''),(224,'c88db104-2f27-4719-861f-eec51fc7244f',NULL,'Z杰尼亚','Z ZEGNA',NULL,NULL,NULL,NULL,NULL,60,'35d9d8ba-5154-4f9d-8ceb-270cacf361e1',NULL,NULL,NULL,'http://www.zegna.com/cn/z-zegna.html'),(225,'a856e787-d39f-4f21-90d2-44edb7dd5c03',NULL,'杰尼亚运动','ZEGNA SPORT',NULL,NULL,NULL,NULL,NULL,60,'35d9d8ba-5154-4f9d-8ceb-270cacf361e1',NULL,NULL,NULL,'http://www.zegna.com/cn/zegna-sport.html');

/*Table structure for table `temp_tb_brandgroup` */

DROP TABLE IF EXISTS `temp_tb_brandgroup`;

CREATE TABLE `temp_tb_brandgroup` (
  `id` int(10) unsigned NOT NULL COMMENT '主键id',
  `oldid` varchar(36) DEFAULT NULL COMMENT '老数据表主键id',
  `code` varchar(50) DEFAULT NULL,
  `name_cn` varchar(100) DEFAULT NULL COMMENT '中文名称',
  `name_en` varchar(100) DEFAULT NULL COMMENT '英文名称',
  `name_hk` varchar(100) DEFAULT NULL COMMENT '粤语名称',
  `name_fr` varchar(100) DEFAULT NULL COMMENT '法语名称',
  `name_it` varchar(100) DEFAULT NULL COMMENT '意大利语名称',
  `name_sp` varchar(100) DEFAULT NULL COMMENT '西班牙语名称',
  `name_de` varchar(100) DEFAULT NULL COMMENT '德语名称',
  PRIMARY KEY (`id`)
) ENGINE=InnoDB DEFAULT CHARSET=utf8mb4 COMMENT='品类表';

/*Data for the table `temp_tb_brandgroup` */

insert  into `temp_tb_brandgroup`(`id`,`oldid`,`code`,`name_cn`,`name_en`,`name_hk`,`name_fr`,`name_it`,`name_sp`,`name_de`) values (1,'3ADE19EA-975F-46F2-A79E-05F9A02A8E33','45','化妆品',NULL,NULL,NULL,NULL,NULL,NULL),(2,'865B5792-EAD7-4D22-954F-07EB86F40DBF','11','包袋',NULL,NULL,NULL,NULL,NULL,NULL),(3,'8E713AC4-4B40-4E26-ADAF-13A2A2CB45AB','34','儿童下装',NULL,NULL,NULL,NULL,NULL,NULL),(4,'6667BE3D-B439-46FB-960F-160C2DDDABA5','44','手表',NULL,NULL,NULL,NULL,NULL,NULL),(5,'3EB7DB63-7823-49C0-B61A-1FAB17F79E7E','31','儿童包袋/小皮具',NULL,NULL,NULL,NULL,NULL,NULL),(6,'27262411-794A-4210-AC19-20E93C47BF20','16','腰带',NULL,NULL,NULL,NULL,NULL,NULL),(7,'93ECE9D2-C259-4543-BDE4-315C7DDA605A','32','儿童配饰',NULL,NULL,NULL,NULL,NULL,NULL),(8,'317BBD3B-F300-495C-B1E3-5A21C8AA7FED','21','上装',NULL,NULL,NULL,NULL,NULL,NULL),(9,'29580304-8FBB-45A7-B760-5AB9589C2BB3','25','泳装内衣',NULL,NULL,NULL,NULL,NULL,NULL),(10,'B0AE41C7-76A6-45A4-894A-6557E3CD5DAC','12','小皮具',NULL,NULL,NULL,NULL,NULL,NULL),(11,'8F8917F8-1683-49B3-AECF-68D77B175544','22','裤装',NULL,NULL,NULL,NULL,NULL,NULL),(12,'6987AF33-EBF5-4375-978D-7188FCFDFE5D','37','儿童鞋靴',NULL,NULL,NULL,NULL,NULL,NULL),(13,'3665D523-EB12-423F-AB9D-78EDB8DEFD45','18','鞋靴',NULL,NULL,NULL,NULL,NULL,NULL),(14,'85C2C96B-251A-4E0C-8938-9A3FAE6747D8','33','儿童上装',NULL,NULL,NULL,NULL,NULL,NULL),(15,'6D6FA487-BB7C-4EF6-B73F-A7051F7712C3','23','裙装',NULL,NULL,NULL,NULL,NULL,NULL),(16,'89AAE782-3D1A-4CDA-ABFA-AAEF792BDBC3','42','高尔夫用具',NULL,NULL,NULL,NULL,NULL,NULL),(17,'91EAF12E-032B-4C24-81E7-B334824D44E4','17','文具',NULL,NULL,NULL,NULL,NULL,NULL),(18,'42121CEC-F337-42C4-AE64-D3F8605145B0','35','儿童裙装',NULL,NULL,NULL,NULL,NULL,NULL),(19,'FE5ECCB3-42E4-475A-8854-D5690EF7C58D','43','珠宝',NULL,NULL,NULL,NULL,NULL,NULL),(20,'C7BB0177-2C19-44BF-8482-DB98E8A1D88D','46','杂项',NULL,NULL,NULL,NULL,NULL,NULL),(21,'7301C752-2822-48D3-A572-E13B8B46CC88','24','套装',NULL,NULL,NULL,NULL,NULL,NULL),(22,'55371DF6-60FC-4330-A59E-EF7204CBFB73','36','儿童套装',NULL,NULL,NULL,NULL,NULL,NULL),(23,'F6F25A8E-B79B-4FDD-B20B-EFCF333D106B','15','眼镜',NULL,NULL,NULL,NULL,NULL,NULL),(24,'6A616346-4FBC-40C3-ACD5-F27A82FE7B72','13','配饰',NULL,NULL,NULL,NULL,NULL,NULL),(25,'3ADE19EA-975F-46F2-A79E-05F9A02A8E33','45','化妆品',NULL,NULL,NULL,NULL,NULL,NULL),(26,'865B5792-EAD7-4D22-954F-07EB86F40DBF','11','包袋',NULL,NULL,NULL,NULL,NULL,NULL),(27,'8E713AC4-4B40-4E26-ADAF-13A2A2CB45AB','34','儿童下装',NULL,NULL,NULL,NULL,NULL,NULL),(28,'6667BE3D-B439-46FB-960F-160C2DDDABA5','44','手表',NULL,NULL,NULL,NULL,NULL,NULL),(29,'3EB7DB63-7823-49C0-B61A-1FAB17F79E7E','31','儿童包袋/小皮具',NULL,NULL,NULL,NULL,NULL,NULL),(30,'27262411-794A-4210-AC19-20E93C47BF20','16','腰带',NULL,NULL,NULL,NULL,NULL,NULL),(31,'93ECE9D2-C259-4543-BDE4-315C7DDA605A','32','儿童配饰',NULL,NULL,NULL,NULL,NULL,NULL),(32,'317BBD3B-F300-495C-B1E3-5A21C8AA7FED','21','上装',NULL,NULL,NULL,NULL,NULL,NULL),(33,'29580304-8FBB-45A7-B760-5AB9589C2BB3','25','泳装内衣',NULL,NULL,NULL,NULL,NULL,NULL),(34,'B0AE41C7-76A6-45A4-894A-6557E3CD5DAC','12','小皮具',NULL,NULL,NULL,NULL,NULL,NULL),(35,'8F8917F8-1683-49B3-AECF-68D77B175544','22','裤装',NULL,NULL,NULL,NULL,NULL,NULL),(36,'6987AF33-EBF5-4375-978D-7188FCFDFE5D','37','儿童鞋靴',NULL,NULL,NULL,NULL,NULL,NULL),(37,'3665D523-EB12-423F-AB9D-78EDB8DEFD45','18','鞋靴',NULL,NULL,NULL,NULL,NULL,NULL),(38,'85C2C96B-251A-4E0C-8938-9A3FAE6747D8','33','儿童上装',NULL,NULL,NULL,NULL,NULL,NULL),(39,'6D6FA487-BB7C-4EF6-B73F-A7051F7712C3','23','裙装',NULL,NULL,NULL,NULL,NULL,NULL),(40,'89AAE782-3D1A-4CDA-ABFA-AAEF792BDBC3','42','高尔夫用具',NULL,NULL,NULL,NULL,NULL,NULL),(41,'91EAF12E-032B-4C24-81E7-B334824D44E4','17','文具',NULL,NULL,NULL,NULL,NULL,NULL),(42,'42121CEC-F337-42C4-AE64-D3F8605145B0','35','儿童裙装',NULL,NULL,NULL,NULL,NULL,NULL),(43,'FE5ECCB3-42E4-475A-8854-D5690EF7C58D','43','珠宝',NULL,NULL,NULL,NULL,NULL,NULL),(44,'C7BB0177-2C19-44BF-8482-DB98E8A1D88D','46','杂项',NULL,NULL,NULL,NULL,NULL,NULL),(45,'7301C752-2822-48D3-A572-E13B8B46CC88','24','套装',NULL,NULL,NULL,NULL,NULL,NULL),(46,'55371DF6-60FC-4330-A59E-EF7204CBFB73','36','儿童套装',NULL,NULL,NULL,NULL,NULL,NULL),(47,'F6F25A8E-B79B-4FDD-B20B-EFCF333D106B','15','眼镜',NULL,NULL,NULL,NULL,NULL,NULL),(48,'6A616346-4FBC-40C3-ACD5-F27A82FE7B72','13','配饰',NULL,NULL,NULL,NULL,NULL,NULL);

/*Table structure for table `temp_tb_brandgroupchild` */

DROP TABLE IF EXISTS `temp_tb_brandgroupchild`;

CREATE TABLE `temp_tb_brandgroupchild` (
  `id` int(10) unsigned NOT NULL COMMENT '主键id',
  `oldid` varchar(36) DEFAULT NULL COMMENT '老数据表主键id',
  `name_cn` varchar(100) DEFAULT NULL COMMENT '中文名称',
  `name_en` varchar(100) DEFAULT NULL COMMENT '英文名称',
  `name_hk` varchar(100) DEFAULT NULL COMMENT '粤语名称',
  `name_fr` varchar(100) DEFAULT NULL COMMENT '法语名称',
  `name_it` varchar(100) DEFAULT NULL COMMENT '意大利语名称',
  `name_sp` varchar(100) DEFAULT NULL COMMENT '西班牙语名称',
  `name_de` varchar(100) DEFAULT NULL COMMENT '德语名称',
  `brandgroupid` int(10) unsigned DEFAULT NULL COMMENT '品类主键id',
  `oldbrandgroupid` varchar(36) DEFAULT NULL COMMENT '老数据表品类主键id',
  `oldtempid` varchar(36) DEFAULT NULL COMMENT '老数据表模板主键id',
  PRIMARY KEY (`id`)
) ENGINE=InnoDB DEFAULT CHARSET=utf8mb4 COMMENT='子品类';

/*Data for the table `temp_tb_brandgroupchild` */

insert  into `temp_tb_brandgroupchild`(`id`,`oldid`,`name_cn`,`name_en`,`name_hk`,`name_fr`,`name_it`,`name_sp`,`name_de`,`brandgroupid`,`oldbrandgroupid`,`oldtempid`) values (1,'4134B4DD-1F26-4C55-9890-02DDEF580C36','腰包','WAIST BAG',NULL,NULL,NULL,NULL,NULL,2,'865B5792-EAD7-4D22-954F-07EB86F40DBF','NULL'),(2,'CD903A13-6971-41F9-A2AF-034D65FCD490','手帕','HANDKERCHIEF',NULL,NULL,NULL,NULL,NULL,24,'6A616346-4FBC-40C3-ACD5-F27A82FE7B72','A11E9A33-177E-4D18-99F1-28E5685C56AE'),(3,'558E1E0F-26D6-4A90-B4EC-049E580BB0EF','手饰','BRACELET',NULL,NULL,NULL,NULL,NULL,24,'6A616346-4FBC-40C3-ACD5-F27A82FE7B72','09BBEF5D-0805-4B3B-BB77-6C24A522B0FD'),(4,'490A6B28-05A0-4392-8A82-0533D41B45D1','T恤裙','T-SHIRT DRESS',NULL,NULL,NULL,NULL,NULL,15,'6D6FA487-BB7C-4EF6-B73F-A7051F7712C3','4BC4302C-5772-4F98-BB48-52617A58BBBC'),(5,'7A6B65E3-0E6B-48CF-BD56-0848BAD6A546','笔芯','REPLACEMENT PEN',NULL,NULL,NULL,NULL,NULL,17,'91EAF12E-032B-4C24-81E7-B334824D44E4','22FD3AD1-2468-4E08-9026-742CF9220EEC'),(6,'BBB4909D-8629-465A-A884-09745818BD63','儿童裤子','KID PANT',NULL,NULL,NULL,NULL,NULL,3,'8E713AC4-4B40-4E26-ADAF-13A2A2CB45AB','F77B05C8-BA34-4E52-9DF9-BFDE96A664D0'),(7,'F35C217F-B438-40C4-A0E6-097B1EA46F5D','毛衣','WOOLLEN',NULL,NULL,NULL,NULL,NULL,8,'317BBD3B-F300-495C-B1E3-5A21C8AA7FED','EEB06EEE-5A0B-401E-912F-3FC296FE1DC0'),(8,'D630AAD2-D7FC-48B9-BB85-09A538257D2A','斗篷','CAPPA',NULL,NULL,NULL,NULL,NULL,8,'317BBD3B-F300-495C-B1E3-5A21C8AA7FED','5509A2B4-C5BA-45AA-80CB-EB990370E431'),(9,'49E16A50-ABF8-49AA-894E-0A461D2E5E97','高筒靴','BOOTS',NULL,NULL,NULL,NULL,NULL,13,'3665D523-EB12-423F-AB9D-78EDB8DEFD45','03524953-BB55-474F-A039-640EA5157F4F'),(10,'B8F270CF-5B67-41CE-A236-0D1802C7E67C','打底裤','LEGGINGS',NULL,NULL,NULL,NULL,NULL,11,'8F8917F8-1683-49B3-AECF-68D77B175544','F77B05C8-BA34-4E52-9DF9-BFDE96A664D0'),(11,'25608CED-CE85-4586-B008-0D202098914A','毛衣裙','NULL',NULL,NULL,NULL,NULL,NULL,15,'6D6FA487-BB7C-4EF6-B73F-A7051F7712C3','NULL'),(12,'437BDDF6-4552-4B4B-A3B6-0E87A849C93A','儿童卫衣','KID SWEATER',NULL,NULL,NULL,NULL,NULL,14,'85C2C96B-251A-4E0C-8938-9A3FAE6747D8','1D4A7BE3-1341-45D8-A04B-1F04E944CFB0'),(13,'9071EE79-4D1F-4C61-94EB-1075261C09C5','儿童低帮休闲鞋','KID SNEAKER',NULL,NULL,NULL,NULL,NULL,12,'6987AF33-EBF5-4375-978D-7188FCFDFE5D','C2BE7484-81AB-4DCB-B829-F720525B93F4'),(14,'C42FA8B7-B33B-4F4A-A8A7-12F5B6DFB12A','光学镜','OPTICAL GLASS',NULL,NULL,NULL,NULL,NULL,23,'F6F25A8E-B79B-4FDD-B20B-EFCF333D106B','70B102D1-7B0A-436B-908B-A32EEA369C15'),(15,'041438DB-B92E-4ECD-95E9-1323549C267F','短裙','DRESS',NULL,NULL,NULL,NULL,NULL,15,'6D6FA487-BB7C-4EF6-B73F-A7051F7712C3','6F361B54-8AA7-4898-AA40-10EE7F1EE746'),(16,'65005D45-E4DE-4E4E-B378-14035C81E6D7','脚饰','FOOT WEAR',NULL,NULL,NULL,NULL,NULL,24,'6A616346-4FBC-40C3-ACD5-F27A82FE7B72','09BBEF5D-0805-4B3B-BB77-6C24A522B0FD'),(17,'AB3D0B09-6A92-49FC-8284-141362FDBA30','儿童腰带','KID BELT',NULL,NULL,NULL,NULL,NULL,5,'3EB7DB63-7823-49C0-B61A-1FAB17F79E7E','EA05C5F2-E7A2-42C5-A517-93CE761440A7'),(18,'3F2E1D00-2A83-407D-ABAF-1421F8608004','装饰玩具','NULL',NULL,NULL,NULL,NULL,NULL,7,'93ECE9D2-C259-4543-BDE4-315C7DDA605A','6BBA15B2-24B0-40F3-85C1-B2F4F36B5AF0'),(19,'B7AFEBD4-ADBC-405C-82C2-148C8293E8FC','坡跟凉拖鞋','SANDAL',NULL,NULL,NULL,NULL,NULL,13,'3665D523-EB12-423F-AB9D-78EDB8DEFD45','6477FA9D-89A2-46A8-956D-93810174D0E6'),(20,'36F7E3BD-B2DF-4A79-9C1E-1585492F387C','收纳盒','STORAGE BOX',NULL,NULL,NULL,NULL,NULL,2,'865B5792-EAD7-4D22-954F-07EB86F40DBF','7790FEAF-5834-437F-B41A-C5B3BCE65A2C'),(21,'98592CD7-D2A7-4C00-8807-161C76549D45','斜跨包','BAG',NULL,NULL,NULL,NULL,NULL,2,'865B5792-EAD7-4D22-954F-07EB86F40DBF','06311FAC-9E9D-4E9E-9DD6-346E0BB5F2BF'),(22,'5B1B3023-0BE5-47AB-A455-18AE30E641F1','围巾','SCRAVE',NULL,NULL,NULL,NULL,NULL,24,'6A616346-4FBC-40C3-ACD5-F27A82FE7B72','A11E9A33-177E-4D18-99F1-28E5685C56AE'),(23,'EDBF5934-89DB-43D5-9B9B-1A3FF42F41DC','长裙','DRESS',NULL,NULL,NULL,NULL,NULL,15,'6D6FA487-BB7C-4EF6-B73F-A7051F7712C3','6F361B54-8AA7-4898-AA40-10EE7F1EE746'),(24,'7220BE36-74E9-416D-A2C1-1C49800977DE','背包','BACK PACK',NULL,NULL,NULL,NULL,NULL,2,'865B5792-EAD7-4D22-954F-07EB86F40DBF','96C414C1-4C01-47BF-B7D3-2BCE4137B43F'),(25,'BFB5FDC2-4919-4BB6-8A82-1D31AFD2C6CA','连衣裙','DRESS',NULL,NULL,NULL,NULL,NULL,15,'6D6FA487-BB7C-4EF6-B73F-A7051F7712C3','CCC9BEC4-EEC8-4153-9019-F1E85ED12432'),(26,'706F62CB-CABF-4DE0-9EE0-1D7A794F4482','零钱包','COIN HOLER',NULL,NULL,NULL,NULL,NULL,10,'B0AE41C7-76A6-45A4-894A-6557E3CD5DAC','B118D9CD-00C3-4FC2-A460-28C2852EE82F'),(27,'43262A4F-45E7-49FA-B791-1E5F696D0BF0','钥匙包','KEY HOLER',NULL,NULL,NULL,NULL,NULL,10,'B0AE41C7-76A6-45A4-894A-6557E3CD5DAC','B118D9CD-00C3-4FC2-A460-28C2852EE82F'),(28,'2ECB1769-2BD2-4A20-A3C2-202E62A2FBC6','长袖T恤衫','T-SHIRT',NULL,NULL,NULL,NULL,NULL,8,'317BBD3B-F300-495C-B1E3-5A21C8AA7FED','0BCBF9AE-1E59-4BD3-8FE5-1545C95313D0'),(29,'43A22714-9FDA-4CDA-BEA7-22319738C004','正装裤','SUIT PANTS',NULL,NULL,NULL,NULL,NULL,11,'8F8917F8-1683-49B3-AECF-68D77B175544','F77B05C8-BA34-4E52-9DF9-BFDE96A664D0'),(30,'F0BDD523-6BE4-4D30-9EFA-22E77682AA04','提挎两用包','BAG',NULL,NULL,NULL,NULL,NULL,2,'865B5792-EAD7-4D22-954F-07EB86F40DBF','06311FAC-9E9D-4E9E-9DD6-346E0BB5F2BF'),(31,'AE436712-40C9-4D56-81A8-22E94AA55735','中筒靴','BOOTS',NULL,NULL,NULL,NULL,NULL,13,'3665D523-EB12-423F-AB9D-78EDB8DEFD45','03524953-BB55-474F-A039-640EA5157F4F'),(32,'89B27209-8041-457F-99DC-23808E4D9403','票据夹','BILL FOLDER',NULL,NULL,NULL,NULL,NULL,10,'B0AE41C7-76A6-45A4-894A-6557E3CD5DAC','B118D9CD-00C3-4FC2-A460-28C2852EE82F'),(33,'1FE033E9-2DBF-4927-8BF3-23FD780AFE26','婴儿套装礼盒','KID CRAWLING SUIT',NULL,NULL,NULL,NULL,NULL,22,'55371DF6-60FC-4330-A59E-EF7204CBFB73','0ED87C96-D14D-4AEC-B650-BBE4CEDE91EF'),(34,'238AF08C-AEAF-4692-B580-241BB72F1151','头饰','HEAD WEAR',NULL,NULL,NULL,NULL,NULL,24,'6A616346-4FBC-40C3-ACD5-F27A82FE7B72','6BBA15B2-24B0-40F3-85C1-B2F4F36B5AF0'),(35,'518725EB-887A-4805-8F84-24BDA2286C63','羽绒服','DOWN COAT',NULL,NULL,NULL,NULL,NULL,8,'317BBD3B-F300-495C-B1E3-5A21C8AA7FED','89448EA5-A31D-4023-9F9A-0E48F9B1686B'),(36,'E9ABBE20-3A13-44CC-8301-26ADF9169842','石英表','NULL',NULL,NULL,NULL,NULL,NULL,4,'6667BE3D-B439-46FB-960F-160C2DDDABA5','2FD1490D-25B1-456A-8551-F1B8698FF809'),(37,'D3D7BE7C-D234-4613-B91B-2770514F74B7','钥匙扣','KEY RING',NULL,NULL,NULL,NULL,NULL,24,'6A616346-4FBC-40C3-ACD5-F27A82FE7B72','8BD3F952-FD49-4EA0-B8E2-2AD0AF1FB8F6'),(38,'7DBB9403-2E2F-41A3-8C54-27F968A7FB3A','平底鞋松糕','PLATFORM SHOES',NULL,NULL,NULL,NULL,NULL,13,'3665D523-EB12-423F-AB9D-78EDB8DEFD45','C2BE7484-81AB-4DCB-B829-F720525B93F4'),(39,'FF97A0E4-600D-4549-8A2C-2904A1A02C83','长袖POLO衫','POLO',NULL,NULL,NULL,NULL,NULL,8,'317BBD3B-F300-495C-B1E3-5A21C8AA7FED','0BCBF9AE-1E59-4BD3-8FE5-1545C95313D0'),(40,'2C407C43-CA55-4E8C-9612-292C25CFBEF0','休闲套装','SUIT',NULL,NULL,NULL,NULL,NULL,21,'7301C752-2822-48D3-A572-E13B8B46CC88','1018D69C-B6B1-4E4A-960B-ADB54F48A51E'),(41,'DB0FF951-8AE2-4F99-BDB0-293123C29D97','羽绒针织外套','NULL',NULL,NULL,NULL,NULL,NULL,8,'317BBD3B-F300-495C-B1E3-5A21C8AA7FED','89448EA5-A31D-4023-9F9A-0E48F9B1686B'),(42,'64FDA3EA-2218-4D1A-88F7-2A4084D60917','帽子','HAT',NULL,NULL,NULL,NULL,NULL,24,'6A616346-4FBC-40C3-ACD5-F27A82FE7B72','58DBBA71-6EF3-42AE-A63B-14A09DD98434'),(43,'1B010BEC-3B86-43F2-B9A5-2A5E712FD5B2','儿童毛衣','KID WOOLLEN',NULL,NULL,NULL,NULL,NULL,14,'85C2C96B-251A-4E0C-8938-9A3FAE6747D8','EEB06EEE-5A0B-401E-912F-3FC296FE1DC0'),(44,'4FFC1F9B-6EB4-4704-A28C-2BDFA61D54BC','装饰玩具','NULL',NULL,NULL,NULL,NULL,NULL,24,'6A616346-4FBC-40C3-ACD5-F27A82FE7B72','6BBA15B2-24B0-40F3-85C1-B2F4F36B5AF0'),(45,'26720551-530B-4673-B134-2CED52ECC417','沙滩垫','BEACH MAT',NULL,NULL,NULL,NULL,NULL,24,'6A616346-4FBC-40C3-ACD5-F27A82FE7B72','A11E9A33-177E-4D18-99F1-28E5685C56AE'),(46,'42D59CB2-6F9A-4826-A2B8-2D55411372DB','背心','T-SHIRT',NULL,NULL,NULL,NULL,NULL,8,'317BBD3B-F300-495C-B1E3-5A21C8AA7FED','C10B1633-E157-46BA-9F31-254366E44ACA'),(47,'858C0A24-A46C-4EA9-8C9A-2EB94AA7D5A5','广告资料','NULL',NULL,NULL,NULL,NULL,NULL,20,'C7BB0177-2C19-44BF-8482-DB98E8A1D88D','NULL'),(48,'B0C37B6E-A147-4D17-977E-320180D31108','钱包','WALLET',NULL,NULL,NULL,NULL,NULL,10,'B0AE41C7-76A6-45A4-894A-6557E3CD5DAC','7590A392-2744-4C6A-95C8-B9B68045B8C1'),(49,'65294BCC-AA2B-4200-8558-3480E9689D82','卡包','CARD HOLDER',NULL,NULL,NULL,NULL,NULL,10,'B0AE41C7-76A6-45A4-894A-6557E3CD5DAC','B118D9CD-00C3-4FC2-A460-28C2852EE82F'),(50,'827D56E5-0B06-4947-8C3B-37FC3828E348','儿童高帮休闲鞋','KID SNEAKER',NULL,NULL,NULL,NULL,NULL,12,'6987AF33-EBF5-4375-978D-7188FCFDFE5D','C2BE7484-81AB-4DCB-B829-F720525B93F4'),(51,'9375210F-73BD-4FB1-9378-39C9DAB4AFC1','太阳镜','SUNGLASS',NULL,NULL,NULL,NULL,NULL,23,'F6F25A8E-B79B-4FDD-B20B-EFCF333D106B','70B102D1-7B0A-436B-908B-A32EEA369C15'),(52,'602E9E08-7BAA-41EA-B97E-39E23A57D49F','领带','TIE',NULL,NULL,NULL,NULL,NULL,24,'6A616346-4FBC-40C3-ACD5-F27A82FE7B72','327DFAF7-469C-44C4-8A17-B1A3A1826D18'),(53,'92992065-2044-47B6-A4EC-3A63D1EBBAE0','儿童牛仔裤','KID JEANS',NULL,NULL,NULL,NULL,NULL,3,'8E713AC4-4B40-4E26-ADAF-13A2A2CB45AB','NULL'),(54,'CDF6188D-C5AA-4131-B04C-3BA2D05C11AB','儿童背心','KID VEST',NULL,NULL,NULL,NULL,NULL,14,'85C2C96B-251A-4E0C-8938-9A3FAE6747D8','4BC4302C-5772-4F98-BB48-52617A58BBBC'),(55,'FBA8EA47-834D-4401-928C-3D078E37B0D6','休闲鞋低帮','SNEAKER',NULL,NULL,NULL,NULL,NULL,13,'3665D523-EB12-423F-AB9D-78EDB8DEFD45','C2BE7484-81AB-4DCB-B829-F720525B93F4'),(56,'218500EA-A9D1-4127-9D5D-3F19D79A2547','中跟凉拖鞋','HIGH HEEL SANDAL',NULL,NULL,NULL,NULL,NULL,13,'3665D523-EB12-423F-AB9D-78EDB8DEFD45','6477FA9D-89A2-46A8-956D-93810174D0E6'),(57,'BE582D99-873A-4B93-B4B7-3FDD7FA8A22C','礼服','FULL DRESS',NULL,NULL,NULL,NULL,NULL,15,'6D6FA487-BB7C-4EF6-B73F-A7051F7712C3','CCC9BEC4-EEC8-4153-9019-F1E85ED12432'),(58,'866EE8F2-2B1B-4EBC-8A5C-42DBE3AF8D5F','连体泳衣','PIECE SWIMSUIT',NULL,NULL,NULL,NULL,NULL,9,'29580304-8FBB-45A7-B760-5AB9589C2BB3','NULL'),(59,'E8B18162-ACD1-4C63-93D2-4390EED7A111','文胸套装','NULL',NULL,NULL,NULL,NULL,NULL,9,'29580304-8FBB-45A7-B760-5AB9589C2BB3','E6D9D190-1357-4FDB-A605-DD07C973B77B'),(60,'F35AE319-0079-475B-9661-463A2FD84733','穆勒鞋','SHOES',NULL,NULL,NULL,NULL,NULL,13,'3665D523-EB12-423F-AB9D-78EDB8DEFD45','6477FA9D-89A2-46A8-956D-93810174D0E6'),(61,'6967118E-0B96-4C5E-A1EA-4AB7A2055581','包背带','BAG BELT',NULL,NULL,NULL,NULL,NULL,24,'6A616346-4FBC-40C3-ACD5-F27A82FE7B72','EA05C5F2-E7A2-42C5-A517-93CE761440A7'),(62,'9E673EA1-600B-4BBE-A2D1-4B540D415B82','长款钱包','WALLET',NULL,NULL,NULL,NULL,NULL,10,'B0AE41C7-76A6-45A4-894A-6557E3CD5DAC','9C5ACC30-5663-4B51-A94F-2EA5C9747898'),(63,'13705F2F-2BAB-4320-9E45-4C2C4059C08E','高跟鞋(高跟)','HIGH HEEL',NULL,NULL,NULL,NULL,NULL,13,'3665D523-EB12-423F-AB9D-78EDB8DEFD45','6477FA9D-89A2-46A8-956D-93810174D0E6'),(64,'29A2EA6D-5F31-457C-9588-4ED37B780DBF','卫衣裙','SWEATER DRESS',NULL,NULL,NULL,NULL,NULL,15,'6D6FA487-BB7C-4EF6-B73F-A7051F7712C3','1D4A7BE3-1341-45D8-A04B-1F04E944CFB0'),(65,'3B15FDFF-1DAB-4088-95D0-4FF8354E11DD','运动服','SPORT SWEATER',NULL,NULL,NULL,NULL,NULL,8,'317BBD3B-F300-495C-B1E3-5A21C8AA7FED','1D4A7BE3-1341-45D8-A04B-1F04E944CFB0'),(66,'184CF0FD-91F6-4BB5-B840-53081F1A7642','婴儿包被','SLEEPING BAG',NULL,NULL,NULL,NULL,NULL,5,'3EB7DB63-7823-49C0-B61A-1FAB17F79E7E','A3B9F889-A539-4600-A99C-8BB2B3D5DA17'),(67,'3593E535-D5D7-4F5B-9CFC-53395AA2D785','平底鞋','SHOES',NULL,NULL,NULL,NULL,NULL,13,'3665D523-EB12-423F-AB9D-78EDB8DEFD45','8CDA2CA0-9687-48F5-81AC-F245440776F9'),(68,'80572AE6-22C5-4A7D-BC8C-54685AE04D3F','记事本','NOTE BOOK',NULL,NULL,NULL,NULL,NULL,17,'91EAF12E-032B-4C24-81E7-B334824D44E4','9C5ACC30-5663-4B51-A94F-2EA5C9747898'),(69,'C13E7E93-8099-4A12-9644-5546FFE4E894','连体裤','JUMPSUITS',NULL,NULL,NULL,NULL,NULL,11,'8F8917F8-1683-49B3-AECF-68D77B175544','FFC692C8-1DBA-4AA5-BD09-FD8A6DEEFA31'),(70,'A6E252FB-5C22-4F54-B3DC-555BE29B44FB','短袖衬衫','SHIRT',NULL,NULL,NULL,NULL,NULL,8,'317BBD3B-F300-495C-B1E3-5A21C8AA7FED','4BC4302C-5772-4F98-BB48-52617A58BBBC'),(71,'6A112131-8CCE-49D7-8DF0-5A8868C1292E','滑板','SKATE',NULL,NULL,NULL,NULL,NULL,24,'6A616346-4FBC-40C3-ACD5-F27A82FE7B72','7590A392-2744-4C6A-95C8-B9B68045B8C1'),(72,'BF9E3DF7-9F8E-4899-A9D9-5C49194D9659','内衣','NULL',NULL,NULL,NULL,NULL,NULL,9,'29580304-8FBB-45A7-B760-5AB9589C2BB3','NULL'),(73,'5C51AF96-B012-4892-B972-5E1AF35D9E52','领结','TIE',NULL,NULL,NULL,NULL,NULL,24,'6A616346-4FBC-40C3-ACD5-F27A82FE7B72','6BBA15B2-24B0-40F3-85C1-B2F4F36B5AF0'),(74,'F7C5F30F-4299-4298-8083-5E571A8EECE2','高跟鞋(厚水台)','HIGH HEEL',NULL,NULL,NULL,NULL,NULL,13,'3665D523-EB12-423F-AB9D-78EDB8DEFD45','6477FA9D-89A2-46A8-956D-93810174D0E6'),(75,'8F86E2B1-8938-4E84-813B-60E99AF85196','高跟鞋(鱼嘴)','HIGH HEEL',NULL,NULL,NULL,NULL,NULL,13,'3665D523-EB12-423F-AB9D-78EDB8DEFD45','6477FA9D-89A2-46A8-956D-93810174D0E6'),(76,'C38CF698-F65C-4672-8ECE-614BD344F2BF','儿童运动鞋','KID SNEAKER',NULL,NULL,NULL,NULL,NULL,12,'6987AF33-EBF5-4375-978D-7188FCFDFE5D','C2BE7484-81AB-4DCB-B829-F720525B93F4'),(77,'2710C17A-9C4D-41DE-B4DE-62A6D04F67FD','披肩','CAPPA',NULL,NULL,NULL,NULL,NULL,24,'6A616346-4FBC-40C3-ACD5-F27A82FE7B72','A11E9A33-177E-4D18-99F1-28E5685C56AE'),(78,'CECBBBA2-8D94-44A2-8738-62BE507322CF','中裙','DRESS',NULL,NULL,NULL,NULL,NULL,15,'6D6FA487-BB7C-4EF6-B73F-A7051F7712C3','6F361B54-8AA7-4898-AA40-10EE7F1EE746'),(79,'ED7EA77B-8069-4C5C-AB91-62D6E44660C0','儿童短袖T恤','KID T-SHIRT',NULL,NULL,NULL,NULL,NULL,14,'85C2C96B-251A-4E0C-8938-9A3FAE6747D8','4BC4302C-5772-4F98-BB48-52617A58BBBC'),(80,'B562507A-B0B4-4547-ACE6-637C27A63D7B','婴儿车','BABY CARRIAGE',NULL,NULL,NULL,NULL,NULL,24,'6A616346-4FBC-40C3-ACD5-F27A82FE7B72','5A31C3E9-9B25-4EFC-B2BB-AF7F3DD0D4D6'),(81,'FBE77B66-4BFB-4776-954A-65D1AAFBC1A2','手杖','WALKING STICK',NULL,NULL,NULL,NULL,NULL,24,'6A616346-4FBC-40C3-ACD5-F27A82FE7B72','40473357-AEE1-4880-AC52-98451EFC0013'),(82,'62AA5452-D9DD-405E-A0F6-6652A96B7B08','罩衫','KNIT',NULL,NULL,NULL,NULL,NULL,8,'317BBD3B-F300-495C-B1E3-5A21C8AA7FED','EEB06EEE-5A0B-401E-912F-3FC296FE1DC0'),(83,'8314F3E1-7DE9-476B-8F14-67F807BCABBC','女士套装','SUIT',NULL,NULL,NULL,NULL,NULL,21,'7301C752-2822-48D3-A572-E13B8B46CC88','1018D69C-B6B1-4E4A-960B-ADB54F48A51E'),(84,'AEEA6C38-B2D5-418E-A7D6-684217DC52E7','短袖T恤衫','T-SHIRT',NULL,NULL,NULL,NULL,NULL,8,'317BBD3B-F300-495C-B1E3-5A21C8AA7FED','4BC4302C-5772-4F98-BB48-52617A58BBBC'),(85,'4FA4422E-09D1-4E19-BA0A-685D6060251E','儿童发卡','KID HAIRPIN',NULL,NULL,NULL,NULL,NULL,5,'3EB7DB63-7823-49C0-B61A-1FAB17F79E7E','58DBBA71-6EF3-42AE-A63B-14A09DD98434'),(86,'F2F43880-C866-4516-A39F-69D0ADC8D732','低筒靴','BOOTS',NULL,NULL,NULL,NULL,NULL,13,'3665D523-EB12-423F-AB9D-78EDB8DEFD45','03524953-BB55-474F-A039-640EA5157F4F'),(87,'18B369C5-55B5-4607-B865-6A036253EFA0','西服套装','SUIT',NULL,NULL,NULL,NULL,NULL,21,'7301C752-2822-48D3-A572-E13B8B46CC88','1018D69C-B6B1-4E4A-960B-ADB54F48A51E'),(88,'BCEAA05A-68C0-473A-A77E-6A3FB85339E2','腰带套盒','BELT SUIT',NULL,NULL,NULL,NULL,NULL,6,'27262411-794A-4210-AC19-20E93C47BF20','EA05C5F2-E7A2-42C5-A517-93CE761440A7'),(89,'E8E5E6FE-CD6B-4572-9672-6A420D3D7109','儿童围巾','KID SCARVE',NULL,NULL,NULL,NULL,NULL,5,'3EB7DB63-7823-49C0-B61A-1FAB17F79E7E','A11E9A33-177E-4D18-99F1-28E5685C56AE'),(90,'45E542C1-006A-4573-BC62-6A670C751FB1','儿童靴子','KID BOOTS',NULL,NULL,NULL,NULL,NULL,12,'6987AF33-EBF5-4375-978D-7188FCFDFE5D','03524953-BB55-474F-A039-640EA5157F4F'),(91,'5CD9DB5F-3547-451C-9D78-6CDC3A6E607E','厚水台平底鞋','SNEAKER',NULL,NULL,NULL,NULL,NULL,13,'3665D523-EB12-423F-AB9D-78EDB8DEFD45','6477FA9D-89A2-46A8-956D-93810174D0E6'),(92,'1550A79A-DB64-47BC-9098-6D015625A700','儿童短袖POLO衫','KID POLO',NULL,NULL,NULL,NULL,NULL,14,'85C2C96B-251A-4E0C-8938-9A3FAE6747D8','4BC4302C-5772-4F98-BB48-52617A58BBBC'),(93,'AE2DAE2A-CA43-4A0F-8E7E-6D9E180466A6','装饰挂件','PENDANT',NULL,NULL,NULL,NULL,NULL,24,'6A616346-4FBC-40C3-ACD5-F27A82FE7B72','6BBA15B2-24B0-40F3-85C1-B2F4F36B5AF0'),(94,'0200E87D-5FB8-40F7-9F7B-6EE8587B3204','項饰','NECKLACE',NULL,NULL,NULL,NULL,NULL,24,'6A616346-4FBC-40C3-ACD5-F27A82FE7B72','09BBEF5D-0805-4B3B-BB77-6C24A522B0FD'),(95,'C71AB952-B41F-4A59-84A2-6F2F6CEC9A68','手套','GLOVES',NULL,NULL,NULL,NULL,NULL,24,'6A616346-4FBC-40C3-ACD5-F27A82FE7B72','BB99FC02-5D51-45C2-87B9-ADFF43EB716D'),(96,'87496DE8-EEA6-47D9-8B26-7039773B7CE7','皮草外套','FUR COAT',NULL,NULL,NULL,NULL,NULL,8,'317BBD3B-F300-495C-B1E3-5A21C8AA7FED','89448EA5-A31D-4023-9F9A-0E48F9B1686B'),(97,'6F668D22-4D12-4752-96CC-73E04E8730F3','卫衣','SWEATER',NULL,NULL,NULL,NULL,NULL,8,'317BBD3B-F300-495C-B1E3-5A21C8AA7FED','1D4A7BE3-1341-45D8-A04B-1F04E944CFB0'),(98,'4D005269-DC92-4D4A-8113-74F43FFE1528','夹克','JACKET',NULL,NULL,NULL,NULL,NULL,8,'317BBD3B-F300-495C-B1E3-5A21C8AA7FED','9E1A5D97-37D9-444C-80ED-5DA2482FA3F8'),(99,'676D0880-8CF2-4D0B-A61A-75AC0ADB3707','牛仔裤','JEANS',NULL,NULL,NULL,NULL,NULL,11,'8F8917F8-1683-49B3-AECF-68D77B175544','F77B05C8-BA34-4E52-9DF9-BFDE96A664D0'),(100,'7D3BD3B8-4712-4028-B6C0-774F3C9F9A19','儿童背包','KID BACK PACK',NULL,NULL,NULL,NULL,NULL,5,'3EB7DB63-7823-49C0-B61A-1FAB17F79E7E','96C414C1-4C01-47BF-B7D3-2BCE4137B43F'),(101,'CC1DF6C9-EF3B-48E7-A80C-78BBD1E4D4AC','西装','SUIT',NULL,NULL,NULL,NULL,NULL,8,'317BBD3B-F300-495C-B1E3-5A21C8AA7FED','969D4013-D448-445E-8EEB-2E4CFE5642F8'),(102,'467E7A38-B5DE-4162-A725-7A2905CD3A80','皮毛衣领','COLLAR',NULL,NULL,NULL,NULL,NULL,24,'6A616346-4FBC-40C3-ACD5-F27A82FE7B72','0BCBF9AE-1E59-4BD3-8FE5-1545C95313D0'),(103,'78EE1520-2665-4071-B6A7-7ACBB47B2926','儿童长袖POLO衫','KID POLO',NULL,NULL,NULL,NULL,NULL,14,'85C2C96B-251A-4E0C-8938-9A3FAE6747D8','0BCBF9AE-1E59-4BD3-8FE5-1545C95313D0'),(104,'F2A63E81-60A8-47FE-85F4-7C835ECF3083','平跟凉拖鞋','SANDAL SHOES',NULL,NULL,NULL,NULL,NULL,13,'3665D523-EB12-423F-AB9D-78EDB8DEFD45','6477FA9D-89A2-46A8-956D-93810174D0E6'),(105,'4F0F6533-7B34-4433-8357-7CA0AE28A6AC','儿童平底鞋','KID FLAT',NULL,NULL,NULL,NULL,NULL,12,'6987AF33-EBF5-4375-978D-7188FCFDFE5D','47597A31-3B97-46C5-B280-F8044FB79BCE'),(106,'3293BFEB-D402-4271-AE5C-7D636800AEE4','短裤','SHORTS',NULL,NULL,NULL,NULL,NULL,11,'8F8917F8-1683-49B3-AECF-68D77B175544','1FA94E64-B96B-4B8B-ADB8-C4A9B7B92DE6'),(107,'FF8F100B-519D-4B76-8D92-7E09352CCD68','儿童帽子','KID CAP',NULL,NULL,NULL,NULL,NULL,5,'3EB7DB63-7823-49C0-B61A-1FAB17F79E7E','58DBBA71-6EF3-42AE-A63B-14A09DD98434'),(108,'D4E1A60D-CFB7-419C-B792-7E863BD3D164','腰带带体','BELT',NULL,NULL,NULL,NULL,NULL,6,'27262411-794A-4210-AC19-20E93C47BF20','EA05C5F2-E7A2-42C5-A517-93CE761440A7'),(109,'6FC47658-AB0B-431B-94E8-7ECC084924D1','禁用12','NULL',NULL,NULL,NULL,NULL,NULL,8,'317BBD3B-F300-495C-B1E3-5A21C8AA7FED','1D4A7BE3-1341-45D8-A04B-1F04E944CFB0'),(110,'A1D51EE8-7560-4590-82FC-813302BAF0B0','墨水','INK',NULL,NULL,NULL,NULL,NULL,17,'91EAF12E-032B-4C24-81E7-B334824D44E4','NULL'),(111,'198BF89E-6112-4786-8582-82CF39955B94','休闲鞋平底','SNEAKER',NULL,NULL,NULL,NULL,NULL,13,'3665D523-EB12-423F-AB9D-78EDB8DEFD45','6477FA9D-89A2-46A8-956D-93810174D0E6'),(112,'2E0F9937-E421-43D0-A400-83C97C022A16','婴儿爬爬服','CRAWLING SUIT',NULL,NULL,NULL,NULL,NULL,14,'85C2C96B-251A-4E0C-8938-9A3FAE6747D8','0ED87C96-D14D-4AEC-B650-BBE4CEDE91EF'),(113,'7F9AD594-DDA2-479E-9DD8-85DFFADE8FC9','水杯','NULL',NULL,NULL,NULL,NULL,NULL,24,'6A616346-4FBC-40C3-ACD5-F27A82FE7B72','NULL'),(114,'08FA2DB4-E2A0-4FDD-A55C-8644233073D7','雪地靴','SNOW BOOTS',NULL,NULL,NULL,NULL,NULL,13,'3665D523-EB12-423F-AB9D-78EDB8DEFD45','8CDA2CA0-9687-48F5-81AC-F245440776F9'),(115,'120BC4EB-E4AD-4D85-AF93-87E7611CC273','笔记本芯','NOTE BOOK',NULL,NULL,NULL,NULL,NULL,17,'91EAF12E-032B-4C24-81E7-B334824D44E4','NULL'),(116,'EB80D9EB-D942-46AF-926A-8934823397D2','腰带扣','BELT CASE',NULL,NULL,NULL,NULL,NULL,6,'27262411-794A-4210-AC19-20E93C47BF20','EA05C5F2-E7A2-42C5-A517-93CE761440A7'),(117,'C201B3C4-C9EB-4CF9-9D4D-893F0DF1E860','比基尼','BIKINI',NULL,NULL,NULL,NULL,NULL,9,'29580304-8FBB-45A7-B760-5AB9589C2BB3','NULL'),(118,'42A3D558-5119-46F5-ABE2-8A77F0E64509','外套','JACKET',NULL,NULL,NULL,NULL,NULL,8,'317BBD3B-F300-495C-B1E3-5A21C8AA7FED','3AE6EA4B-473C-471F-B3FD-5AA158CE9F18'),(119,'3F3D0EDB-A1D7-40C6-9AA0-8DBBC5762C42','运动裤','TROUSERS',NULL,NULL,NULL,NULL,NULL,11,'8F8917F8-1683-49B3-AECF-68D77B175544','F77B05C8-BA34-4E52-9DF9-BFDE96A664D0'),(120,'5FB4696C-AB3C-4801-B386-8E28B43EAFA8','雨伞','UMBRELLA',NULL,NULL,NULL,NULL,NULL,24,'6A616346-4FBC-40C3-ACD5-F27A82FE7B72','ADC10A71-BCEB-4EDD-B609-B739C9BC3DA7'),(121,'E3B402C2-2355-4F7D-AA21-8EC99A995DFD','马甲','VEST',NULL,NULL,NULL,NULL,NULL,8,'317BBD3B-F300-495C-B1E3-5A21C8AA7FED','C10B1633-E157-46BA-9F31-254366E44ACA'),(122,'9A2D6F99-4677-4088-82B8-92AC4524AE59','包配件','BAG SHOULDER',NULL,NULL,NULL,NULL,NULL,2,'865B5792-EAD7-4D22-954F-07EB86F40DBF','DF51A227-76D1-43C0-8AE9-F4354DBCED18'),(123,'E5EE94A8-E6F6-42D3-962D-92BF4B264D93','休闲裤','TROUSERS',NULL,NULL,NULL,NULL,NULL,11,'8F8917F8-1683-49B3-AECF-68D77B175544','F77B05C8-BA34-4E52-9DF9-BFDE96A664D0'),(124,'1883BB04-8F86-480B-BB9D-93359D07F487','针织衫','KNIT',NULL,NULL,NULL,NULL,NULL,8,'317BBD3B-F300-495C-B1E3-5A21C8AA7FED','EEB06EEE-5A0B-401E-912F-3FC296FE1DC0'),(125,'1F846DC7-E6C1-4F12-B2E3-95BB25A340F7','长袖衬衫','SHIRT',NULL,NULL,NULL,NULL,NULL,8,'317BBD3B-F300-495C-B1E3-5A21C8AA7FED','0BCBF9AE-1E59-4BD3-8FE5-1545C95313D0'),(126,'5ACD151B-07D8-4A7B-BF6B-9728F13B558C','斗篷','CLOAK',NULL,NULL,NULL,NULL,NULL,24,'6A616346-4FBC-40C3-ACD5-F27A82FE7B72','5509A2B4-C5BA-45AA-80CB-EB990370E431'),(127,'E32113F0-DC70-43C6-9D40-9793F19AFB2C','儿童斗篷','KID CLOAK',NULL,NULL,NULL,NULL,NULL,14,'85C2C96B-251A-4E0C-8938-9A3FAE6747D8','5509A2B4-C5BA-45AA-80CB-EB990370E431'),(128,'5CBEEC1F-627A-4A8E-8350-9859AC810098','眼镜架','GLASS FRAME',NULL,NULL,NULL,NULL,NULL,23,'F6F25A8E-B79B-4FDD-B20B-EFCF333D106B','70B102D1-7B0A-436B-908B-A32EEA369C15'),(129,'0B5FFDCC-EC5C-4C53-B67C-996673A9241E','儿童手套','KID GLOVES',NULL,NULL,NULL,NULL,NULL,5,'3EB7DB63-7823-49C0-B61A-1FAB17F79E7E','BB99FC02-5D51-45C2-87B9-ADFF43EB716D'),(130,'739329B3-86DD-4C92-A47B-998E520536E4','儿童羽绒服','KID DOWN COAT',NULL,NULL,NULL,NULL,NULL,14,'85C2C96B-251A-4E0C-8938-9A3FAE6747D8','89448EA5-A31D-4023-9F9A-0E48F9B1686B'),(131,'4983E89C-9170-4C1C-B711-9B6DBD7C3611','打火机','LIGHTER',NULL,NULL,NULL,NULL,NULL,24,'6A616346-4FBC-40C3-ACD5-F27A82FE7B72','DF51A227-76D1-43C0-8AE9-F4354DBCED18'),(132,'7A302F55-5628-4407-A34C-9B8B90BAB97C','儿童包袋','KID BAG',NULL,NULL,NULL,NULL,NULL,5,'3EB7DB63-7823-49C0-B61A-1FAB17F79E7E','06311FAC-9E9D-4E9E-9DD6-346E0BB5F2BF'),(133,'F60B9F5A-1EEB-40AF-98AA-9D537DC8482B','儿童羽绒背心','KID DOWN VEST',NULL,NULL,NULL,NULL,NULL,14,'85C2C96B-251A-4E0C-8938-9A3FAE6747D8','C10B1633-E157-46BA-9F31-254366E44ACA'),(134,'A74873F5-C8BD-434E-8413-9F784EF6AE86','厚水台靴','BOOTS',NULL,NULL,NULL,NULL,NULL,13,'3665D523-EB12-423F-AB9D-78EDB8DEFD45','03524953-BB55-474F-A039-640EA5157F4F'),(135,'D22542DD-A139-4361-8844-A0638FCCF3D7','高跟鞋(中跟)','HIGH HEEL',NULL,NULL,NULL,NULL,NULL,13,'3665D523-EB12-423F-AB9D-78EDB8DEFD45','6477FA9D-89A2-46A8-956D-93810174D0E6'),(136,'2E268AB0-40A6-4810-B278-A0B3DB424AF7','儿童背带裤','KID ROMPERS',NULL,NULL,NULL,NULL,NULL,3,'8E713AC4-4B40-4E26-ADAF-13A2A2CB45AB','NULL'),(137,'465735E6-D129-444F-BA2B-A0DE55ACD1A5','腰带','BELT',NULL,NULL,NULL,NULL,NULL,6,'27262411-794A-4210-AC19-20E93C47BF20','EA05C5F2-E7A2-42C5-A517-93CE761440A7'),(138,'07FFD468-A93C-4C66-925B-A0E74696975B','高跟鞋(坡跟)','HIGH HEEL',NULL,NULL,NULL,NULL,NULL,13,'3665D523-EB12-423F-AB9D-78EDB8DEFD45','C2BE7484-81AB-4DCB-B829-F720525B93F4'),(139,'A8786384-173C-43A3-9C6B-A1BA6B104435','婚纱裙','WEDDING DRESS',NULL,NULL,NULL,NULL,NULL,15,'6D6FA487-BB7C-4EF6-B73F-A7051F7712C3','CCC9BEC4-EEC8-4153-9019-F1E85ED12432'),(140,'C7650D57-9D61-40E3-A687-A235C6133577','手包','HAND BAG',NULL,NULL,NULL,NULL,NULL,10,'B0AE41C7-76A6-45A4-894A-6557E3CD5DAC','B6918CED-7372-4388-8662-CD7C1769C73D'),(141,'45623584-436B-4214-9669-A2D29CF517AD','袖扣','CUFFLINKS',NULL,NULL,NULL,NULL,NULL,24,'6A616346-4FBC-40C3-ACD5-F27A82FE7B72','6BBA15B2-24B0-40F3-85C1-B2F4F36B5AF0'),(142,'35D0692B-2399-4A12-ABBB-A54BEC0E0441','护照夹','PASSPORT CASE',NULL,NULL,NULL,NULL,NULL,10,'B0AE41C7-76A6-45A4-894A-6557E3CD5DAC','B118D9CD-00C3-4FC2-A460-28C2852EE82F'),(143,'706CEA01-D7EC-475D-A68D-A603FC0B643B','文胸','BRA',NULL,NULL,NULL,NULL,NULL,9,'29580304-8FBB-45A7-B760-5AB9589C2BB3','NULL'),(144,'55C587BB-B7CA-42F8-8148-A9AE971DEF74','耳饰','EARRINGS',NULL,NULL,NULL,NULL,NULL,24,'6A616346-4FBC-40C3-ACD5-F27A82FE7B72','6BBA15B2-24B0-40F3-85C1-B2F4F36B5AF0'),(145,'9FB31D93-F54A-41C3-8C5E-AA6EDC2F5DFA','睡衣','PAJAMAS',NULL,NULL,NULL,NULL,NULL,9,'29580304-8FBB-45A7-B760-5AB9589C2BB3','NULL'),(146,'D68162A4-A075-4E57-AD88-ABEF7BC569A0','戒指','RING',NULL,NULL,NULL,NULL,NULL,24,'6A616346-4FBC-40C3-ACD5-F27A82FE7B72','09BBEF5D-0805-4B3B-BB77-6C24A522B0FD'),(147,'30ED0FE0-EB01-4A27-8193-AF57317C635B','坡跟靴','HIGH HEEL',NULL,NULL,NULL,NULL,NULL,13,'3665D523-EB12-423F-AB9D-78EDB8DEFD45','6477FA9D-89A2-46A8-956D-93810174D0E6'),(148,'A0CECF46-188E-4A80-B722-B106AEAA7600','爬服套装','KID CRAWLING SUIT',NULL,NULL,NULL,NULL,NULL,21,'7301C752-2822-48D3-A572-E13B8B46CC88','0ED87C96-D14D-4AEC-B650-BBE4CEDE91EF'),(149,'6C8A6D50-9202-45FE-A009-B16D7BE56F21','鞋拔','SHOEHORN',NULL,NULL,NULL,NULL,NULL,24,'6A616346-4FBC-40C3-ACD5-F27A82FE7B72','40473357-AEE1-4880-AC52-98451EFC0013'),(150,'1734EC7D-FD18-4AE8-8BEC-B34B9E8A037D','钢笔','PEN',NULL,NULL,NULL,NULL,NULL,17,'91EAF12E-032B-4C24-81E7-B334824D44E4','22FD3AD1-2468-4E08-9026-742CF9220EEC'),(151,'CDDB2221-A195-4505-8E10-B3AB3DD5B37D','婴儿抱被','SLEEPING BAG',NULL,NULL,NULL,NULL,NULL,24,'6A616346-4FBC-40C3-ACD5-F27A82FE7B72','A3B9F889-A539-4600-A99C-8BB2B3D5DA17'),(152,'C70CB947-2C23-4176-878A-B42A3ABA63AE','运动套装','SPORT SUIT',NULL,NULL,NULL,NULL,NULL,21,'7301C752-2822-48D3-A572-E13B8B46CC88','1018D69C-B6B1-4E4A-960B-ADB54F48A51E'),(153,'52BAC458-E218-4505-98C4-B48EACDCCFDD','儿童衬衫','KID SHIRT',NULL,NULL,NULL,NULL,NULL,14,'85C2C96B-251A-4E0C-8938-9A3FAE6747D8','0BCBF9AE-1E59-4BD3-8FE5-1545C95313D0'),(154,'800EA2C1-B252-4619-8A63-B502A865DC21','厚水台凉拖鞋','SANDAL',NULL,NULL,NULL,NULL,NULL,13,'3665D523-EB12-423F-AB9D-78EDB8DEFD45','6477FA9D-89A2-46A8-956D-93810174D0E6'),(155,'1946DDF1-2A77-45D0-B7DA-BAC5E61AE138','雨靴','RAIN BOOTS',NULL,NULL,NULL,NULL,NULL,13,'3665D523-EB12-423F-AB9D-78EDB8DEFD45','03524953-BB55-474F-A039-640EA5157F4F'),(156,'BDAFB665-A6E1-4AAE-AD8C-BADEEEBBDBA8','公文包','BAG',NULL,NULL,NULL,NULL,NULL,2,'865B5792-EAD7-4D22-954F-07EB86F40DBF','D4ADF8A3-CFA4-4541-9C7D-341A6896CE0C'),(157,'780AE8F9-6D9A-4474-B92C-BB0AC6BE02A4','袜子','SOCKS',NULL,NULL,NULL,NULL,NULL,24,'6A616346-4FBC-40C3-ACD5-F27A82FE7B72','8C596E58-EC4D-468A-A7EF-FF874D920B54'),(158,'6D54BD06-2189-41CF-9C3E-BDA08B3B1393','铅笔','PENCIL',NULL,NULL,NULL,NULL,NULL,17,'91EAF12E-032B-4C24-81E7-B334824D44E4','22FD3AD1-2468-4E08-9026-742CF9220EEC'),(159,'8C2F7B79-2288-4F6E-B40D-BFB53B8395A9','浴袍','BATHROBE',NULL,NULL,NULL,NULL,NULL,9,'29580304-8FBB-45A7-B760-5AB9589C2BB3','1D4A7BE3-1341-45D8-A04B-1F04E944CFB0'),(160,'44E71FEF-2396-4E18-BC0C-C004F20493D5','平底渔夫鞋','FISHERMAN SHOES',NULL,NULL,NULL,NULL,NULL,13,'3665D523-EB12-423F-AB9D-78EDB8DEFD45','47597A31-3B97-46C5-B280-F8044FB79BCE'),(161,'2376660C-B00A-4562-85D3-C00B92A8F91E','儿童浴袍','KID BATHROBE',NULL,NULL,NULL,NULL,NULL,14,'85C2C96B-251A-4E0C-8938-9A3FAE6747D8','A3B9F889-A539-4600-A99C-8BB2B3D5DA17'),(162,'FF2F8D46-7800-445F-97F1-C04F500BCBCF','儿童凉鞋','KID SANDALS',NULL,NULL,NULL,NULL,NULL,12,'6987AF33-EBF5-4375-978D-7188FCFDFE5D','6477FA9D-89A2-46A8-956D-93810174D0E6'),(163,'074B0EA3-52E4-4F1D-9149-C0D78863683F','儿童袜子','NULL',NULL,NULL,NULL,NULL,NULL,5,'3EB7DB63-7823-49C0-B61A-1FAB17F79E7E','8C596E58-EC4D-468A-A7EF-FF874D920B54'),(164,'FAFE9548-6306-4477-8268-C1FCFF09A235','开衫','KNIT',NULL,NULL,NULL,NULL,NULL,8,'317BBD3B-F300-495C-B1E3-5A21C8AA7FED','EEB06EEE-5A0B-401E-912F-3FC296FE1DC0'),(165,'A135640D-1F2C-4D8E-BCA3-C385A91F3974','儿童短裤','KID SHORT',NULL,NULL,NULL,NULL,NULL,3,'8E713AC4-4B40-4E26-ADAF-13A2A2CB45AB','F77B05C8-BA34-4E52-9DF9-BFDE96A664D0'),(166,'2E1FB0D8-7A18-46B1-8EA5-C39CED029B7A','儿童高跟鞋','KID HIGH HEEL',NULL,NULL,NULL,NULL,NULL,12,'6987AF33-EBF5-4375-978D-7188FCFDFE5D','D2EF2FD2-7783-4DC4-A3E4-169C07CAED2F'),(167,'6A3AC9F2-4279-4E16-B68E-C440FE454C83','塑身衣','NULL',NULL,NULL,NULL,NULL,NULL,9,'29580304-8FBB-45A7-B760-5AB9589C2BB3','NULL'),(168,'92F2D920-1B3F-4C97-9674-C52145F269E8','儿童防寒服','KID DOWN COAT',NULL,NULL,NULL,NULL,NULL,14,'85C2C96B-251A-4E0C-8938-9A3FAE6747D8','89448EA5-A31D-4023-9F9A-0E48F9B1686B'),(169,'7B814EB4-7482-4A47-81D8-C819454A83A7','婴儿车','BABY CARRIAGE',NULL,NULL,NULL,NULL,NULL,5,'3EB7DB63-7823-49C0-B61A-1FAB17F79E7E','5A31C3E9-9B25-4EFC-B2BB-AF7F3DD0D4D6'),(170,'F6AC5B12-EBF2-4765-A8AD-C918D86D3F6D','儿童芭蕾舞鞋','KID BALLET SHOES',NULL,NULL,NULL,NULL,NULL,12,'6987AF33-EBF5-4375-978D-7188FCFDFE5D','D2EF2FD2-7783-4DC4-A3E4-169C07CAED2F'),(171,'A2324EE0-7105-4BEE-ABA6-CA7BB9CC1064','吊带裙，衫','NULL',NULL,NULL,NULL,NULL,NULL,9,'29580304-8FBB-45A7-B760-5AB9589C2BB3','NULL'),(172,'AB1E2EAC-4ABC-4876-AADF-CACA08E9E5DC','浴巾','BATH TOWEL',NULL,NULL,NULL,NULL,NULL,24,'6A616346-4FBC-40C3-ACD5-F27A82FE7B72','A11E9A33-177E-4D18-99F1-28E5685C56AE'),(173,'07A49811-1C26-400B-8810-CC0348ECFD4B','背带裤','ROMPERS',NULL,NULL,NULL,NULL,NULL,11,'8F8917F8-1683-49B3-AECF-68D77B175544','FFC692C8-1DBA-4AA5-BD09-FD8A6DEEFA31'),(174,'D0127A90-544B-4201-9FBE-CCE0915A3881','化妆包','MAKEUP CASE',NULL,NULL,NULL,NULL,NULL,10,'B0AE41C7-76A6-45A4-894A-6557E3CD5DAC','B6918CED-7372-4388-8662-CD7C1769C73D'),(175,'01B610F4-5C39-49D7-BB00-CDAA92426510','儿童运动套装','KID SPORT SUIT',NULL,NULL,NULL,NULL,NULL,22,'55371DF6-60FC-4330-A59E-EF7204CBFB73','8879ABBA-8C05-4534-8386-5CF2C893D406'),(176,'DA3ECC71-55AA-4D34-BFBD-CE6C3FE477B2','上衣','NULL',NULL,NULL,NULL,NULL,NULL,8,'317BBD3B-F300-495C-B1E3-5A21C8AA7FED','NULL'),(177,'809C3645-D22A-4427-A3FD-CE795A4ADD08','平板电脑套','LAPTOP CASE',NULL,NULL,NULL,NULL,NULL,24,'6A616346-4FBC-40C3-ACD5-F27A82FE7B72','7590A392-2744-4C6A-95C8-B9B68045B8C1'),(178,'34F32CC3-011C-42E0-9431-CE7D0B2C8C93','手拿包','POUCH',NULL,NULL,NULL,NULL,NULL,10,'B0AE41C7-76A6-45A4-894A-6557E3CD5DAC','B6918CED-7372-4388-8662-CD7C1769C73D'),(179,'1886AB15-EAC6-489E-B45C-CF3B36A34519','儿童太阳镜','KID GLASSES',NULL,NULL,NULL,NULL,NULL,5,'3EB7DB63-7823-49C0-B61A-1FAB17F79E7E','70B102D1-7B0A-436B-908B-A32EEA369C15'),(180,'BF72CF27-878E-405F-9449-D3159B9B4BB4','手提包','BAG',NULL,NULL,NULL,NULL,NULL,2,'865B5792-EAD7-4D22-954F-07EB86F40DBF','62CB1CA1-C029-40F0-BC20-B8933B308C4E'),(181,'9D726201-DFD6-43A4-B70C-D34B28906F33','短袖POLO衫','POLO',NULL,NULL,NULL,NULL,NULL,8,'317BBD3B-F300-495C-B1E3-5A21C8AA7FED','4BC4302C-5772-4F98-BB48-52617A58BBBC'),(182,'BDC8D122-D804-4B92-9DFE-D526EAF51E3B','运动鞋','SNEAKER',NULL,NULL,NULL,NULL,NULL,13,'3665D523-EB12-423F-AB9D-78EDB8DEFD45','C2BE7484-81AB-4DCB-B829-F720525B93F4'),(183,'3EDC155B-C2BA-4219-8E57-D6E1F49B2814','围巾','NULL',NULL,NULL,NULL,NULL,NULL,7,'93ECE9D2-C259-4543-BDE4-315C7DDA605A','A11E9A33-177E-4D18-99F1-28E5685C56AE'),(184,'0C17D09A-3E0A-4A37-AEB3-D7246DDC8412','平底鞋乐福','LOAFER SHOES',NULL,NULL,NULL,NULL,NULL,13,'3665D523-EB12-423F-AB9D-78EDB8DEFD45','8CDA2CA0-9687-48F5-81AC-F245440776F9'),(185,'26969070-CD83-4905-BAAA-D72ACC84DA30','泳裤','SWIM SHORT',NULL,NULL,NULL,NULL,NULL,9,'29580304-8FBB-45A7-B760-5AB9589C2BB3','E6D9D190-1357-4FDB-A605-DD07C973B77B'),(186,'0FB54922-1E3B-496D-AA2C-D77202E46A4B','棉服','JACKET',NULL,NULL,NULL,NULL,NULL,8,'317BBD3B-F300-495C-B1E3-5A21C8AA7FED','89448EA5-A31D-4023-9F9A-0E48F9B1686B'),(187,'8474A587-E6F9-474C-99CF-D81DF3603CEE','内增高休闲鞋','SNEAKER',NULL,NULL,NULL,NULL,NULL,13,'3665D523-EB12-423F-AB9D-78EDB8DEFD45','D2EF2FD2-7783-4DC4-A3E4-169C07CAED2F'),(188,'B095D5C7-6FE1-40D1-8A9C-D8543280C924','笔套','PEN CASE',NULL,NULL,NULL,NULL,NULL,17,'91EAF12E-032B-4C24-81E7-B334824D44E4','22FD3AD1-2468-4E08-9026-742CF9220EEC'),(189,'102194B2-C5F5-47A0-A2C5-D8C0B8117A08','儿童雨靴','KID RAIN BOOTS',NULL,NULL,NULL,NULL,NULL,12,'6987AF33-EBF5-4375-978D-7188FCFDFE5D','03524953-BB55-474F-A039-640EA5157F4F'),(190,'281E2D2F-095C-42C4-B11C-D914270FDE38','爬爬服','CRAWLING SUIT',NULL,NULL,NULL,NULL,NULL,8,'317BBD3B-F300-495C-B1E3-5A21C8AA7FED','0ED87C96-D14D-4AEC-B650-BBE4CEDE91EF'),(191,'96032868-1023-477F-AC16-DA0450B3F6E3','皮衣','JACKET',NULL,NULL,NULL,NULL,NULL,8,'317BBD3B-F300-495C-B1E3-5A21C8AA7FED','9E1A5D97-37D9-444C-80ED-5DA2482FA3F8'),(192,'1A2572F3-3C21-4180-8889-DC035B4219F3','胸饰','BROOCH',NULL,NULL,NULL,NULL,NULL,24,'6A616346-4FBC-40C3-ACD5-F27A82FE7B72','6BBA15B2-24B0-40F3-85C1-B2F4F36B5AF0'),(193,'0C06E65C-A726-47AA-B8A2-DC4BCCCA0867','儿童长袖T恤','KID T-SHIRT',NULL,NULL,NULL,NULL,NULL,14,'85C2C96B-251A-4E0C-8938-9A3FAE6747D8','0BCBF9AE-1E59-4BD3-8FE5-1545C95313D0'),(194,'08D549B4-4359-4C0C-954C-DD549258116C','旅行箱包','SUITCASE',NULL,NULL,NULL,NULL,NULL,2,'865B5792-EAD7-4D22-954F-07EB86F40DBF','ADD54E4D-F93B-4360-B6A0-F5B730735E15'),(195,'510C895E-B180-4813-8BA3-DD785A9F415E','休闲鞋高帮','SNEAKER',NULL,NULL,NULL,NULL,NULL,13,'3665D523-EB12-423F-AB9D-78EDB8DEFD45','C2BE7484-81AB-4DCB-B829-F720525B93F4'),(196,'4A9B4C55-9325-4D8D-9B0A-DDDACFE942DF','牛仔裙','JEANS SKIRT',NULL,NULL,NULL,NULL,NULL,15,'6D6FA487-BB7C-4EF6-B73F-A7051F7712C3','6F361B54-8AA7-4898-AA40-10EE7F1EE746'),(197,'8DD6726C-F7FF-4AE8-AD70-DED49BA102B7','羽绒服背心','DWON COAT VEST',NULL,NULL,NULL,NULL,NULL,8,'317BBD3B-F300-495C-B1E3-5A21C8AA7FED','C10B1633-E157-46BA-9F31-254366E44ACA'),(198,'B4B8B828-4A81-48C6-8D6B-E02D01090AA2','儿童针织衫','KID KNIT',NULL,NULL,NULL,NULL,NULL,14,'85C2C96B-251A-4E0C-8938-9A3FAE6747D8','EEB06EEE-5A0B-401E-912F-3FC296FE1DC0'),(199,'E343B298-ED39-4BEA-B6F3-E35FAA6CE489','正装鞋','SHOES',NULL,NULL,NULL,NULL,NULL,13,'3665D523-EB12-423F-AB9D-78EDB8DEFD45','8CDA2CA0-9687-48F5-81AC-F245440776F9'),(200,'6D279BDE-AF9C-4493-B0BF-E54728351A89','机械表','NULL',NULL,NULL,NULL,NULL,NULL,4,'6667BE3D-B439-46FB-960F-160C2DDDABA5','2FD1490D-25B1-456A-8551-F1B8698FF809'),(201,'A7FD38DF-1C1A-4A66-B93D-E5937A8157B8','浴巾','washcloth',NULL,NULL,NULL,NULL,NULL,9,'29580304-8FBB-45A7-B760-5AB9589C2BB3','NULL'),(202,'3BAFBD68-CE29-4E1A-A201-E7DEB6796639','高跟凉拖鞋','HIGH HEEL SANDAL',NULL,NULL,NULL,NULL,NULL,13,'3665D523-EB12-423F-AB9D-78EDB8DEFD45','6477FA9D-89A2-46A8-956D-93810174D0E6'),(203,'E4D55E7D-B06E-43A1-9CBF-E81D592537F2','儿童棉服','KID JACKET',NULL,NULL,NULL,NULL,NULL,14,'85C2C96B-251A-4E0C-8938-9A3FAE6747D8','89448EA5-A31D-4023-9F9A-0E48F9B1686B'),(204,'6A96D2DD-A9F3-4FF6-B438-E94FD9B02CD5','儿童裙子','KID SKIRT',NULL,NULL,NULL,NULL,NULL,3,'8E713AC4-4B40-4E26-ADAF-13A2A2CB45AB','6F361B54-8AA7-4898-AA40-10EE7F1EE746'),(205,'57C5B8B0-6B20-446D-82B2-E9F81BC4FBC6','头盔','CASQUE',NULL,NULL,NULL,NULL,NULL,24,'6A616346-4FBC-40C3-ACD5-F27A82FE7B72','58DBBA71-6EF3-42AE-A63B-14A09DD98434'),(206,'F53B95F8-45A0-44CF-A0D7-EF41A842F436','儿童连衣裙','KID DRESS',NULL,NULL,NULL,NULL,NULL,3,'8E713AC4-4B40-4E26-ADAF-13A2A2CB45AB','CCC9BEC4-EEC8-4153-9019-F1E85ED12432'),(207,'BA4091B7-4A5F-4DFC-89BE-F20948E8E0A2','圆珠笔','BALL PEN',NULL,NULL,NULL,NULL,NULL,17,'91EAF12E-032B-4C24-81E7-B334824D44E4','22FD3AD1-2468-4E08-9026-742CF9220EEC'),(208,'B5EA6495-5BC1-465C-B15D-F25BD6D22960','高跟鞋(低跟)','HIGH HEEL',NULL,NULL,NULL,NULL,NULL,13,'3665D523-EB12-423F-AB9D-78EDB8DEFD45','6477FA9D-89A2-46A8-956D-93810174D0E6'),(209,'0F63DFAA-0570-4586-80B9-F4E78E2F59B3','手机套','PHONE CASE',NULL,NULL,NULL,NULL,NULL,24,'6A616346-4FBC-40C3-ACD5-F27A82FE7B72','A7D5B21C-9731-4740-9B2A-E9465907C4D2'),(210,'EF2D2CBB-788D-419D-A0E0-F648F13A7073','儿童外套','KID COAT',NULL,NULL,NULL,NULL,NULL,14,'85C2C96B-251A-4E0C-8938-9A3FAE6747D8','3AE6EA4B-473C-471F-B3FD-5AA158CE9F18'),(211,'A4EE2886-7266-4C62-AFA2-F7310CDF2688','丝巾','SILK',NULL,NULL,NULL,NULL,NULL,24,'6A616346-4FBC-40C3-ACD5-F27A82FE7B72','A11E9A33-177E-4D18-99F1-28E5685C56AE'),(212,'8D14AB90-C80A-4C7C-BF21-F81B199F43E5','风衣','RAIN COAT',NULL,NULL,NULL,NULL,NULL,8,'317BBD3B-F300-495C-B1E3-5A21C8AA7FED','3AE6EA4B-473C-471F-B3FD-5AA158CE9F18'),(213,'5AC1AC03-8D84-45AF-9428-F86A07536923','内裤','UNDERCLOTH',NULL,NULL,NULL,NULL,NULL,9,'29580304-8FBB-45A7-B760-5AB9589C2BB3','E6D9D190-1357-4FDB-A605-DD07C973B77B'),(214,'DE7B79ED-B62D-4D66-8DA9-FB5E35A68BEF','领带夹','TIE CLIP',NULL,NULL,NULL,NULL,NULL,24,'6A616346-4FBC-40C3-ACD5-F27A82FE7B72','6BBA15B2-24B0-40F3-85C1-B2F4F36B5AF0'),(215,'57EF1A72-F4AC-4963-AA66-FD0EEB64E832','大衣','COAT',NULL,NULL,NULL,NULL,NULL,8,'317BBD3B-F300-495C-B1E3-5A21C8AA7FED','3AE6EA4B-473C-471F-B3FD-5AA158CE9F18'),(216,'DEB9646D-571B-4BDB-B958-FD367A348B70','名片夹','NAME CARD HOLDER',NULL,NULL,NULL,NULL,NULL,10,'B0AE41C7-76A6-45A4-894A-6557E3CD5DAC','B118D9CD-00C3-4FC2-A460-28C2852EE82F'),(217,'5732816F-357A-49C4-9112-FD396DD233F9','签字笔','SIGNATURE PEN',NULL,NULL,NULL,NULL,NULL,17,'91EAF12E-032B-4C24-81E7-B334824D44E4','22FD3AD1-2468-4E08-9026-742CF9220EEC'),(218,'A975126C-D296-4764-BA38-FE87C490311B','衣领','NULL',NULL,NULL,NULL,NULL,NULL,24,'6A616346-4FBC-40C3-ACD5-F27A82FE7B72','NULL'),(219,'4134B4DD-1F26-4C55-9890-02DDEF580C36','腰包','WAIST BAG',NULL,NULL,NULL,NULL,NULL,2,'865B5792-EAD7-4D22-954F-07EB86F40DBF','NULL'),(220,'CD903A13-6971-41F9-A2AF-034D65FCD490','手帕','HANDKERCHIEF',NULL,NULL,NULL,NULL,NULL,24,'6A616346-4FBC-40C3-ACD5-F27A82FE7B72','A11E9A33-177E-4D18-99F1-28E5685C56AE'),(221,'558E1E0F-26D6-4A90-B4EC-049E580BB0EF','手饰','BRACELET',NULL,NULL,NULL,NULL,NULL,24,'6A616346-4FBC-40C3-ACD5-F27A82FE7B72','09BBEF5D-0805-4B3B-BB77-6C24A522B0FD'),(222,'490A6B28-05A0-4392-8A82-0533D41B45D1','T恤裙','T-SHIRT DRESS',NULL,NULL,NULL,NULL,NULL,15,'6D6FA487-BB7C-4EF6-B73F-A7051F7712C3','4BC4302C-5772-4F98-BB48-52617A58BBBC'),(223,'7A6B65E3-0E6B-48CF-BD56-0848BAD6A546','笔芯','REPLACEMENT PEN',NULL,NULL,NULL,NULL,NULL,17,'91EAF12E-032B-4C24-81E7-B334824D44E4','22FD3AD1-2468-4E08-9026-742CF9220EEC'),(224,'BBB4909D-8629-465A-A884-09745818BD63','儿童裤子','KID PANT',NULL,NULL,NULL,NULL,NULL,3,'8E713AC4-4B40-4E26-ADAF-13A2A2CB45AB','F77B05C8-BA34-4E52-9DF9-BFDE96A664D0'),(225,'F35C217F-B438-40C4-A0E6-097B1EA46F5D','毛衣','WOOLLEN',NULL,NULL,NULL,NULL,NULL,8,'317BBD3B-F300-495C-B1E3-5A21C8AA7FED','EEB06EEE-5A0B-401E-912F-3FC296FE1DC0'),(226,'D630AAD2-D7FC-48B9-BB85-09A538257D2A','斗篷','CAPPA',NULL,NULL,NULL,NULL,NULL,8,'317BBD3B-F300-495C-B1E3-5A21C8AA7FED','5509A2B4-C5BA-45AA-80CB-EB990370E431'),(227,'49E16A50-ABF8-49AA-894E-0A461D2E5E97','高筒靴','BOOTS',NULL,NULL,NULL,NULL,NULL,13,'3665D523-EB12-423F-AB9D-78EDB8DEFD45','03524953-BB55-474F-A039-640EA5157F4F'),(228,'B8F270CF-5B67-41CE-A236-0D1802C7E67C','打底裤','LEGGINGS',NULL,NULL,NULL,NULL,NULL,11,'8F8917F8-1683-49B3-AECF-68D77B175544','F77B05C8-BA34-4E52-9DF9-BFDE96A664D0'),(229,'25608CED-CE85-4586-B008-0D202098914A','毛衣裙','NULL',NULL,NULL,NULL,NULL,NULL,15,'6D6FA487-BB7C-4EF6-B73F-A7051F7712C3','NULL'),(230,'437BDDF6-4552-4B4B-A3B6-0E87A849C93A','儿童卫衣','KID SWEATER',NULL,NULL,NULL,NULL,NULL,14,'85C2C96B-251A-4E0C-8938-9A3FAE6747D8','1D4A7BE3-1341-45D8-A04B-1F04E944CFB0'),(231,'9071EE79-4D1F-4C61-94EB-1075261C09C5','儿童低帮休闲鞋','KID SNEAKER',NULL,NULL,NULL,NULL,NULL,12,'6987AF33-EBF5-4375-978D-7188FCFDFE5D','C2BE7484-81AB-4DCB-B829-F720525B93F4'),(232,'C42FA8B7-B33B-4F4A-A8A7-12F5B6DFB12A','光学镜','OPTICAL GLASS',NULL,NULL,NULL,NULL,NULL,23,'F6F25A8E-B79B-4FDD-B20B-EFCF333D106B','70B102D1-7B0A-436B-908B-A32EEA369C15'),(233,'041438DB-B92E-4ECD-95E9-1323549C267F','短裙','DRESS',NULL,NULL,NULL,NULL,NULL,15,'6D6FA487-BB7C-4EF6-B73F-A7051F7712C3','6F361B54-8AA7-4898-AA40-10EE7F1EE746'),(234,'65005D45-E4DE-4E4E-B378-14035C81E6D7','脚饰','FOOT WEAR',NULL,NULL,NULL,NULL,NULL,24,'6A616346-4FBC-40C3-ACD5-F27A82FE7B72','09BBEF5D-0805-4B3B-BB77-6C24A522B0FD'),(235,'AB3D0B09-6A92-49FC-8284-141362FDBA30','儿童腰带','KID BELT',NULL,NULL,NULL,NULL,NULL,5,'3EB7DB63-7823-49C0-B61A-1FAB17F79E7E','EA05C5F2-E7A2-42C5-A517-93CE761440A7'),(236,'3F2E1D00-2A83-407D-ABAF-1421F8608004','装饰玩具','NULL',NULL,NULL,NULL,NULL,NULL,7,'93ECE9D2-C259-4543-BDE4-315C7DDA605A','6BBA15B2-24B0-40F3-85C1-B2F4F36B5AF0'),(237,'B7AFEBD4-ADBC-405C-82C2-148C8293E8FC','坡跟凉拖鞋','SANDAL',NULL,NULL,NULL,NULL,NULL,13,'3665D523-EB12-423F-AB9D-78EDB8DEFD45','6477FA9D-89A2-46A8-956D-93810174D0E6'),(238,'36F7E3BD-B2DF-4A79-9C1E-1585492F387C','收纳盒','STORAGE BOX',NULL,NULL,NULL,NULL,NULL,2,'865B5792-EAD7-4D22-954F-07EB86F40DBF','7790FEAF-5834-437F-B41A-C5B3BCE65A2C'),(239,'98592CD7-D2A7-4C00-8807-161C76549D45','斜跨包','BAG',NULL,NULL,NULL,NULL,NULL,2,'865B5792-EAD7-4D22-954F-07EB86F40DBF','06311FAC-9E9D-4E9E-9DD6-346E0BB5F2BF'),(240,'5B1B3023-0BE5-47AB-A455-18AE30E641F1','围巾','SCRAVE',NULL,NULL,NULL,NULL,NULL,24,'6A616346-4FBC-40C3-ACD5-F27A82FE7B72','A11E9A33-177E-4D18-99F1-28E5685C56AE'),(241,'EDBF5934-89DB-43D5-9B9B-1A3FF42F41DC','长裙','DRESS',NULL,NULL,NULL,NULL,NULL,15,'6D6FA487-BB7C-4EF6-B73F-A7051F7712C3','6F361B54-8AA7-4898-AA40-10EE7F1EE746'),(242,'7220BE36-74E9-416D-A2C1-1C49800977DE','背包','BACK PACK',NULL,NULL,NULL,NULL,NULL,2,'865B5792-EAD7-4D22-954F-07EB86F40DBF','96C414C1-4C01-47BF-B7D3-2BCE4137B43F'),(243,'BFB5FDC2-4919-4BB6-8A82-1D31AFD2C6CA','连衣裙','DRESS',NULL,NULL,NULL,NULL,NULL,15,'6D6FA487-BB7C-4EF6-B73F-A7051F7712C3','CCC9BEC4-EEC8-4153-9019-F1E85ED12432'),(244,'706F62CB-CABF-4DE0-9EE0-1D7A794F4482','零钱包','COIN HOLER',NULL,NULL,NULL,NULL,NULL,10,'B0AE41C7-76A6-45A4-894A-6557E3CD5DAC','B118D9CD-00C3-4FC2-A460-28C2852EE82F'),(245,'43262A4F-45E7-49FA-B791-1E5F696D0BF0','钥匙包','KEY HOLER',NULL,NULL,NULL,NULL,NULL,10,'B0AE41C7-76A6-45A4-894A-6557E3CD5DAC','B118D9CD-00C3-4FC2-A460-28C2852EE82F'),(246,'2ECB1769-2BD2-4A20-A3C2-202E62A2FBC6','长袖T恤衫','T-SHIRT',NULL,NULL,NULL,NULL,NULL,8,'317BBD3B-F300-495C-B1E3-5A21C8AA7FED','0BCBF9AE-1E59-4BD3-8FE5-1545C95313D0'),(247,'43A22714-9FDA-4CDA-BEA7-22319738C004','正装裤','SUIT PANTS',NULL,NULL,NULL,NULL,NULL,11,'8F8917F8-1683-49B3-AECF-68D77B175544','F77B05C8-BA34-4E52-9DF9-BFDE96A664D0'),(248,'F0BDD523-6BE4-4D30-9EFA-22E77682AA04','提挎两用包','BAG',NULL,NULL,NULL,NULL,NULL,2,'865B5792-EAD7-4D22-954F-07EB86F40DBF','06311FAC-9E9D-4E9E-9DD6-346E0BB5F2BF'),(249,'AE436712-40C9-4D56-81A8-22E94AA55735','中筒靴','BOOTS',NULL,NULL,NULL,NULL,NULL,13,'3665D523-EB12-423F-AB9D-78EDB8DEFD45','03524953-BB55-474F-A039-640EA5157F4F'),(250,'89B27209-8041-457F-99DC-23808E4D9403','票据夹','BILL FOLDER',NULL,NULL,NULL,NULL,NULL,10,'B0AE41C7-76A6-45A4-894A-6557E3CD5DAC','B118D9CD-00C3-4FC2-A460-28C2852EE82F'),(251,'1FE033E9-2DBF-4927-8BF3-23FD780AFE26','婴儿套装礼盒','KID CRAWLING SUIT',NULL,NULL,NULL,NULL,NULL,22,'55371DF6-60FC-4330-A59E-EF7204CBFB73','0ED87C96-D14D-4AEC-B650-BBE4CEDE91EF'),(252,'238AF08C-AEAF-4692-B580-241BB72F1151','头饰','HEAD WEAR',NULL,NULL,NULL,NULL,NULL,24,'6A616346-4FBC-40C3-ACD5-F27A82FE7B72','6BBA15B2-24B0-40F3-85C1-B2F4F36B5AF0'),(253,'518725EB-887A-4805-8F84-24BDA2286C63','羽绒服','DOWN COAT',NULL,NULL,NULL,NULL,NULL,8,'317BBD3B-F300-495C-B1E3-5A21C8AA7FED','89448EA5-A31D-4023-9F9A-0E48F9B1686B'),(254,'E9ABBE20-3A13-44CC-8301-26ADF9169842','石英表','NULL',NULL,NULL,NULL,NULL,NULL,4,'6667BE3D-B439-46FB-960F-160C2DDDABA5','2FD1490D-25B1-456A-8551-F1B8698FF809'),(255,'D3D7BE7C-D234-4613-B91B-2770514F74B7','钥匙扣','KEY RING',NULL,NULL,NULL,NULL,NULL,24,'6A616346-4FBC-40C3-ACD5-F27A82FE7B72','8BD3F952-FD49-4EA0-B8E2-2AD0AF1FB8F6'),(256,'7DBB9403-2E2F-41A3-8C54-27F968A7FB3A','平底鞋松糕','PLATFORM SHOES',NULL,NULL,NULL,NULL,NULL,13,'3665D523-EB12-423F-AB9D-78EDB8DEFD45','C2BE7484-81AB-4DCB-B829-F720525B93F4'),(257,'FF97A0E4-600D-4549-8A2C-2904A1A02C83','长袖POLO衫','POLO',NULL,NULL,NULL,NULL,NULL,8,'317BBD3B-F300-495C-B1E3-5A21C8AA7FED','0BCBF9AE-1E59-4BD3-8FE5-1545C95313D0'),(258,'2C407C43-CA55-4E8C-9612-292C25CFBEF0','休闲套装','SUIT',NULL,NULL,NULL,NULL,NULL,21,'7301C752-2822-48D3-A572-E13B8B46CC88','1018D69C-B6B1-4E4A-960B-ADB54F48A51E'),(259,'DB0FF951-8AE2-4F99-BDB0-293123C29D97','羽绒针织外套','NULL',NULL,NULL,NULL,NULL,NULL,8,'317BBD3B-F300-495C-B1E3-5A21C8AA7FED','89448EA5-A31D-4023-9F9A-0E48F9B1686B'),(260,'64FDA3EA-2218-4D1A-88F7-2A4084D60917','帽子','HAT',NULL,NULL,NULL,NULL,NULL,24,'6A616346-4FBC-40C3-ACD5-F27A82FE7B72','58DBBA71-6EF3-42AE-A63B-14A09DD98434'),(261,'1B010BEC-3B86-43F2-B9A5-2A5E712FD5B2','儿童毛衣','KID WOOLLEN',NULL,NULL,NULL,NULL,NULL,14,'85C2C96B-251A-4E0C-8938-9A3FAE6747D8','EEB06EEE-5A0B-401E-912F-3FC296FE1DC0'),(262,'4FFC1F9B-6EB4-4704-A28C-2BDFA61D54BC','装饰玩具','NULL',NULL,NULL,NULL,NULL,NULL,24,'6A616346-4FBC-40C3-ACD5-F27A82FE7B72','6BBA15B2-24B0-40F3-85C1-B2F4F36B5AF0'),(263,'26720551-530B-4673-B134-2CED52ECC417','沙滩垫','BEACH MAT',NULL,NULL,NULL,NULL,NULL,24,'6A616346-4FBC-40C3-ACD5-F27A82FE7B72','A11E9A33-177E-4D18-99F1-28E5685C56AE'),(264,'42D59CB2-6F9A-4826-A2B8-2D55411372DB','背心','T-SHIRT',NULL,NULL,NULL,NULL,NULL,8,'317BBD3B-F300-495C-B1E3-5A21C8AA7FED','C10B1633-E157-46BA-9F31-254366E44ACA'),(265,'858C0A24-A46C-4EA9-8C9A-2EB94AA7D5A5','广告资料','NULL',NULL,NULL,NULL,NULL,NULL,20,'C7BB0177-2C19-44BF-8482-DB98E8A1D88D','NULL'),(266,'B0C37B6E-A147-4D17-977E-320180D31108','钱包','WALLET',NULL,NULL,NULL,NULL,NULL,10,'B0AE41C7-76A6-45A4-894A-6557E3CD5DAC','7590A392-2744-4C6A-95C8-B9B68045B8C1'),(267,'65294BCC-AA2B-4200-8558-3480E9689D82','卡包','CARD HOLDER',NULL,NULL,NULL,NULL,NULL,10,'B0AE41C7-76A6-45A4-894A-6557E3CD5DAC','B118D9CD-00C3-4FC2-A460-28C2852EE82F'),(268,'827D56E5-0B06-4947-8C3B-37FC3828E348','儿童高帮休闲鞋','KID SNEAKER',NULL,NULL,NULL,NULL,NULL,12,'6987AF33-EBF5-4375-978D-7188FCFDFE5D','C2BE7484-81AB-4DCB-B829-F720525B93F4'),(269,'9375210F-73BD-4FB1-9378-39C9DAB4AFC1','太阳镜','SUNGLASS',NULL,NULL,NULL,NULL,NULL,23,'F6F25A8E-B79B-4FDD-B20B-EFCF333D106B','70B102D1-7B0A-436B-908B-A32EEA369C15'),(270,'602E9E08-7BAA-41EA-B97E-39E23A57D49F','领带','TIE',NULL,NULL,NULL,NULL,NULL,24,'6A616346-4FBC-40C3-ACD5-F27A82FE7B72','327DFAF7-469C-44C4-8A17-B1A3A1826D18'),(271,'92992065-2044-47B6-A4EC-3A63D1EBBAE0','儿童牛仔裤','KID JEANS',NULL,NULL,NULL,NULL,NULL,3,'8E713AC4-4B40-4E26-ADAF-13A2A2CB45AB','NULL'),(272,'CDF6188D-C5AA-4131-B04C-3BA2D05C11AB','儿童背心','KID VEST',NULL,NULL,NULL,NULL,NULL,14,'85C2C96B-251A-4E0C-8938-9A3FAE6747D8','4BC4302C-5772-4F98-BB48-52617A58BBBC'),(273,'FBA8EA47-834D-4401-928C-3D078E37B0D6','休闲鞋低帮','SNEAKER',NULL,NULL,NULL,NULL,NULL,13,'3665D523-EB12-423F-AB9D-78EDB8DEFD45','C2BE7484-81AB-4DCB-B829-F720525B93F4'),(274,'218500EA-A9D1-4127-9D5D-3F19D79A2547','中跟凉拖鞋','HIGH HEEL SANDAL',NULL,NULL,NULL,NULL,NULL,13,'3665D523-EB12-423F-AB9D-78EDB8DEFD45','6477FA9D-89A2-46A8-956D-93810174D0E6'),(275,'BE582D99-873A-4B93-B4B7-3FDD7FA8A22C','礼服','FULL DRESS',NULL,NULL,NULL,NULL,NULL,15,'6D6FA487-BB7C-4EF6-B73F-A7051F7712C3','CCC9BEC4-EEC8-4153-9019-F1E85ED12432'),(276,'866EE8F2-2B1B-4EBC-8A5C-42DBE3AF8D5F','连体泳衣','PIECE SWIMSUIT',NULL,NULL,NULL,NULL,NULL,9,'29580304-8FBB-45A7-B760-5AB9589C2BB3','NULL'),(277,'E8B18162-ACD1-4C63-93D2-4390EED7A111','文胸套装','NULL',NULL,NULL,NULL,NULL,NULL,9,'29580304-8FBB-45A7-B760-5AB9589C2BB3','E6D9D190-1357-4FDB-A605-DD07C973B77B'),(278,'F35AE319-0079-475B-9661-463A2FD84733','穆勒鞋','SHOES',NULL,NULL,NULL,NULL,NULL,13,'3665D523-EB12-423F-AB9D-78EDB8DEFD45','6477FA9D-89A2-46A8-956D-93810174D0E6'),(279,'6967118E-0B96-4C5E-A1EA-4AB7A2055581','包背带','BAG BELT',NULL,NULL,NULL,NULL,NULL,24,'6A616346-4FBC-40C3-ACD5-F27A82FE7B72','EA05C5F2-E7A2-42C5-A517-93CE761440A7'),(280,'9E673EA1-600B-4BBE-A2D1-4B540D415B82','长款钱包','WALLET',NULL,NULL,NULL,NULL,NULL,10,'B0AE41C7-76A6-45A4-894A-6557E3CD5DAC','9C5ACC30-5663-4B51-A94F-2EA5C9747898'),(281,'13705F2F-2BAB-4320-9E45-4C2C4059C08E','高跟鞋(高跟)','HIGH HEEL',NULL,NULL,NULL,NULL,NULL,13,'3665D523-EB12-423F-AB9D-78EDB8DEFD45','6477FA9D-89A2-46A8-956D-93810174D0E6'),(282,'29A2EA6D-5F31-457C-9588-4ED37B780DBF','卫衣裙','SWEATER DRESS',NULL,NULL,NULL,NULL,NULL,15,'6D6FA487-BB7C-4EF6-B73F-A7051F7712C3','1D4A7BE3-1341-45D8-A04B-1F04E944CFB0'),(283,'3B15FDFF-1DAB-4088-95D0-4FF8354E11DD','运动服','SPORT SWEATER',NULL,NULL,NULL,NULL,NULL,8,'317BBD3B-F300-495C-B1E3-5A21C8AA7FED','1D4A7BE3-1341-45D8-A04B-1F04E944CFB0'),(284,'184CF0FD-91F6-4BB5-B840-53081F1A7642','婴儿包被','SLEEPING BAG',NULL,NULL,NULL,NULL,NULL,5,'3EB7DB63-7823-49C0-B61A-1FAB17F79E7E','A3B9F889-A539-4600-A99C-8BB2B3D5DA17'),(285,'3593E535-D5D7-4F5B-9CFC-53395AA2D785','平底鞋','SHOES',NULL,NULL,NULL,NULL,NULL,13,'3665D523-EB12-423F-AB9D-78EDB8DEFD45','8CDA2CA0-9687-48F5-81AC-F245440776F9'),(286,'80572AE6-22C5-4A7D-BC8C-54685AE04D3F','记事本','NOTE BOOK',NULL,NULL,NULL,NULL,NULL,17,'91EAF12E-032B-4C24-81E7-B334824D44E4','9C5ACC30-5663-4B51-A94F-2EA5C9747898'),(287,'C13E7E93-8099-4A12-9644-5546FFE4E894','连体裤','JUMPSUITS',NULL,NULL,NULL,NULL,NULL,11,'8F8917F8-1683-49B3-AECF-68D77B175544','FFC692C8-1DBA-4AA5-BD09-FD8A6DEEFA31'),(288,'A6E252FB-5C22-4F54-B3DC-555BE29B44FB','短袖衬衫','SHIRT',NULL,NULL,NULL,NULL,NULL,8,'317BBD3B-F300-495C-B1E3-5A21C8AA7FED','4BC4302C-5772-4F98-BB48-52617A58BBBC'),(289,'6A112131-8CCE-49D7-8DF0-5A8868C1292E','滑板','SKATE',NULL,NULL,NULL,NULL,NULL,24,'6A616346-4FBC-40C3-ACD5-F27A82FE7B72','7590A392-2744-4C6A-95C8-B9B68045B8C1'),(290,'BF9E3DF7-9F8E-4899-A9D9-5C49194D9659','内衣','NULL',NULL,NULL,NULL,NULL,NULL,9,'29580304-8FBB-45A7-B760-5AB9589C2BB3','NULL'),(291,'5C51AF96-B012-4892-B972-5E1AF35D9E52','领结','TIE',NULL,NULL,NULL,NULL,NULL,24,'6A616346-4FBC-40C3-ACD5-F27A82FE7B72','6BBA15B2-24B0-40F3-85C1-B2F4F36B5AF0'),(292,'F7C5F30F-4299-4298-8083-5E571A8EECE2','高跟鞋(厚水台)','HIGH HEEL',NULL,NULL,NULL,NULL,NULL,13,'3665D523-EB12-423F-AB9D-78EDB8DEFD45','6477FA9D-89A2-46A8-956D-93810174D0E6'),(293,'8F86E2B1-8938-4E84-813B-60E99AF85196','高跟鞋(鱼嘴)','HIGH HEEL',NULL,NULL,NULL,NULL,NULL,13,'3665D523-EB12-423F-AB9D-78EDB8DEFD45','6477FA9D-89A2-46A8-956D-93810174D0E6'),(294,'C38CF698-F65C-4672-8ECE-614BD344F2BF','儿童运动鞋','KID SNEAKER',NULL,NULL,NULL,NULL,NULL,12,'6987AF33-EBF5-4375-978D-7188FCFDFE5D','C2BE7484-81AB-4DCB-B829-F720525B93F4'),(295,'2710C17A-9C4D-41DE-B4DE-62A6D04F67FD','披肩','CAPPA',NULL,NULL,NULL,NULL,NULL,24,'6A616346-4FBC-40C3-ACD5-F27A82FE7B72','A11E9A33-177E-4D18-99F1-28E5685C56AE'),(296,'CECBBBA2-8D94-44A2-8738-62BE507322CF','中裙','DRESS',NULL,NULL,NULL,NULL,NULL,15,'6D6FA487-BB7C-4EF6-B73F-A7051F7712C3','6F361B54-8AA7-4898-AA40-10EE7F1EE746'),(297,'ED7EA77B-8069-4C5C-AB91-62D6E44660C0','儿童短袖T恤','KID T-SHIRT',NULL,NULL,NULL,NULL,NULL,14,'85C2C96B-251A-4E0C-8938-9A3FAE6747D8','4BC4302C-5772-4F98-BB48-52617A58BBBC'),(298,'B562507A-B0B4-4547-ACE6-637C27A63D7B','婴儿车','BABY CARRIAGE',NULL,NULL,NULL,NULL,NULL,24,'6A616346-4FBC-40C3-ACD5-F27A82FE7B72','5A31C3E9-9B25-4EFC-B2BB-AF7F3DD0D4D6'),(299,'FBE77B66-4BFB-4776-954A-65D1AAFBC1A2','手杖','WALKING STICK',NULL,NULL,NULL,NULL,NULL,24,'6A616346-4FBC-40C3-ACD5-F27A82FE7B72','40473357-AEE1-4880-AC52-98451EFC0013'),(300,'62AA5452-D9DD-405E-A0F6-6652A96B7B08','罩衫','KNIT',NULL,NULL,NULL,NULL,NULL,8,'317BBD3B-F300-495C-B1E3-5A21C8AA7FED','EEB06EEE-5A0B-401E-912F-3FC296FE1DC0'),(301,'8314F3E1-7DE9-476B-8F14-67F807BCABBC','女士套装','SUIT',NULL,NULL,NULL,NULL,NULL,21,'7301C752-2822-48D3-A572-E13B8B46CC88','1018D69C-B6B1-4E4A-960B-ADB54F48A51E'),(302,'AEEA6C38-B2D5-418E-A7D6-684217DC52E7','短袖T恤衫','T-SHIRT',NULL,NULL,NULL,NULL,NULL,8,'317BBD3B-F300-495C-B1E3-5A21C8AA7FED','4BC4302C-5772-4F98-BB48-52617A58BBBC'),(303,'4FA4422E-09D1-4E19-BA0A-685D6060251E','儿童发卡','KID HAIRPIN',NULL,NULL,NULL,NULL,NULL,5,'3EB7DB63-7823-49C0-B61A-1FAB17F79E7E','58DBBA71-6EF3-42AE-A63B-14A09DD98434'),(304,'F2F43880-C866-4516-A39F-69D0ADC8D732','低筒靴','BOOTS',NULL,NULL,NULL,NULL,NULL,13,'3665D523-EB12-423F-AB9D-78EDB8DEFD45','03524953-BB55-474F-A039-640EA5157F4F'),(305,'18B369C5-55B5-4607-B865-6A036253EFA0','西服套装','SUIT',NULL,NULL,NULL,NULL,NULL,21,'7301C752-2822-48D3-A572-E13B8B46CC88','1018D69C-B6B1-4E4A-960B-ADB54F48A51E'),(306,'BCEAA05A-68C0-473A-A77E-6A3FB85339E2','腰带套盒','BELT SUIT',NULL,NULL,NULL,NULL,NULL,6,'27262411-794A-4210-AC19-20E93C47BF20','EA05C5F2-E7A2-42C5-A517-93CE761440A7'),(307,'E8E5E6FE-CD6B-4572-9672-6A420D3D7109','儿童围巾','KID SCARVE',NULL,NULL,NULL,NULL,NULL,5,'3EB7DB63-7823-49C0-B61A-1FAB17F79E7E','A11E9A33-177E-4D18-99F1-28E5685C56AE'),(308,'45E542C1-006A-4573-BC62-6A670C751FB1','儿童靴子','KID BOOTS',NULL,NULL,NULL,NULL,NULL,12,'6987AF33-EBF5-4375-978D-7188FCFDFE5D','03524953-BB55-474F-A039-640EA5157F4F'),(309,'5CD9DB5F-3547-451C-9D78-6CDC3A6E607E','厚水台平底鞋','SNEAKER',NULL,NULL,NULL,NULL,NULL,13,'3665D523-EB12-423F-AB9D-78EDB8DEFD45','6477FA9D-89A2-46A8-956D-93810174D0E6'),(310,'1550A79A-DB64-47BC-9098-6D015625A700','儿童短袖POLO衫','KID POLO',NULL,NULL,NULL,NULL,NULL,14,'85C2C96B-251A-4E0C-8938-9A3FAE6747D8','4BC4302C-5772-4F98-BB48-52617A58BBBC'),(311,'AE2DAE2A-CA43-4A0F-8E7E-6D9E180466A6','装饰挂件','PENDANT',NULL,NULL,NULL,NULL,NULL,24,'6A616346-4FBC-40C3-ACD5-F27A82FE7B72','6BBA15B2-24B0-40F3-85C1-B2F4F36B5AF0'),(312,'0200E87D-5FB8-40F7-9F7B-6EE8587B3204','項饰','NECKLACE',NULL,NULL,NULL,NULL,NULL,24,'6A616346-4FBC-40C3-ACD5-F27A82FE7B72','09BBEF5D-0805-4B3B-BB77-6C24A522B0FD'),(313,'C71AB952-B41F-4A59-84A2-6F2F6CEC9A68','手套','GLOVES',NULL,NULL,NULL,NULL,NULL,24,'6A616346-4FBC-40C3-ACD5-F27A82FE7B72','BB99FC02-5D51-45C2-87B9-ADFF43EB716D'),(314,'87496DE8-EEA6-47D9-8B26-7039773B7CE7','皮草外套','FUR COAT',NULL,NULL,NULL,NULL,NULL,8,'317BBD3B-F300-495C-B1E3-5A21C8AA7FED','89448EA5-A31D-4023-9F9A-0E48F9B1686B'),(315,'6F668D22-4D12-4752-96CC-73E04E8730F3','卫衣','SWEATER',NULL,NULL,NULL,NULL,NULL,8,'317BBD3B-F300-495C-B1E3-5A21C8AA7FED','1D4A7BE3-1341-45D8-A04B-1F04E944CFB0'),(316,'4D005269-DC92-4D4A-8113-74F43FFE1528','夹克','JACKET',NULL,NULL,NULL,NULL,NULL,8,'317BBD3B-F300-495C-B1E3-5A21C8AA7FED','9E1A5D97-37D9-444C-80ED-5DA2482FA3F8'),(317,'676D0880-8CF2-4D0B-A61A-75AC0ADB3707','牛仔裤','JEANS',NULL,NULL,NULL,NULL,NULL,11,'8F8917F8-1683-49B3-AECF-68D77B175544','F77B05C8-BA34-4E52-9DF9-BFDE96A664D0'),(318,'7D3BD3B8-4712-4028-B6C0-774F3C9F9A19','儿童背包','KID BACK PACK',NULL,NULL,NULL,NULL,NULL,5,'3EB7DB63-7823-49C0-B61A-1FAB17F79E7E','96C414C1-4C01-47BF-B7D3-2BCE4137B43F'),(319,'CC1DF6C9-EF3B-48E7-A80C-78BBD1E4D4AC','西装','SUIT',NULL,NULL,NULL,NULL,NULL,8,'317BBD3B-F300-495C-B1E3-5A21C8AA7FED','969D4013-D448-445E-8EEB-2E4CFE5642F8'),(320,'467E7A38-B5DE-4162-A725-7A2905CD3A80','皮毛衣领','COLLAR',NULL,NULL,NULL,NULL,NULL,24,'6A616346-4FBC-40C3-ACD5-F27A82FE7B72','0BCBF9AE-1E59-4BD3-8FE5-1545C95313D0'),(321,'78EE1520-2665-4071-B6A7-7ACBB47B2926','儿童长袖POLO衫','KID POLO',NULL,NULL,NULL,NULL,NULL,14,'85C2C96B-251A-4E0C-8938-9A3FAE6747D8','0BCBF9AE-1E59-4BD3-8FE5-1545C95313D0'),(322,'F2A63E81-60A8-47FE-85F4-7C835ECF3083','平跟凉拖鞋','SANDAL SHOES',NULL,NULL,NULL,NULL,NULL,13,'3665D523-EB12-423F-AB9D-78EDB8DEFD45','6477FA9D-89A2-46A8-956D-93810174D0E6'),(323,'4F0F6533-7B34-4433-8357-7CA0AE28A6AC','儿童平底鞋','KID FLAT',NULL,NULL,NULL,NULL,NULL,12,'6987AF33-EBF5-4375-978D-7188FCFDFE5D','47597A31-3B97-46C5-B280-F8044FB79BCE'),(324,'3293BFEB-D402-4271-AE5C-7D636800AEE4','短裤','SHORTS',NULL,NULL,NULL,NULL,NULL,11,'8F8917F8-1683-49B3-AECF-68D77B175544','1FA94E64-B96B-4B8B-ADB8-C4A9B7B92DE6'),(325,'FF8F100B-519D-4B76-8D92-7E09352CCD68','儿童帽子','KID CAP',NULL,NULL,NULL,NULL,NULL,5,'3EB7DB63-7823-49C0-B61A-1FAB17F79E7E','58DBBA71-6EF3-42AE-A63B-14A09DD98434'),(326,'D4E1A60D-CFB7-419C-B792-7E863BD3D164','腰带带体','BELT',NULL,NULL,NULL,NULL,NULL,6,'27262411-794A-4210-AC19-20E93C47BF20','EA05C5F2-E7A2-42C5-A517-93CE761440A7'),(327,'6FC47658-AB0B-431B-94E8-7ECC084924D1','禁用12','NULL',NULL,NULL,NULL,NULL,NULL,8,'317BBD3B-F300-495C-B1E3-5A21C8AA7FED','1D4A7BE3-1341-45D8-A04B-1F04E944CFB0'),(328,'A1D51EE8-7560-4590-82FC-813302BAF0B0','墨水','INK',NULL,NULL,NULL,NULL,NULL,17,'91EAF12E-032B-4C24-81E7-B334824D44E4','NULL'),(329,'198BF89E-6112-4786-8582-82CF39955B94','休闲鞋平底','SNEAKER',NULL,NULL,NULL,NULL,NULL,13,'3665D523-EB12-423F-AB9D-78EDB8DEFD45','6477FA9D-89A2-46A8-956D-93810174D0E6'),(330,'2E0F9937-E421-43D0-A400-83C97C022A16','婴儿爬爬服','CRAWLING SUIT',NULL,NULL,NULL,NULL,NULL,14,'85C2C96B-251A-4E0C-8938-9A3FAE6747D8','0ED87C96-D14D-4AEC-B650-BBE4CEDE91EF'),(331,'7F9AD594-DDA2-479E-9DD8-85DFFADE8FC9','水杯','NULL',NULL,NULL,NULL,NULL,NULL,24,'6A616346-4FBC-40C3-ACD5-F27A82FE7B72','NULL'),(332,'08FA2DB4-E2A0-4FDD-A55C-8644233073D7','雪地靴','SNOW BOOTS',NULL,NULL,NULL,NULL,NULL,13,'3665D523-EB12-423F-AB9D-78EDB8DEFD45','8CDA2CA0-9687-48F5-81AC-F245440776F9'),(333,'120BC4EB-E4AD-4D85-AF93-87E7611CC273','笔记本芯','NOTE BOOK',NULL,NULL,NULL,NULL,NULL,17,'91EAF12E-032B-4C24-81E7-B334824D44E4','NULL'),(334,'EB80D9EB-D942-46AF-926A-8934823397D2','腰带扣','BELT CASE',NULL,NULL,NULL,NULL,NULL,6,'27262411-794A-4210-AC19-20E93C47BF20','EA05C5F2-E7A2-42C5-A517-93CE761440A7'),(335,'C201B3C4-C9EB-4CF9-9D4D-893F0DF1E860','比基尼','BIKINI',NULL,NULL,NULL,NULL,NULL,9,'29580304-8FBB-45A7-B760-5AB9589C2BB3','NULL'),(336,'42A3D558-5119-46F5-ABE2-8A77F0E64509','外套','JACKET',NULL,NULL,NULL,NULL,NULL,8,'317BBD3B-F300-495C-B1E3-5A21C8AA7FED','3AE6EA4B-473C-471F-B3FD-5AA158CE9F18'),(337,'3F3D0EDB-A1D7-40C6-9AA0-8DBBC5762C42','运动裤','TROUSERS',NULL,NULL,NULL,NULL,NULL,11,'8F8917F8-1683-49B3-AECF-68D77B175544','F77B05C8-BA34-4E52-9DF9-BFDE96A664D0'),(338,'5FB4696C-AB3C-4801-B386-8E28B43EAFA8','雨伞','UMBRELLA',NULL,NULL,NULL,NULL,NULL,24,'6A616346-4FBC-40C3-ACD5-F27A82FE7B72','ADC10A71-BCEB-4EDD-B609-B739C9BC3DA7'),(339,'E3B402C2-2355-4F7D-AA21-8EC99A995DFD','马甲','VEST',NULL,NULL,NULL,NULL,NULL,8,'317BBD3B-F300-495C-B1E3-5A21C8AA7FED','C10B1633-E157-46BA-9F31-254366E44ACA'),(340,'9A2D6F99-4677-4088-82B8-92AC4524AE59','包配件','BAG SHOULDER',NULL,NULL,NULL,NULL,NULL,2,'865B5792-EAD7-4D22-954F-07EB86F40DBF','DF51A227-76D1-43C0-8AE9-F4354DBCED18'),(341,'E5EE94A8-E6F6-42D3-962D-92BF4B264D93','休闲裤','TROUSERS',NULL,NULL,NULL,NULL,NULL,11,'8F8917F8-1683-49B3-AECF-68D77B175544','F77B05C8-BA34-4E52-9DF9-BFDE96A664D0'),(342,'1883BB04-8F86-480B-BB9D-93359D07F487','针织衫','KNIT',NULL,NULL,NULL,NULL,NULL,8,'317BBD3B-F300-495C-B1E3-5A21C8AA7FED','EEB06EEE-5A0B-401E-912F-3FC296FE1DC0'),(343,'1F846DC7-E6C1-4F12-B2E3-95BB25A340F7','长袖衬衫','SHIRT',NULL,NULL,NULL,NULL,NULL,8,'317BBD3B-F300-495C-B1E3-5A21C8AA7FED','0BCBF9AE-1E59-4BD3-8FE5-1545C95313D0'),(344,'5ACD151B-07D8-4A7B-BF6B-9728F13B558C','斗篷','CLOAK',NULL,NULL,NULL,NULL,NULL,24,'6A616346-4FBC-40C3-ACD5-F27A82FE7B72','5509A2B4-C5BA-45AA-80CB-EB990370E431'),(345,'E32113F0-DC70-43C6-9D40-9793F19AFB2C','儿童斗篷','KID CLOAK',NULL,NULL,NULL,NULL,NULL,14,'85C2C96B-251A-4E0C-8938-9A3FAE6747D8','5509A2B4-C5BA-45AA-80CB-EB990370E431'),(346,'5CBEEC1F-627A-4A8E-8350-9859AC810098','眼镜架','GLASS FRAME',NULL,NULL,NULL,NULL,NULL,23,'F6F25A8E-B79B-4FDD-B20B-EFCF333D106B','70B102D1-7B0A-436B-908B-A32EEA369C15'),(347,'0B5FFDCC-EC5C-4C53-B67C-996673A9241E','儿童手套','KID GLOVES',NULL,NULL,NULL,NULL,NULL,5,'3EB7DB63-7823-49C0-B61A-1FAB17F79E7E','BB99FC02-5D51-45C2-87B9-ADFF43EB716D'),(348,'739329B3-86DD-4C92-A47B-998E520536E4','儿童羽绒服','KID DOWN COAT',NULL,NULL,NULL,NULL,NULL,14,'85C2C96B-251A-4E0C-8938-9A3FAE6747D8','89448EA5-A31D-4023-9F9A-0E48F9B1686B'),(349,'4983E89C-9170-4C1C-B711-9B6DBD7C3611','打火机','LIGHTER',NULL,NULL,NULL,NULL,NULL,24,'6A616346-4FBC-40C3-ACD5-F27A82FE7B72','DF51A227-76D1-43C0-8AE9-F4354DBCED18'),(350,'7A302F55-5628-4407-A34C-9B8B90BAB97C','儿童包袋','KID BAG',NULL,NULL,NULL,NULL,NULL,5,'3EB7DB63-7823-49C0-B61A-1FAB17F79E7E','06311FAC-9E9D-4E9E-9DD6-346E0BB5F2BF'),(351,'F60B9F5A-1EEB-40AF-98AA-9D537DC8482B','儿童羽绒背心','KID DOWN VEST',NULL,NULL,NULL,NULL,NULL,14,'85C2C96B-251A-4E0C-8938-9A3FAE6747D8','C10B1633-E157-46BA-9F31-254366E44ACA'),(352,'A74873F5-C8BD-434E-8413-9F784EF6AE86','厚水台靴','BOOTS',NULL,NULL,NULL,NULL,NULL,13,'3665D523-EB12-423F-AB9D-78EDB8DEFD45','03524953-BB55-474F-A039-640EA5157F4F'),(353,'D22542DD-A139-4361-8844-A0638FCCF3D7','高跟鞋(中跟)','HIGH HEEL',NULL,NULL,NULL,NULL,NULL,13,'3665D523-EB12-423F-AB9D-78EDB8DEFD45','6477FA9D-89A2-46A8-956D-93810174D0E6'),(354,'2E268AB0-40A6-4810-B278-A0B3DB424AF7','儿童背带裤','KID ROMPERS',NULL,NULL,NULL,NULL,NULL,3,'8E713AC4-4B40-4E26-ADAF-13A2A2CB45AB','NULL'),(355,'465735E6-D129-444F-BA2B-A0DE55ACD1A5','腰带','BELT',NULL,NULL,NULL,NULL,NULL,6,'27262411-794A-4210-AC19-20E93C47BF20','EA05C5F2-E7A2-42C5-A517-93CE761440A7'),(356,'07FFD468-A93C-4C66-925B-A0E74696975B','高跟鞋(坡跟)','HIGH HEEL',NULL,NULL,NULL,NULL,NULL,13,'3665D523-EB12-423F-AB9D-78EDB8DEFD45','C2BE7484-81AB-4DCB-B829-F720525B93F4'),(357,'A8786384-173C-43A3-9C6B-A1BA6B104435','婚纱裙','WEDDING DRESS',NULL,NULL,NULL,NULL,NULL,15,'6D6FA487-BB7C-4EF6-B73F-A7051F7712C3','CCC9BEC4-EEC8-4153-9019-F1E85ED12432'),(358,'C7650D57-9D61-40E3-A687-A235C6133577','手包','HAND BAG',NULL,NULL,NULL,NULL,NULL,10,'B0AE41C7-76A6-45A4-894A-6557E3CD5DAC','B6918CED-7372-4388-8662-CD7C1769C73D'),(359,'45623584-436B-4214-9669-A2D29CF517AD','袖扣','CUFFLINKS',NULL,NULL,NULL,NULL,NULL,24,'6A616346-4FBC-40C3-ACD5-F27A82FE7B72','6BBA15B2-24B0-40F3-85C1-B2F4F36B5AF0'),(360,'35D0692B-2399-4A12-ABBB-A54BEC0E0441','护照夹','PASSPORT CASE',NULL,NULL,NULL,NULL,NULL,10,'B0AE41C7-76A6-45A4-894A-6557E3CD5DAC','B118D9CD-00C3-4FC2-A460-28C2852EE82F'),(361,'706CEA01-D7EC-475D-A68D-A603FC0B643B','文胸','BRA',NULL,NULL,NULL,NULL,NULL,9,'29580304-8FBB-45A7-B760-5AB9589C2BB3','NULL'),(362,'55C587BB-B7CA-42F8-8148-A9AE971DEF74','耳饰','EARRINGS',NULL,NULL,NULL,NULL,NULL,24,'6A616346-4FBC-40C3-ACD5-F27A82FE7B72','6BBA15B2-24B0-40F3-85C1-B2F4F36B5AF0'),(363,'9FB31D93-F54A-41C3-8C5E-AA6EDC2F5DFA','睡衣','PAJAMAS',NULL,NULL,NULL,NULL,NULL,9,'29580304-8FBB-45A7-B760-5AB9589C2BB3','NULL'),(364,'D68162A4-A075-4E57-AD88-ABEF7BC569A0','戒指','RING',NULL,NULL,NULL,NULL,NULL,24,'6A616346-4FBC-40C3-ACD5-F27A82FE7B72','09BBEF5D-0805-4B3B-BB77-6C24A522B0FD'),(365,'30ED0FE0-EB01-4A27-8193-AF57317C635B','坡跟靴','HIGH HEEL',NULL,NULL,NULL,NULL,NULL,13,'3665D523-EB12-423F-AB9D-78EDB8DEFD45','6477FA9D-89A2-46A8-956D-93810174D0E6'),(366,'A0CECF46-188E-4A80-B722-B106AEAA7600','爬服套装','KID CRAWLING SUIT',NULL,NULL,NULL,NULL,NULL,21,'7301C752-2822-48D3-A572-E13B8B46CC88','0ED87C96-D14D-4AEC-B650-BBE4CEDE91EF'),(367,'6C8A6D50-9202-45FE-A009-B16D7BE56F21','鞋拔','SHOEHORN',NULL,NULL,NULL,NULL,NULL,24,'6A616346-4FBC-40C3-ACD5-F27A82FE7B72','40473357-AEE1-4880-AC52-98451EFC0013'),(368,'1734EC7D-FD18-4AE8-8BEC-B34B9E8A037D','钢笔','PEN',NULL,NULL,NULL,NULL,NULL,17,'91EAF12E-032B-4C24-81E7-B334824D44E4','22FD3AD1-2468-4E08-9026-742CF9220EEC'),(369,'CDDB2221-A195-4505-8E10-B3AB3DD5B37D','婴儿抱被','SLEEPING BAG',NULL,NULL,NULL,NULL,NULL,24,'6A616346-4FBC-40C3-ACD5-F27A82FE7B72','A3B9F889-A539-4600-A99C-8BB2B3D5DA17'),(370,'C70CB947-2C23-4176-878A-B42A3ABA63AE','运动套装','SPORT SUIT',NULL,NULL,NULL,NULL,NULL,21,'7301C752-2822-48D3-A572-E13B8B46CC88','1018D69C-B6B1-4E4A-960B-ADB54F48A51E'),(371,'52BAC458-E218-4505-98C4-B48EACDCCFDD','儿童衬衫','KID SHIRT',NULL,NULL,NULL,NULL,NULL,14,'85C2C96B-251A-4E0C-8938-9A3FAE6747D8','0BCBF9AE-1E59-4BD3-8FE5-1545C95313D0'),(372,'800EA2C1-B252-4619-8A63-B502A865DC21','厚水台凉拖鞋','SANDAL',NULL,NULL,NULL,NULL,NULL,13,'3665D523-EB12-423F-AB9D-78EDB8DEFD45','6477FA9D-89A2-46A8-956D-93810174D0E6'),(373,'1946DDF1-2A77-45D0-B7DA-BAC5E61AE138','雨靴','RAIN BOOTS',NULL,NULL,NULL,NULL,NULL,13,'3665D523-EB12-423F-AB9D-78EDB8DEFD45','03524953-BB55-474F-A039-640EA5157F4F'),(374,'BDAFB665-A6E1-4AAE-AD8C-BADEEEBBDBA8','公文包','BAG',NULL,NULL,NULL,NULL,NULL,2,'865B5792-EAD7-4D22-954F-07EB86F40DBF','D4ADF8A3-CFA4-4541-9C7D-341A6896CE0C'),(375,'780AE8F9-6D9A-4474-B92C-BB0AC6BE02A4','袜子','SOCKS',NULL,NULL,NULL,NULL,NULL,24,'6A616346-4FBC-40C3-ACD5-F27A82FE7B72','8C596E58-EC4D-468A-A7EF-FF874D920B54'),(376,'6D54BD06-2189-41CF-9C3E-BDA08B3B1393','铅笔','PENCIL',NULL,NULL,NULL,NULL,NULL,17,'91EAF12E-032B-4C24-81E7-B334824D44E4','22FD3AD1-2468-4E08-9026-742CF9220EEC'),(377,'8C2F7B79-2288-4F6E-B40D-BFB53B8395A9','浴袍','BATHROBE',NULL,NULL,NULL,NULL,NULL,9,'29580304-8FBB-45A7-B760-5AB9589C2BB3','1D4A7BE3-1341-45D8-A04B-1F04E944CFB0'),(378,'44E71FEF-2396-4E18-BC0C-C004F20493D5','平底渔夫鞋','FISHERMAN SHOES',NULL,NULL,NULL,NULL,NULL,13,'3665D523-EB12-423F-AB9D-78EDB8DEFD45','47597A31-3B97-46C5-B280-F8044FB79BCE'),(379,'2376660C-B00A-4562-85D3-C00B92A8F91E','儿童浴袍','KID BATHROBE',NULL,NULL,NULL,NULL,NULL,14,'85C2C96B-251A-4E0C-8938-9A3FAE6747D8','A3B9F889-A539-4600-A99C-8BB2B3D5DA17'),(380,'FF2F8D46-7800-445F-97F1-C04F500BCBCF','儿童凉鞋','KID SANDALS',NULL,NULL,NULL,NULL,NULL,12,'6987AF33-EBF5-4375-978D-7188FCFDFE5D','6477FA9D-89A2-46A8-956D-93810174D0E6'),(381,'074B0EA3-52E4-4F1D-9149-C0D78863683F','儿童袜子','NULL',NULL,NULL,NULL,NULL,NULL,5,'3EB7DB63-7823-49C0-B61A-1FAB17F79E7E','8C596E58-EC4D-468A-A7EF-FF874D920B54'),(382,'FAFE9548-6306-4477-8268-C1FCFF09A235','开衫','KNIT',NULL,NULL,NULL,NULL,NULL,8,'317BBD3B-F300-495C-B1E3-5A21C8AA7FED','EEB06EEE-5A0B-401E-912F-3FC296FE1DC0'),(383,'A135640D-1F2C-4D8E-BCA3-C385A91F3974','儿童短裤','KID SHORT',NULL,NULL,NULL,NULL,NULL,3,'8E713AC4-4B40-4E26-ADAF-13A2A2CB45AB','F77B05C8-BA34-4E52-9DF9-BFDE96A664D0'),(384,'2E1FB0D8-7A18-46B1-8EA5-C39CED029B7A','儿童高跟鞋','KID HIGH HEEL',NULL,NULL,NULL,NULL,NULL,12,'6987AF33-EBF5-4375-978D-7188FCFDFE5D','D2EF2FD2-7783-4DC4-A3E4-169C07CAED2F'),(385,'6A3AC9F2-4279-4E16-B68E-C440FE454C83','塑身衣','NULL',NULL,NULL,NULL,NULL,NULL,9,'29580304-8FBB-45A7-B760-5AB9589C2BB3','NULL'),(386,'92F2D920-1B3F-4C97-9674-C52145F269E8','儿童防寒服','KID DOWN COAT',NULL,NULL,NULL,NULL,NULL,14,'85C2C96B-251A-4E0C-8938-9A3FAE6747D8','89448EA5-A31D-4023-9F9A-0E48F9B1686B'),(387,'7B814EB4-7482-4A47-81D8-C819454A83A7','婴儿车','BABY CARRIAGE',NULL,NULL,NULL,NULL,NULL,5,'3EB7DB63-7823-49C0-B61A-1FAB17F79E7E','5A31C3E9-9B25-4EFC-B2BB-AF7F3DD0D4D6'),(388,'F6AC5B12-EBF2-4765-A8AD-C918D86D3F6D','儿童芭蕾舞鞋','KID BALLET SHOES',NULL,NULL,NULL,NULL,NULL,12,'6987AF33-EBF5-4375-978D-7188FCFDFE5D','D2EF2FD2-7783-4DC4-A3E4-169C07CAED2F'),(389,'A2324EE0-7105-4BEE-ABA6-CA7BB9CC1064','吊带裙，衫','NULL',NULL,NULL,NULL,NULL,NULL,9,'29580304-8FBB-45A7-B760-5AB9589C2BB3','NULL'),(390,'AB1E2EAC-4ABC-4876-AADF-CACA08E9E5DC','浴巾','BATH TOWEL',NULL,NULL,NULL,NULL,NULL,24,'6A616346-4FBC-40C3-ACD5-F27A82FE7B72','A11E9A33-177E-4D18-99F1-28E5685C56AE'),(391,'07A49811-1C26-400B-8810-CC0348ECFD4B','背带裤','ROMPERS',NULL,NULL,NULL,NULL,NULL,11,'8F8917F8-1683-49B3-AECF-68D77B175544','FFC692C8-1DBA-4AA5-BD09-FD8A6DEEFA31'),(392,'D0127A90-544B-4201-9FBE-CCE0915A3881','化妆包','MAKEUP CASE',NULL,NULL,NULL,NULL,NULL,10,'B0AE41C7-76A6-45A4-894A-6557E3CD5DAC','B6918CED-7372-4388-8662-CD7C1769C73D'),(393,'01B610F4-5C39-49D7-BB00-CDAA92426510','儿童运动套装','KID SPORT SUIT',NULL,NULL,NULL,NULL,NULL,22,'55371DF6-60FC-4330-A59E-EF7204CBFB73','8879ABBA-8C05-4534-8386-5CF2C893D406'),(394,'DA3ECC71-55AA-4D34-BFBD-CE6C3FE477B2','上衣','NULL',NULL,NULL,NULL,NULL,NULL,8,'317BBD3B-F300-495C-B1E3-5A21C8AA7FED','NULL'),(395,'809C3645-D22A-4427-A3FD-CE795A4ADD08','平板电脑套','LAPTOP CASE',NULL,NULL,NULL,NULL,NULL,24,'6A616346-4FBC-40C3-ACD5-F27A82FE7B72','7590A392-2744-4C6A-95C8-B9B68045B8C1'),(396,'34F32CC3-011C-42E0-9431-CE7D0B2C8C93','手拿包','POUCH',NULL,NULL,NULL,NULL,NULL,10,'B0AE41C7-76A6-45A4-894A-6557E3CD5DAC','B6918CED-7372-4388-8662-CD7C1769C73D'),(397,'1886AB15-EAC6-489E-B45C-CF3B36A34519','儿童太阳镜','KID GLASSES',NULL,NULL,NULL,NULL,NULL,5,'3EB7DB63-7823-49C0-B61A-1FAB17F79E7E','70B102D1-7B0A-436B-908B-A32EEA369C15'),(398,'BF72CF27-878E-405F-9449-D3159B9B4BB4','手提包','BAG',NULL,NULL,NULL,NULL,NULL,2,'865B5792-EAD7-4D22-954F-07EB86F40DBF','62CB1CA1-C029-40F0-BC20-B8933B308C4E'),(399,'9D726201-DFD6-43A4-B70C-D34B28906F33','短袖POLO衫','POLO',NULL,NULL,NULL,NULL,NULL,8,'317BBD3B-F300-495C-B1E3-5A21C8AA7FED','4BC4302C-5772-4F98-BB48-52617A58BBBC'),(400,'BDC8D122-D804-4B92-9DFE-D526EAF51E3B','运动鞋','SNEAKER',NULL,NULL,NULL,NULL,NULL,13,'3665D523-EB12-423F-AB9D-78EDB8DEFD45','C2BE7484-81AB-4DCB-B829-F720525B93F4'),(401,'3EDC155B-C2BA-4219-8E57-D6E1F49B2814','围巾','NULL',NULL,NULL,NULL,NULL,NULL,7,'93ECE9D2-C259-4543-BDE4-315C7DDA605A','A11E9A33-177E-4D18-99F1-28E5685C56AE'),(402,'0C17D09A-3E0A-4A37-AEB3-D7246DDC8412','平底鞋乐福','LOAFER SHOES',NULL,NULL,NULL,NULL,NULL,13,'3665D523-EB12-423F-AB9D-78EDB8DEFD45','8CDA2CA0-9687-48F5-81AC-F245440776F9'),(403,'26969070-CD83-4905-BAAA-D72ACC84DA30','泳裤','SWIM SHORT',NULL,NULL,NULL,NULL,NULL,9,'29580304-8FBB-45A7-B760-5AB9589C2BB3','E6D9D190-1357-4FDB-A605-DD07C973B77B'),(404,'0FB54922-1E3B-496D-AA2C-D77202E46A4B','棉服','JACKET',NULL,NULL,NULL,NULL,NULL,8,'317BBD3B-F300-495C-B1E3-5A21C8AA7FED','89448EA5-A31D-4023-9F9A-0E48F9B1686B'),(405,'8474A587-E6F9-474C-99CF-D81DF3603CEE','内增高休闲鞋','SNEAKER',NULL,NULL,NULL,NULL,NULL,13,'3665D523-EB12-423F-AB9D-78EDB8DEFD45','D2EF2FD2-7783-4DC4-A3E4-169C07CAED2F'),(406,'B095D5C7-6FE1-40D1-8A9C-D8543280C924','笔套','PEN CASE',NULL,NULL,NULL,NULL,NULL,17,'91EAF12E-032B-4C24-81E7-B334824D44E4','22FD3AD1-2468-4E08-9026-742CF9220EEC'),(407,'102194B2-C5F5-47A0-A2C5-D8C0B8117A08','儿童雨靴','KID RAIN BOOTS',NULL,NULL,NULL,NULL,NULL,12,'6987AF33-EBF5-4375-978D-7188FCFDFE5D','03524953-BB55-474F-A039-640EA5157F4F'),(408,'281E2D2F-095C-42C4-B11C-D914270FDE38','爬爬服','CRAWLING SUIT',NULL,NULL,NULL,NULL,NULL,8,'317BBD3B-F300-495C-B1E3-5A21C8AA7FED','0ED87C96-D14D-4AEC-B650-BBE4CEDE91EF'),(409,'96032868-1023-477F-AC16-DA0450B3F6E3','皮衣','JACKET',NULL,NULL,NULL,NULL,NULL,8,'317BBD3B-F300-495C-B1E3-5A21C8AA7FED','9E1A5D97-37D9-444C-80ED-5DA2482FA3F8'),(410,'1A2572F3-3C21-4180-8889-DC035B4219F3','胸饰','BROOCH',NULL,NULL,NULL,NULL,NULL,24,'6A616346-4FBC-40C3-ACD5-F27A82FE7B72','6BBA15B2-24B0-40F3-85C1-B2F4F36B5AF0'),(411,'0C06E65C-A726-47AA-B8A2-DC4BCCCA0867','儿童长袖T恤','KID T-SHIRT',NULL,NULL,NULL,NULL,NULL,14,'85C2C96B-251A-4E0C-8938-9A3FAE6747D8','0BCBF9AE-1E59-4BD3-8FE5-1545C95313D0'),(412,'08D549B4-4359-4C0C-954C-DD549258116C','旅行箱包','SUITCASE',NULL,NULL,NULL,NULL,NULL,2,'865B5792-EAD7-4D22-954F-07EB86F40DBF','ADD54E4D-F93B-4360-B6A0-F5B730735E15'),(413,'510C895E-B180-4813-8BA3-DD785A9F415E','休闲鞋高帮','SNEAKER',NULL,NULL,NULL,NULL,NULL,13,'3665D523-EB12-423F-AB9D-78EDB8DEFD45','C2BE7484-81AB-4DCB-B829-F720525B93F4'),(414,'4A9B4C55-9325-4D8D-9B0A-DDDACFE942DF','牛仔裙','JEANS SKIRT',NULL,NULL,NULL,NULL,NULL,15,'6D6FA487-BB7C-4EF6-B73F-A7051F7712C3','6F361B54-8AA7-4898-AA40-10EE7F1EE746'),(415,'8DD6726C-F7FF-4AE8-AD70-DED49BA102B7','羽绒服背心','DWON COAT VEST',NULL,NULL,NULL,NULL,NULL,8,'317BBD3B-F300-495C-B1E3-5A21C8AA7FED','C10B1633-E157-46BA-9F31-254366E44ACA'),(416,'B4B8B828-4A81-48C6-8D6B-E02D01090AA2','儿童针织衫','KID KNIT',NULL,NULL,NULL,NULL,NULL,14,'85C2C96B-251A-4E0C-8938-9A3FAE6747D8','EEB06EEE-5A0B-401E-912F-3FC296FE1DC0'),(417,'E343B298-ED39-4BEA-B6F3-E35FAA6CE489','正装鞋','SHOES',NULL,NULL,NULL,NULL,NULL,13,'3665D523-EB12-423F-AB9D-78EDB8DEFD45','8CDA2CA0-9687-48F5-81AC-F245440776F9'),(418,'6D279BDE-AF9C-4493-B0BF-E54728351A89','机械表','NULL',NULL,NULL,NULL,NULL,NULL,4,'6667BE3D-B439-46FB-960F-160C2DDDABA5','2FD1490D-25B1-456A-8551-F1B8698FF809'),(419,'A7FD38DF-1C1A-4A66-B93D-E5937A8157B8','浴巾','washcloth',NULL,NULL,NULL,NULL,NULL,9,'29580304-8FBB-45A7-B760-5AB9589C2BB3','NULL'),(420,'3BAFBD68-CE29-4E1A-A201-E7DEB6796639','高跟凉拖鞋','HIGH HEEL SANDAL',NULL,NULL,NULL,NULL,NULL,13,'3665D523-EB12-423F-AB9D-78EDB8DEFD45','6477FA9D-89A2-46A8-956D-93810174D0E6'),(421,'E4D55E7D-B06E-43A1-9CBF-E81D592537F2','儿童棉服','KID JACKET',NULL,NULL,NULL,NULL,NULL,14,'85C2C96B-251A-4E0C-8938-9A3FAE6747D8','89448EA5-A31D-4023-9F9A-0E48F9B1686B'),(422,'6A96D2DD-A9F3-4FF6-B438-E94FD9B02CD5','儿童裙子','KID SKIRT',NULL,NULL,NULL,NULL,NULL,3,'8E713AC4-4B40-4E26-ADAF-13A2A2CB45AB','6F361B54-8AA7-4898-AA40-10EE7F1EE746'),(423,'57C5B8B0-6B20-446D-82B2-E9F81BC4FBC6','头盔','CASQUE',NULL,NULL,NULL,NULL,NULL,24,'6A616346-4FBC-40C3-ACD5-F27A82FE7B72','58DBBA71-6EF3-42AE-A63B-14A09DD98434'),(424,'F53B95F8-45A0-44CF-A0D7-EF41A842F436','儿童连衣裙','KID DRESS',NULL,NULL,NULL,NULL,NULL,3,'8E713AC4-4B40-4E26-ADAF-13A2A2CB45AB','CCC9BEC4-EEC8-4153-9019-F1E85ED12432'),(425,'BA4091B7-4A5F-4DFC-89BE-F20948E8E0A2','圆珠笔','BALL PEN',NULL,NULL,NULL,NULL,NULL,17,'91EAF12E-032B-4C24-81E7-B334824D44E4','22FD3AD1-2468-4E08-9026-742CF9220EEC'),(426,'B5EA6495-5BC1-465C-B15D-F25BD6D22960','高跟鞋(低跟)','HIGH HEEL',NULL,NULL,NULL,NULL,NULL,13,'3665D523-EB12-423F-AB9D-78EDB8DEFD45','6477FA9D-89A2-46A8-956D-93810174D0E6'),(427,'0F63DFAA-0570-4586-80B9-F4E78E2F59B3','手机套','PHONE CASE',NULL,NULL,NULL,NULL,NULL,24,'6A616346-4FBC-40C3-ACD5-F27A82FE7B72','A7D5B21C-9731-4740-9B2A-E9465907C4D2'),(428,'EF2D2CBB-788D-419D-A0E0-F648F13A7073','儿童外套','KID COAT',NULL,NULL,NULL,NULL,NULL,14,'85C2C96B-251A-4E0C-8938-9A3FAE6747D8','3AE6EA4B-473C-471F-B3FD-5AA158CE9F18'),(429,'A4EE2886-7266-4C62-AFA2-F7310CDF2688','丝巾','SILK',NULL,NULL,NULL,NULL,NULL,24,'6A616346-4FBC-40C3-ACD5-F27A82FE7B72','A11E9A33-177E-4D18-99F1-28E5685C56AE'),(430,'8D14AB90-C80A-4C7C-BF21-F81B199F43E5','风衣','RAIN COAT',NULL,NULL,NULL,NULL,NULL,8,'317BBD3B-F300-495C-B1E3-5A21C8AA7FED','3AE6EA4B-473C-471F-B3FD-5AA158CE9F18'),(431,'5AC1AC03-8D84-45AF-9428-F86A07536923','内裤','UNDERCLOTH',NULL,NULL,NULL,NULL,NULL,9,'29580304-8FBB-45A7-B760-5AB9589C2BB3','E6D9D190-1357-4FDB-A605-DD07C973B77B'),(432,'DE7B79ED-B62D-4D66-8DA9-FB5E35A68BEF','领带夹','TIE CLIP',NULL,NULL,NULL,NULL,NULL,24,'6A616346-4FBC-40C3-ACD5-F27A82FE7B72','6BBA15B2-24B0-40F3-85C1-B2F4F36B5AF0'),(433,'57EF1A72-F4AC-4963-AA66-FD0EEB64E832','大衣','COAT',NULL,NULL,NULL,NULL,NULL,8,'317BBD3B-F300-495C-B1E3-5A21C8AA7FED','3AE6EA4B-473C-471F-B3FD-5AA158CE9F18'),(434,'DEB9646D-571B-4BDB-B958-FD367A348B70','名片夹','NAME CARD HOLDER',NULL,NULL,NULL,NULL,NULL,10,'B0AE41C7-76A6-45A4-894A-6557E3CD5DAC','B118D9CD-00C3-4FC2-A460-28C2852EE82F'),(435,'5732816F-357A-49C4-9112-FD396DD233F9','签字笔','SIGNATURE PEN',NULL,NULL,NULL,NULL,NULL,17,'91EAF12E-032B-4C24-81E7-B334824D44E4','22FD3AD1-2468-4E08-9026-742CF9220EEC'),(436,'A975126C-D296-4764-BA38-FE87C490311B','衣领','NULL',NULL,NULL,NULL,NULL,NULL,24,'6A616346-4FBC-40C3-ACD5-F27A82FE7B72','NULL');

/*Table structure for table `temp_tb_brandgroupchild_property` */

DROP TABLE IF EXISTS `temp_tb_brandgroupchild_property`;

CREATE TABLE `temp_tb_brandgroupchild_property` (
  `id` int(11) unsigned NOT NULL COMMENT '主键id',
  `oldid` varchar(36) COLLATE utf8_bin DEFAULT NULL COMMENT '老数据表主键id',
  `name_cn` varchar(100) COLLATE utf8_bin DEFAULT NULL COMMENT '中文名称',
  `name_en` varchar(100) COLLATE utf8_bin DEFAULT NULL COMMENT '英文名称',
  `name_hk` varchar(100) COLLATE utf8_bin DEFAULT NULL COMMENT '粤语名称',
  `name_fr` varchar(100) COLLATE utf8_bin DEFAULT NULL COMMENT '法语名称',
  `name_it` varchar(100) COLLATE utf8_bin DEFAULT NULL COMMENT '意大利语名称',
  `name_sp` varchar(100) COLLATE utf8_bin DEFAULT NULL COMMENT '西班牙语名称',
  `name_de` varchar(100) COLLATE utf8_bin DEFAULT NULL COMMENT '德语名称',
  `brandgroupchildid` int(11) DEFAULT NULL COMMENT '所属子品类id',
  `oldbrandgroupchildid` varchar(36) COLLATE utf8_bin DEFAULT NULL COMMENT '老数据表子品类主键id',
  `displayindex` int(11) DEFAULT NULL COMMENT '显示顺序',
  `oldtempid` varchar(36) COLLATE utf8_bin DEFAULT NULL COMMENT '老数据表模板主键id',
  PRIMARY KEY (`id`)
) ENGINE=InnoDB DEFAULT CHARSET=utf8 COLLATE=utf8_bin COMMENT='尺码规格子表';

/*Data for the table `temp_tb_brandgroupchild_property` */

insert  into `temp_tb_brandgroupchild_property`(`id`,`oldid`,`name_cn`,`name_en`,`name_hk`,`name_fr`,`name_it`,`name_sp`,`name_de`,`brandgroupchildid`,`oldbrandgroupchildid`,`displayindex`,`oldtempid`) values (1,'16F89948-2416-4544-9428-0014731C6185','衣长',NULL,NULL,NULL,NULL,NULL,NULL,NULL,NULL,5,'0ED87C96-D14D-4AEC-B650-BBE4CEDE91EF'),(2,'4277A5CB-2033-4FE7-8EFF-004F6F5A57B2','下摆围',NULL,NULL,NULL,NULL,NULL,NULL,NULL,NULL,5,'5509A2B4-C5BA-45AA-80CB-EB990370E431'),(3,'8AC5BD87-9162-4A8B-9DA3-012AE136C7E6','腰带全长',NULL,NULL,NULL,NULL,NULL,NULL,NULL,NULL,4,'EA05C5F2-E7A2-42C5-A517-93CE761440A7'),(4,'9E673726-20E6-48B9-B959-018EE949EB2B','下摆围(周长)',NULL,NULL,NULL,NULL,NULL,NULL,NULL,NULL,4,'1D4A7BE3-1341-45D8-A04B-1F04E944CFB0'),(5,'825E3C6E-6DD1-4E39-A833-023B836D1ECA','H：高',NULL,NULL,NULL,NULL,NULL,NULL,NULL,NULL,1,'1B41202C-F595-468E-B329-BA361C8CDA37'),(6,'634311D4-E5D1-49C6-936D-02441AD796FB','中国码',NULL,NULL,NULL,NULL,NULL,NULL,NULL,NULL,3,'E6D9D190-1357-4FDB-A605-DD07C973B77B'),(7,'09DBDF65-6010-48F6-B688-04EA3EECF48C','肩带宽度',NULL,NULL,NULL,NULL,NULL,NULL,NULL,NULL,6,'06311FAC-9E9D-4E9E-9DD6-346E0BB5F2BF'),(8,'D11BAB90-4D61-406B-944B-05BCB83CDDF0','腰围',NULL,NULL,NULL,NULL,NULL,NULL,NULL,NULL,3,'EF079153-121E-4C6E-8882-0B36349B1F37'),(9,'0BE7591E-FDF3-4C13-BCF6-0732048A1AF5','高度',NULL,NULL,NULL,NULL,NULL,NULL,NULL,NULL,1,'ADD54E4D-F93B-4360-B6A0-F5B730735E15'),(10,'7E9503CF-C97D-42A4-8F2B-0806CB7BDFD5','腰围(周长)',NULL,NULL,NULL,NULL,NULL,NULL,NULL,NULL,3,'9E1A5D97-37D9-444C-80ED-5DA2482FA3F8'),(11,'D70D0E96-C09E-4476-AE0D-08EE6C3DE540','高度',NULL,NULL,NULL,NULL,NULL,NULL,NULL,NULL,2,'A55EB3FA-A74D-4037-9723-08C00CFA0645'),(12,'5893FA67-73CF-4954-8A77-099DA6F0DA73','镜片宽度',NULL,NULL,NULL,NULL,NULL,NULL,NULL,NULL,4,'70B102D1-7B0A-436B-908B-A32EEA369C15'),(13,'4AD1A560-17F0-48BA-AAA6-09DFC1E3864E','表头厚度',NULL,NULL,NULL,NULL,NULL,NULL,NULL,NULL,4,'2FD1490D-25B1-456A-8551-F1B8698FF809'),(14,'4654BCDF-90B4-4960-9C6E-0A72B0439515','中国码',NULL,NULL,NULL,NULL,NULL,NULL,NULL,NULL,7,'F77B05C8-BA34-4E52-9DF9-BFDE96A664D0'),(15,'2C7D0710-5719-442A-B77A-0A8509E1A00C','肩宽',NULL,NULL,NULL,NULL,NULL,NULL,NULL,NULL,1,'2CB7C1D0-C4DB-4DD1-A231-2CBBCEEB00E3'),(16,'387452AD-E1B8-489C-8528-0AF057F4DCB5','袖长',NULL,NULL,NULL,NULL,NULL,NULL,NULL,NULL,6,'0BCBF9AE-1E59-4BD3-8FE5-1545C95313D0'),(17,'72E3D462-9493-48CF-88BE-0B43ED0463AB','胸围(周长)',NULL,NULL,NULL,NULL,NULL,NULL,NULL,NULL,2,'2CB7C1D0-C4DB-4DD1-A231-2CBBCEEB00E3'),(18,'E8B3801F-D1F6-4A38-8668-0C62D174A2CE','胸围(周长)',NULL,NULL,NULL,NULL,NULL,NULL,NULL,NULL,2,'1D4A7BE3-1341-45D8-A04B-1F04E944CFB0'),(19,'997E0D55-DEAA-44C0-A7FC-0D65E028758B','背带宽',NULL,NULL,NULL,NULL,NULL,NULL,NULL,NULL,5,'96C414C1-4C01-47BF-B7D3-2BCE4137B43F'),(20,'6199784E-BFC8-4C47-ABBE-0E429237D3A4','帽沿长',NULL,NULL,NULL,NULL,NULL,NULL,NULL,NULL,2,'58DBBA71-6EF3-42AE-A63B-14A09DD98434'),(21,'7703C339-22A4-493B-A147-10C2F197D445','罩杯',NULL,NULL,NULL,NULL,NULL,NULL,NULL,NULL,1,'EF522BF4-87DA-40D9-87B8-4DE83CB12600'),(22,'5083FA40-1A11-4012-BCEC-11015ED65DC4','帮高',NULL,NULL,NULL,NULL,NULL,NULL,NULL,NULL,4,'FA4964DD-CE85-4477-994C-76B2C17F7205'),(23,'46B089A0-E5F5-41B2-B19A-12050CD778F5','L：长',NULL,NULL,NULL,NULL,NULL,NULL,NULL,NULL,1,'2BDB028B-728E-47CE-8B83-3F6CD2DD90F9'),(24,'FD819664-4DC7-46A6-8C32-1240EA596C77','宽度',NULL,NULL,NULL,NULL,NULL,NULL,NULL,NULL,2,'AEB933DE-DB38-48D9-BC39-7626913BBA0A'),(25,'25248439-3740-4FDE-B03A-125A16EF2113','防水台',NULL,NULL,NULL,NULL,NULL,NULL,NULL,NULL,2,'FA4964DD-CE85-4477-994C-76B2C17F7205'),(26,'EE1A00C6-15CD-487F-8BB6-13227D8A70EA','下摆围(周长)',NULL,NULL,NULL,NULL,NULL,NULL,NULL,NULL,4,'9E1A5D97-37D9-444C-80ED-5DA2482FA3F8'),(27,'114B5DDA-EAF5-4D15-9D25-13A9E0E91E2D','腿围直径',NULL,NULL,NULL,NULL,NULL,NULL,NULL,NULL,3,'FA4964DD-CE85-4477-994C-76B2C17F7205'),(28,'72B76F7F-1F02-45F2-B47C-151A07F3EDEE','腰围',NULL,NULL,NULL,NULL,NULL,NULL,NULL,NULL,2,'40EE27EF-24BA-4A38-A00D-087907A1F843'),(29,'E49C2F5C-A90D-4BF6-9A78-15F4D691FC6D','中国码',NULL,NULL,NULL,NULL,NULL,NULL,NULL,NULL,7,'9E1A5D97-37D9-444C-80ED-5DA2482FA3F8'),(30,'06BA4A3B-FB2C-43F3-8C1A-16D622FBD798','鞋宽',NULL,NULL,NULL,NULL,NULL,NULL,NULL,NULL,4,'8CDA2CA0-9687-48F5-81AC-F245440776F9'),(31,'77E2C748-F8D5-474B-AC91-1779ED809ECC','跟高',NULL,NULL,NULL,NULL,NULL,NULL,NULL,NULL,1,'D2EF2FD2-7783-4DC4-A3E4-169C07CAED2F'),(32,'08CA4A1E-4449-4980-8922-18DE8254B8C9','内长',NULL,NULL,NULL,NULL,NULL,NULL,NULL,NULL,3,'8CDA2CA0-9687-48F5-81AC-F245440776F9'),(33,'48B9E91F-DAEE-45CE-B7CF-1A00E620429D','领围',NULL,NULL,NULL,NULL,NULL,NULL,NULL,NULL,1,'E17E7DED-1B2E-4222-A9D3-876E483371E8'),(34,'DA66DB7F-5794-46E6-93D3-1ACAEBD20DE1','中国码',NULL,NULL,NULL,NULL,NULL,NULL,NULL,NULL,7,'9CD7C68F-AF81-49BF-8C72-EE82D416B7AE'),(35,'4730A37B-CA92-45CD-A27D-1BA6195F6066','内长',NULL,NULL,NULL,NULL,NULL,NULL,NULL,NULL,3,'D2EF2FD2-7783-4DC4-A3E4-169C07CAED2F'),(36,'96E6D812-90CE-4981-8CA4-1C077C5EBB3D','脚踝围(周长)',NULL,NULL,NULL,NULL,NULL,NULL,NULL,NULL,3,'03524953-BB55-474F-A039-640EA5157F4F'),(37,'B403DD38-720D-4BC9-9D58-1D6C014EA76F','长度',NULL,NULL,NULL,NULL,NULL,NULL,NULL,NULL,1,'EA2AFC33-AEF2-4989-9F68-52705B67662D'),(38,'23C300A2-7026-4D14-A9BF-1D76E54E56F0','内长',NULL,NULL,NULL,NULL,NULL,NULL,NULL,NULL,2,'6477FA9D-89A2-46A8-956D-93810174D0E6'),(39,'C32B5BE0-CCCB-4DC4-BFDE-1E66E7A3E7A1','肩宽',NULL,NULL,NULL,NULL,NULL,NULL,NULL,NULL,1,'0BCBF9AE-1E59-4BD3-8FE5-1545C95313D0'),(40,'8CF15444-3225-41DB-A652-1ED0C636E5B8','衣长',NULL,NULL,NULL,NULL,NULL,NULL,NULL,NULL,5,'0BCBF9AE-1E59-4BD3-8FE5-1545C95313D0'),(41,'F6402C3D-D509-4C95-A8A1-1EE6EE4D57BC','袖长',NULL,NULL,NULL,NULL,NULL,NULL,NULL,NULL,5,'1018D69C-B6B1-4E4A-960B-ADB54F48A51E'),(42,'DC9C8BC6-C911-4483-BE2D-21817A80BF7C','鞋宽',NULL,NULL,NULL,NULL,NULL,NULL,NULL,NULL,4,'C2BE7484-81AB-4DCB-B829-F720525B93F4'),(43,'8EDD1814-99FD-4829-8017-220D2AE5E011','鞋宽',NULL,NULL,NULL,NULL,NULL,NULL,NULL,NULL,7,'03524953-BB55-474F-A039-640EA5157F4F'),(44,'D4A5914F-08DC-4B7B-B703-22120A9A502F','腰围(周长)',NULL,NULL,NULL,NULL,NULL,NULL,NULL,NULL,3,'4BC4302C-5772-4F98-BB48-52617A58BBBC'),(45,'EC175533-E52C-4D9C-96EE-22D8A5546915','厚度',NULL,NULL,NULL,NULL,NULL,NULL,NULL,NULL,3,'B6918CED-7372-4388-8662-CD7C1769C73D'),(46,'EEFA3AE0-31E8-44E9-A517-232EBF96D691','长度',NULL,NULL,NULL,NULL,NULL,NULL,NULL,NULL,1,'40473357-AEE1-4880-AC52-98451EFC0013'),(47,'81412978-47E8-44CB-B20A-23EEF0328CF4','臀围(周长)',NULL,NULL,NULL,NULL,NULL,NULL,NULL,NULL,2,'6F361B54-8AA7-4898-AA40-10EE7F1EE746'),(48,'4026A0E8-9F1D-441F-A07B-245B84E70ECE','下摆围(周长)',NULL,NULL,NULL,NULL,NULL,NULL,NULL,NULL,4,'4BC4302C-5772-4F98-BB48-52617A58BBBC'),(49,'D0A2C233-3366-4CD5-899D-2516C766C023','袖长',NULL,NULL,NULL,NULL,NULL,NULL,NULL,NULL,6,'4BC4302C-5772-4F98-BB48-52617A58BBBC'),(50,'EB2CB8CA-47CE-444A-A766-2550BFB4F8EE','臀围(周长)',NULL,NULL,NULL,NULL,NULL,NULL,NULL,NULL,4,'FFC692C8-1DBA-4AA5-BD09-FD8A6DEEFA31'),(51,'7840B9E3-3535-4AE2-8D4A-27866959A195','下摆围',NULL,NULL,NULL,NULL,NULL,NULL,NULL,NULL,3,'40EE27EF-24BA-4A38-A00D-087907A1F843'),(52,'8630D8F7-DD90-47C4-9594-282EF914DDD5','长度',NULL,NULL,NULL,NULL,NULL,NULL,NULL,NULL,1,'A11E9A33-177E-4D18-99F1-28E5685C56AE'),(53,'1A975848-E279-4129-B920-283BEE81CCAF','厚度',NULL,NULL,NULL,NULL,NULL,NULL,NULL,NULL,3,'EA2AFC33-AEF2-4989-9F68-52705B67662D'),(54,'99636026-9B5A-4C31-A46F-299D1C4B0278','腰围(周长)',NULL,NULL,NULL,NULL,NULL,NULL,NULL,NULL,1,'6F361B54-8AA7-4898-AA40-10EE7F1EE746'),(55,'2D88BA44-E208-4A88-975D-2AE8C962FA45','肩宽',NULL,NULL,NULL,NULL,NULL,NULL,NULL,NULL,2,'EF079153-121E-4C6E-8882-0B36349B1F37'),(56,'1E8AD5CE-919E-4A4F-B1AD-2B109760EE54','腰围（周长）',NULL,NULL,NULL,NULL,NULL,NULL,NULL,NULL,3,'0ED87C96-D14D-4AEC-B650-BBE4CEDE91EF'),(57,'502D2E73-C30D-48CE-8E9C-2B6B7BE4ED5C','防水台',NULL,NULL,NULL,NULL,NULL,NULL,NULL,NULL,2,'D2EF2FD2-7783-4DC4-A3E4-169C07CAED2F'),(58,'BA6C52EE-11AF-4805-9403-2D1D186E03EA','肩带长',NULL,NULL,NULL,NULL,NULL,NULL,NULL,NULL,5,'2CB7C1D0-C4DB-4DD1-A231-2CBBCEEB00E3'),(59,'DA9BBCD5-4246-4F90-8AA5-2D6166A4D2B9','裤腰围（周长）',NULL,NULL,NULL,NULL,NULL,NULL,NULL,NULL,8,'8879ABBA-8C05-4534-8386-5CF2C893D406'),(60,'A91D5F07-5059-45B9-B381-2E61A797B300','肩宽',NULL,NULL,NULL,NULL,NULL,NULL,NULL,NULL,1,'8879ABBA-8C05-4534-8386-5CF2C893D406'),(61,'BDF01941-B0D4-4DC5-AA43-315661BFE0DE','裤腰围(周长)',NULL,NULL,NULL,NULL,NULL,NULL,NULL,NULL,1,'1FA94E64-B96B-4B8B-ADB8-C4A9B7B92DE6'),(62,'4C846261-F245-4BE6-8848-3232869A8C4E','腰围',NULL,NULL,NULL,NULL,NULL,NULL,NULL,NULL,3,'EEB06EEE-5A0B-401E-912F-3FC296FE1DC0'),(63,'7363E318-5BBA-46DA-A287-324ED0C1D759','内长',NULL,NULL,NULL,NULL,NULL,NULL,NULL,NULL,6,'03524953-BB55-474F-A039-640EA5157F4F'),(64,'612E9183-460E-4477-A65B-335ECCFAF3A8','衣长',NULL,NULL,NULL,NULL,NULL,NULL,NULL,NULL,6,'1018D69C-B6B1-4E4A-960B-ADB54F48A51E'),(65,'3F01CFA0-709D-4EC4-B0AC-34824D49D80F','大腿围',NULL,NULL,NULL,NULL,NULL,NULL,NULL,NULL,4,'1FA94E64-B96B-4B8B-ADB8-C4A9B7B92DE6'),(66,'3B2B7A51-D794-48EF-8E72-34FCAAFF88D4','项链坠长度',NULL,NULL,NULL,NULL,NULL,NULL,NULL,NULL,2,'09BBEF5D-0805-4B3B-BB77-6C24A522B0FD'),(67,'F6B12B46-6C96-466B-90D6-35CBF7D39F6C','宽度',NULL,NULL,NULL,NULL,NULL,NULL,NULL,NULL,2,'7590A392-2744-4C6A-95C8-B9B68045B8C1'),(68,'FE6D6920-7D5F-4379-9210-364C94D3EAB4','厚度',NULL,NULL,NULL,NULL,NULL,NULL,NULL,NULL,3,'96C414C1-4C01-47BF-B7D3-2BCE4137B43F'),(69,'E9E71F5F-1713-4404-AB7A-3740A7AC41DD','腰围(周长)',NULL,NULL,NULL,NULL,NULL,NULL,NULL,NULL,3,'C10B1633-E157-46BA-9F31-254366E44ACA'),(70,'3A484A97-BFD0-46CE-90BA-37B09ECF6EF9','腰围',NULL,NULL,NULL,NULL,NULL,NULL,NULL,NULL,3,'EF522BF4-87DA-40D9-87B8-4DE83CB12600'),(71,'745263D1-0063-4CFD-B7ED-37E15080A39F','袖长',NULL,NULL,NULL,NULL,NULL,NULL,NULL,NULL,6,'969D4013-D448-445E-8EEB-2E4CFE5642F8'),(72,'AA6469CF-F7B9-4A4E-A805-37F5D10380B2','肩宽',NULL,NULL,NULL,NULL,NULL,NULL,NULL,NULL,1,'EEB06EEE-5A0B-401E-912F-3FC296FE1DC0'),(73,'BAB58765-0DDB-47FD-9B63-382031BD3AB9','宽度',NULL,NULL,NULL,NULL,NULL,NULL,NULL,NULL,1,'62CB1CA1-C029-40F0-BC20-B8933B308C4E'),(74,'32DE9E18-D1E7-4482-AEBC-3936D71662E4','腰围(周长)',NULL,NULL,NULL,NULL,NULL,NULL,NULL,NULL,3,'8879ABBA-8C05-4534-8386-5CF2C893D406'),(75,'3D57C23C-0A3A-4D13-B86B-3948429E9C26','高度',NULL,NULL,NULL,NULL,NULL,NULL,NULL,NULL,1,'96C414C1-4C01-47BF-B7D3-2BCE4137B43F'),(76,'7B997CD5-8AB7-4F5D-82FA-3A6CDC4D475A','最小腰围',NULL,NULL,NULL,NULL,NULL,NULL,NULL,NULL,6,'EA05C5F2-E7A2-42C5-A517-93CE761440A7'),(77,'4B130683-A8C9-4828-B723-3ACC3A5204B1','胸围',NULL,NULL,NULL,NULL,NULL,NULL,NULL,NULL,1,'68889A88-A88B-433B-9518-0E65BDEAD1C7'),(78,'1AF38145-99F6-4D28-B843-3B8DA3391054','胸围(周长)',NULL,NULL,NULL,NULL,NULL,NULL,NULL,NULL,2,'969D4013-D448-445E-8EEB-2E4CFE5642F8'),(79,'16C64E75-3A45-4C56-A2CB-3C7192718311','袖长',NULL,NULL,NULL,NULL,NULL,NULL,NULL,NULL,4,'40EE27EF-24BA-4A38-A00D-087907A1F843'),(80,'B05A157C-7793-4B24-8C5C-3C8E66FB9696','胸围',NULL,NULL,NULL,NULL,NULL,NULL,NULL,NULL,2,'EEB06EEE-5A0B-401E-912F-3FC296FE1DC0'),(81,'9D713662-7E7F-458F-B622-3CDEF60F3B01','袖口围(周长)',NULL,NULL,NULL,NULL,NULL,NULL,NULL,NULL,7,'0BCBF9AE-1E59-4BD3-8FE5-1545C95313D0'),(82,'3D6CDC3A-70F8-4373-8439-3DD6A199B93D','下摆围(周长)',NULL,NULL,NULL,NULL,NULL,NULL,NULL,NULL,4,'CCC9BEC4-EEC8-4153-9019-F1E85ED12432'),(83,'9AD747CC-BAE0-4685-8214-3F88D8EB7FEB','防水台',NULL,NULL,NULL,NULL,NULL,NULL,NULL,NULL,5,'03524953-BB55-474F-A039-640EA5157F4F'),(84,'2CB9A9FD-5553-48F0-B6C7-3FC1F2E2F45D','衣长',NULL,NULL,NULL,NULL,NULL,NULL,NULL,NULL,5,'9E1A5D97-37D9-444C-80ED-5DA2482FA3F8'),(85,'75CD8B1B-352F-4A44-9B33-404197101FEE','系带宽',NULL,NULL,NULL,NULL,NULL,NULL,NULL,NULL,4,'A3B9F889-A539-4600-A99C-8BB2B3D5DA17'),(86,'F2B76650-105F-4B51-9A58-421895B2D76C','表带长度',NULL,NULL,NULL,NULL,NULL,NULL,NULL,NULL,2,'2FD1490D-25B1-456A-8551-F1B8698FF809'),(87,'48546C9A-F383-45F7-A30C-4321A3B4A8EC','宽度',NULL,NULL,NULL,NULL,NULL,NULL,NULL,NULL,1,'A55EB3FA-A74D-4037-9723-08C00CFA0645'),(88,'B8636A83-6344-4597-9385-433AC9AB06D2','衣长',NULL,NULL,NULL,NULL,NULL,NULL,NULL,NULL,4,'2CB7C1D0-C4DB-4DD1-A231-2CBBCEEB00E3'),(89,'80E937B6-4FFD-42CA-BFAE-44BDF935C768','长度',NULL,NULL,NULL,NULL,NULL,NULL,NULL,NULL,1,'ADC10A71-BCEB-4EDD-B609-B739C9BC3DA7'),(90,'8CCA9B6B-3D38-488C-B5AA-44F6AA19D1E4','裙摆围(周长)',NULL,NULL,NULL,NULL,NULL,NULL,NULL,NULL,3,'6F361B54-8AA7-4898-AA40-10EE7F1EE746'),(91,'ACAB2D6F-DBCC-4C3B-AB55-46006338A568','袖长',NULL,NULL,NULL,NULL,NULL,NULL,NULL,NULL,4,'5509A2B4-C5BA-45AA-80CB-EB990370E431'),(92,'ECB498EC-CF81-4719-B354-47184CCFEE42','鞋跟',NULL,NULL,NULL,NULL,NULL,NULL,NULL,NULL,4,'03524953-BB55-474F-A039-640EA5157F4F'),(93,'58C47496-BED6-4C9F-B8FE-49057E5D59A8','直径',NULL,NULL,NULL,NULL,NULL,NULL,NULL,NULL,2,'22FD3AD1-2468-4E08-9026-742CF9220EEC'),(94,'7F2133F4-3E7B-45F3-9367-492680B07F69','宽度',NULL,NULL,NULL,NULL,NULL,NULL,NULL,NULL,1,'06311FAC-9E9D-4E9E-9DD6-346E0BB5F2BF'),(95,'A0BCF81F-2E85-443D-9404-49902FDCE958','前领深',NULL,NULL,NULL,NULL,NULL,NULL,NULL,NULL,6,'C10B1633-E157-46BA-9F31-254366E44ACA'),(96,'14F8B141-A106-40BF-AAB4-49A19166E2BB','肩宽',NULL,NULL,NULL,NULL,NULL,NULL,NULL,NULL,5,'40EE27EF-24BA-4A38-A00D-087907A1F843'),(97,'8D158D79-E9F9-4D4C-BB5E-49F09B78C796','肩带宽度',NULL,NULL,NULL,NULL,NULL,NULL,NULL,NULL,6,'D4ADF8A3-CFA4-4541-9C7D-341A6896CE0C'),(98,'DD9BB1DF-0F90-4A12-8FBD-4AC14ABFAB5A','宽度',NULL,NULL,NULL,NULL,NULL,NULL,NULL,NULL,2,'9C5ACC30-5663-4B51-A94F-2EA5C9747898'),(99,'62AEFCA8-CE2D-493C-A752-4BB2A274F6E9','W：宽',NULL,NULL,NULL,NULL,NULL,NULL,NULL,NULL,2,'2BDB028B-728E-47CE-8B83-3F6CD2DD90F9'),(100,'CCF4CB9D-AD22-4B99-BFDD-4CEBD48138ED','长度',NULL,NULL,NULL,NULL,NULL,NULL,NULL,NULL,1,'22FD3AD1-2468-4E08-9026-742CF9220EEC'),(101,'3C86396E-CD83-40C4-9CCA-4E9E4D897415','袖长',NULL,NULL,NULL,NULL,NULL,NULL,NULL,NULL,6,'1B5C32A5-8C45-4C0B-B5F0-7111169CC606'),(102,'4CCCEAD5-423B-4DB6-8AAA-4ED0FC7BC970','肩带宽度',NULL,NULL,NULL,NULL,NULL,NULL,NULL,NULL,6,'62CB1CA1-C029-40F0-BC20-B8933B308C4E'),(103,'ABCB76C7-772B-4AA5-8A91-4F2FC6781080','鞋跟高',NULL,NULL,NULL,NULL,NULL,NULL,NULL,NULL,1,'8CDA2CA0-9687-48F5-81AC-F245440776F9'),(104,'B077F0B1-39D4-4F9D-A5B8-5123C5D337B7','鞋帮高',NULL,NULL,NULL,NULL,NULL,NULL,NULL,NULL,2,'C2BE7484-81AB-4DCB-B829-F720525B93F4'),(105,'8746C8D8-AB05-4796-A241-5298DBD9455B','腰围',NULL,NULL,NULL,NULL,NULL,NULL,NULL,NULL,1,'E6D9D190-1357-4FDB-A605-DD07C973B77B'),(106,'EBC2BCB3-C984-42BC-A12F-530AFBF7AD19','腰围(周长)',NULL,NULL,NULL,NULL,NULL,NULL,NULL,NULL,4,'3AE6EA4B-473C-471F-B3FD-5AA158CE9F18'),(107,'A0D95979-451F-4873-8C15-5499E10B2888','肩宽',NULL,NULL,NULL,NULL,NULL,NULL,NULL,NULL,1,'969D4013-D448-445E-8EEB-2E4CFE5642F8'),(108,'08FF6ED6-237E-4D00-8581-54CEC855F9F2','提把高',NULL,NULL,NULL,NULL,NULL,NULL,NULL,NULL,4,'D4ADF8A3-CFA4-4541-9C7D-341A6896CE0C'),(109,'36961A5D-30D9-41EE-AF59-54E9BF6DDA8F','宽度',NULL,NULL,NULL,NULL,NULL,NULL,NULL,NULL,2,'8BD3F952-FD49-4EA0-B8E2-2AD0AF1FB8F6'),(110,'D41866EA-6CD1-4B54-A325-551CABE7B2EB','镜脚长度',NULL,NULL,NULL,NULL,NULL,NULL,NULL,NULL,5,'70B102D1-7B0A-436B-908B-A32EEA369C15'),(111,'680B4F4F-6E74-4708-AA84-56096BAA8A97','衣长',NULL,NULL,NULL,NULL,NULL,NULL,NULL,NULL,5,'1D4A7BE3-1341-45D8-A04B-1F04E944CFB0'),(112,'50ED81EC-7351-4970-A068-5923218398F8','后衣长',NULL,NULL,NULL,NULL,NULL,NULL,NULL,NULL,6,'40EE27EF-24BA-4A38-A00D-087907A1F843'),(113,'8AB4D4B9-C0F7-484A-9006-59A5A7FD97F7','胸围（周长）',NULL,NULL,NULL,NULL,NULL,NULL,NULL,NULL,2,'0ED87C96-D14D-4AEC-B650-BBE4CEDE91EF'),(114,'43AD64AF-28EA-4405-AEC7-5FA9C9A0DBC2','胸围(周长)',NULL,NULL,NULL,NULL,NULL,NULL,NULL,NULL,2,'0BCBF9AE-1E59-4BD3-8FE5-1545C95313D0'),(115,'BC48508C-F002-4DE1-8F18-608C6958563B','提把高',NULL,NULL,NULL,NULL,NULL,NULL,NULL,NULL,4,'62CB1CA1-C029-40F0-BC20-B8933B308C4E'),(116,'6E233BF2-8299-4EB0-9DC4-61A24BF6972B','筒围(周长)',NULL,NULL,NULL,NULL,NULL,NULL,NULL,NULL,2,'03524953-BB55-474F-A039-640EA5157F4F'),(117,'AF44026A-0FB2-4F76-857A-6279D14AE998','袖长',NULL,NULL,NULL,NULL,NULL,NULL,NULL,NULL,6,'9CD7C68F-AF81-49BF-8C72-EE82D416B7AE'),(118,'4CF7A64F-1605-41CD-88A4-62C2C8B9A4C0','长度',NULL,NULL,NULL,NULL,NULL,NULL,NULL,NULL,1,'B118D9CD-00C3-4FC2-A460-28C2852EE82F'),(119,'515753B5-ACC2-49C3-9DBB-63060170ABB0','身长',NULL,NULL,NULL,NULL,NULL,NULL,NULL,NULL,7,'40EE27EF-24BA-4A38-A00D-087907A1F843'),(120,'F744B33F-B022-4F7C-8F2A-6358FB9E3168','胸围(周长)',NULL,NULL,NULL,NULL,NULL,NULL,NULL,NULL,2,'9E1A5D97-37D9-444C-80ED-5DA2482FA3F8'),(121,'816463F2-8215-4249-BB5F-63BFD347A709','带宽',NULL,NULL,NULL,NULL,NULL,NULL,NULL,NULL,4,'A55EB3FA-A74D-4037-9723-08C00CFA0645'),(122,'72669AFA-5B3C-489F-8E81-64362FC9A728','厚度',NULL,NULL,NULL,NULL,NULL,NULL,NULL,NULL,3,'62CB1CA1-C029-40F0-BC20-B8933B308C4E'),(123,'2E581165-4F2A-4D57-AE51-64463F72B038','腰围(周长)',NULL,NULL,NULL,NULL,NULL,NULL,NULL,NULL,3,'FFC692C8-1DBA-4AA5-BD09-FD8A6DEEFA31'),(124,'F2E2B78D-34F6-43F3-B596-647A443925B8','W：宽',NULL,NULL,NULL,NULL,NULL,NULL,NULL,NULL,1,'D3ACDD19-758F-49E8-A5CC-710C09B8066D'),(125,'3F161E22-E69D-4A0B-8C97-65136DB6DBDA','中国码',NULL,NULL,NULL,NULL,NULL,NULL,NULL,NULL,12,'969D4013-D448-445E-8EEB-2E4CFE5642F8'),(126,'53987DC1-E373-4019-84A6-65CFE0A4C38A','胸围(周长)',NULL,NULL,NULL,NULL,NULL,NULL,NULL,NULL,2,'3AE6EA4B-473C-471F-B3FD-5AA158CE9F18'),(127,'A38539C5-9D1F-46BB-97A7-66CD13E38979','H：高',NULL,NULL,NULL,NULL,NULL,NULL,NULL,NULL,2,'D3ACDD19-758F-49E8-A5CC-710C09B8066D'),(128,'4DB62A44-5755-46F9-8759-672ED3BC05C8','宽度',NULL,NULL,NULL,NULL,NULL,NULL,NULL,NULL,2,'A3B9F889-A539-4600-A99C-8BB2B3D5DA17'),(129,'7643561E-B598-4145-AC59-673884BAA30C','头围(周长)',NULL,NULL,NULL,NULL,NULL,NULL,NULL,NULL,1,'58DBBA71-6EF3-42AE-A63B-14A09DD98434'),(130,'81C51CD8-8CBB-48E2-B54B-678A30CD61F5','长度',NULL,NULL,NULL,NULL,NULL,NULL,NULL,NULL,1,'DF51A227-76D1-43C0-8AE9-F4354DBCED18'),(131,'CA07A03F-0D87-4437-AFEC-694076756E6F','长度',NULL,NULL,NULL,NULL,NULL,NULL,NULL,NULL,1,'8BD3F952-FD49-4EA0-B8E2-2AD0AF1FB8F6'),(132,'6CF09BB8-3941-4086-8382-6985B4B48C28','高度',NULL,NULL,NULL,NULL,NULL,NULL,NULL,NULL,2,'06311FAC-9E9D-4E9E-9DD6-346E0BB5F2BF'),(133,'C090F4A8-633C-4D0E-B310-69BAEF74250E','鞋宽',NULL,NULL,NULL,NULL,NULL,NULL,NULL,NULL,4,'D2EF2FD2-7783-4DC4-A3E4-169C07CAED2F'),(134,'C2D59076-0E05-4B91-BDB6-6A501492AD51','中国码',NULL,NULL,NULL,NULL,NULL,NULL,NULL,NULL,5,'6F361B54-8AA7-4898-AA40-10EE7F1EE746'),(135,'69B97071-0362-4539-89DF-6B81AED4C901','袖长',NULL,NULL,NULL,NULL,NULL,NULL,NULL,NULL,6,'89448EA5-A31D-4023-9F9A-0E48F9B1686B'),(136,'11F86663-77E5-4ABD-87A9-6C5CCC1D15F8','厚度',NULL,NULL,NULL,NULL,NULL,NULL,NULL,NULL,3,'06311FAC-9E9D-4E9E-9DD6-346E0BB5F2BF'),(137,'B409CCE3-2247-40F4-92CA-6CCBF71A2A59','裤长',NULL,NULL,NULL,NULL,NULL,NULL,NULL,NULL,10,'1018D69C-B6B1-4E4A-960B-ADB54F48A51E'),(138,'10597404-C993-46E1-AF93-6DDC023910F0','项链坠厚度',NULL,NULL,NULL,NULL,NULL,NULL,NULL,NULL,4,'09BBEF5D-0805-4B3B-BB77-6C24A522B0FD'),(139,'1D8E09B5-C8AF-46B7-962A-6E0B16369CC7','L：长',NULL,NULL,NULL,NULL,NULL,NULL,NULL,NULL,2,'1B41202C-F595-468E-B329-BA361C8CDA37'),(140,'1A5726D6-4156-462D-88DB-6E27D3E5FDB2','高度',NULL,NULL,NULL,NULL,NULL,NULL,NULL,NULL,3,'7790FEAF-5834-437F-B41A-C5B3BCE65A2C'),(141,'A664A41A-88D8-424F-97A7-713C8F442A61','中国码',NULL,NULL,NULL,NULL,NULL,NULL,NULL,NULL,8,'0BCBF9AE-1E59-4BD3-8FE5-1545C95313D0'),(142,'CC364EC8-1FBC-4C36-A18B-71B4C37B6C3A','宽度',NULL,NULL,NULL,NULL,NULL,NULL,NULL,NULL,2,'DF51A227-76D1-43C0-8AE9-F4354DBCED18'),(143,'1F246FCA-D580-4039-81E9-723E412BD553','裤脚围(周长)',NULL,NULL,NULL,NULL,NULL,NULL,NULL,NULL,6,'F77B05C8-BA34-4E52-9DF9-BFDE96A664D0'),(144,'E1272FE9-D299-4138-AA40-737400BBF01E','中国码',NULL,NULL,NULL,NULL,NULL,NULL,NULL,NULL,7,'1B5C32A5-8C45-4C0B-B5F0-7111169CC606'),(145,'D71829C1-D09B-429C-9579-737BAEC44830','肩宽',NULL,NULL,NULL,NULL,NULL,NULL,NULL,NULL,1,'C10B1633-E157-46BA-9F31-254366E44ACA'),(146,'BF791D74-77B0-4883-9B81-74D98C5DCB6D','肩宽',NULL,NULL,NULL,NULL,NULL,NULL,NULL,NULL,1,'1018D69C-B6B1-4E4A-960B-ADB54F48A51E'),(147,'3D9F725D-DF53-4D92-9297-756C1D5EBFDD','衣长',NULL,NULL,NULL,NULL,NULL,NULL,NULL,NULL,5,'1B5C32A5-8C45-4C0B-B5F0-7111169CC606'),(148,'78FDEA80-841B-4CE0-88C5-7573971B9871','臀围（周长）',NULL,NULL,NULL,NULL,NULL,NULL,NULL,NULL,8,'1018D69C-B6B1-4E4A-960B-ADB54F48A51E'),(149,'C41A34C6-5F66-47E5-81C1-775BEFEB0E2F','鼻梁宽度',NULL,NULL,NULL,NULL,NULL,NULL,NULL,NULL,2,'70B102D1-7B0A-436B-908B-A32EEA369C15'),(150,'625D9961-590F-4F91-AE11-78C593F6140F','肩宽',NULL,NULL,NULL,NULL,NULL,NULL,NULL,NULL,1,'FFC692C8-1DBA-4AA5-BD09-FD8A6DEEFA31'),(151,'23FF9127-6DD1-49DA-9AD8-7A161291C1CA','肩带长度',NULL,NULL,NULL,NULL,NULL,NULL,NULL,NULL,5,'D4ADF8A3-CFA4-4541-9C7D-341A6896CE0C'),(152,'C82E51EE-1027-416B-83B7-7B90FF7CDC33','宽度',NULL,NULL,NULL,NULL,NULL,NULL,NULL,NULL,2,'A11E9A33-177E-4D18-99F1-28E5685C56AE'),(153,'9DD97408-A929-45CE-AACF-7BB96FC05888','下摆围（周长）',NULL,NULL,NULL,NULL,NULL,NULL,NULL,NULL,4,'1018D69C-B6B1-4E4A-960B-ADB54F48A51E'),(154,'8F4E9FC3-17B2-46D8-A40B-7C08C17A3A5A','袖长',NULL,NULL,NULL,NULL,NULL,NULL,NULL,NULL,7,'FFC692C8-1DBA-4AA5-BD09-FD8A6DEEFA31'),(155,'F858C4C0-58F2-4A6B-8BBF-7D32E8B1E0F1','宽度',NULL,NULL,NULL,NULL,NULL,NULL,NULL,NULL,2,'B118D9CD-00C3-4FC2-A460-28C2852EE82F'),(156,'2AF97E10-788F-4432-9D16-7D46C09B52E6','肩宽',NULL,NULL,NULL,NULL,NULL,NULL,NULL,NULL,1,'CCC9BEC4-EEC8-4153-9019-F1E85ED12432'),(157,'A4D4CEC1-AC0E-4527-B01D-7D8460D8BAB8','下摆围(周长)',NULL,NULL,NULL,NULL,NULL,NULL,NULL,NULL,4,'8879ABBA-8C05-4534-8386-5CF2C893D406'),(158,'A9D15264-D160-4245-BE79-7D95FFC74500','中国码',NULL,NULL,NULL,NULL,NULL,NULL,NULL,NULL,10,'FFC692C8-1DBA-4AA5-BD09-FD8A6DEEFA31'),(159,'1F6CBE4E-0036-4E08-8105-7F36F3FF225E','胸围（周长）',NULL,NULL,NULL,NULL,NULL,NULL,NULL,NULL,2,'9CD7C68F-AF81-49BF-8C72-EE82D416B7AE'),(160,'28F8BDA8-3747-4FB9-97D6-82B46D20B1A5','宽度',NULL,NULL,NULL,NULL,NULL,NULL,NULL,NULL,2,'327DFAF7-469C-44C4-8A17-B1A3A1826D18'),(161,'24101FB5-5320-4D91-A3E9-82D05095A839','肩宽',NULL,NULL,NULL,NULL,NULL,NULL,NULL,NULL,1,'5509A2B4-C5BA-45AA-80CB-EB990370E431'),(162,'5C91A985-141E-44BB-B409-82EC282A5B34','中国码',NULL,NULL,NULL,NULL,NULL,NULL,NULL,NULL,11,'1018D69C-B6B1-4E4A-960B-ADB54F48A51E'),(163,'8F0EB417-9F17-4D05-A790-830F1688BA0A','领围(周长)',NULL,NULL,NULL,NULL,NULL,NULL,NULL,NULL,4,'0BCBF9AE-1E59-4BD3-8FE5-1545C95313D0'),(164,'0B252688-179A-42E6-AB65-83154EC205EC','鞋跟高',NULL,NULL,NULL,NULL,NULL,NULL,NULL,NULL,1,'47597A31-3B97-46C5-B280-F8044FB79BCE'),(165,'AF28CBBE-5D8D-44E6-AB98-834011F67EB0','下摆围（周长）',NULL,NULL,NULL,NULL,NULL,NULL,NULL,NULL,4,'9CD7C68F-AF81-49BF-8C72-EE82D416B7AE'),(166,'91642D8B-2A8B-4C0A-ADB2-838B4461C5A9','厚度',NULL,NULL,NULL,NULL,NULL,NULL,NULL,NULL,3,'D4ADF8A3-CFA4-4541-9C7D-341A6896CE0C'),(167,'66AFD044-7E18-41A6-8C97-83B2766942D6','臀围(周长)',NULL,NULL,NULL,NULL,NULL,NULL,NULL,NULL,2,'1FA94E64-B96B-4B8B-ADB8-C4A9B7B92DE6'),(168,'977C3DD9-75DF-4740-A29F-83BDA598BE56','中指长',NULL,NULL,NULL,NULL,NULL,NULL,NULL,NULL,1,'BB99FC02-5D51-45C2-87B9-ADFF43EB716D'),(169,'9C83CE4D-159E-4469-A0BE-84535E3F8FA0','拉杆最高度',NULL,NULL,NULL,NULL,NULL,NULL,NULL,NULL,4,'ADD54E4D-F93B-4360-B6A0-F5B730735E15'),(170,'DCB742F0-EF78-4E1D-A76C-845C2679237E','表头直径',NULL,NULL,NULL,NULL,NULL,NULL,NULL,NULL,3,'2FD1490D-25B1-456A-8551-F1B8698FF809'),(171,'0F2FF67F-65D6-4C10-879C-850745F0DEFE','中国码',NULL,NULL,NULL,NULL,NULL,NULL,NULL,NULL,7,'1FA94E64-B96B-4B8B-ADB8-C4A9B7B92DE6'),(172,'1E1A8CC3-89E5-4681-9EF1-857F4C411B6F','宽度',NULL,NULL,NULL,NULL,NULL,NULL,NULL,NULL,2,'A7D5B21C-9731-4740-9B2A-E9465907C4D2'),(173,'F38A1943-E7F6-4EBE-AA7D-869EEDD7B182','胸围',NULL,NULL,NULL,NULL,NULL,NULL,NULL,NULL,2,'5509A2B4-C5BA-45AA-80CB-EB990370E431'),(174,'62DB4915-CFE0-4FEE-B0C8-86A12B301FDA','肩带长度',NULL,NULL,NULL,NULL,NULL,NULL,NULL,NULL,5,'62CB1CA1-C029-40F0-BC20-B8933B308C4E'),(175,'4CC048B7-7BE8-4DFB-A78E-86D38C182509','肩带宽',NULL,NULL,NULL,NULL,NULL,NULL,NULL,NULL,6,'2CB7C1D0-C4DB-4DD1-A231-2CBBCEEB00E3'),(176,'A4111CBF-E239-458B-8A85-874375120D48','高度',NULL,NULL,NULL,NULL,NULL,NULL,NULL,NULL,1,'6BBA15B2-24B0-40F3-85C1-B2F4F36B5AF0'),(177,'201DD4E1-7265-48A2-9B50-879B87B14EA3','胸围(周长)',NULL,NULL,NULL,NULL,NULL,NULL,NULL,NULL,2,'4BC4302C-5772-4F98-BB48-52617A58BBBC'),(178,'11403535-F1A3-4AEA-BFB7-889ED92CC669','衣长',NULL,NULL,NULL,NULL,NULL,NULL,NULL,NULL,5,'4BC4302C-5772-4F98-BB48-52617A58BBBC'),(179,'5ACC501B-0C21-485D-8AE9-88D4784A44C7','带长',NULL,NULL,NULL,NULL,NULL,NULL,NULL,NULL,5,'A55EB3FA-A74D-4037-9723-08C00CFA0645'),(180,'9BE91C9F-C034-420F-B8E1-892557CB00C4','衣长',NULL,NULL,NULL,NULL,NULL,NULL,NULL,NULL,2,'E17E7DED-1B2E-4222-A9D3-876E483371E8'),(181,'882E95B7-8F18-4F6B-ABDD-89448D47E309','高度',NULL,NULL,NULL,NULL,NULL,NULL,NULL,NULL,3,'5A31C3E9-9B25-4EFC-B2BB-AF7F3DD0D4D6'),(182,'986182E0-EA18-4419-9963-8A4487EB7FD2','衣长',NULL,NULL,NULL,NULL,NULL,NULL,NULL,NULL,5,'9CD7C68F-AF81-49BF-8C72-EE82D416B7AE'),(183,'90EA8410-3AAF-48BA-A38B-8A963BC643FB','中国码',NULL,NULL,NULL,NULL,NULL,NULL,NULL,NULL,6,'5509A2B4-C5BA-45AA-80CB-EB990370E431'),(184,'08FEABF8-69D2-409B-B74D-8C7478E2D938','裤脚围(周长)',NULL,NULL,NULL,NULL,NULL,NULL,NULL,NULL,10,'8879ABBA-8C05-4534-8386-5CF2C893D406'),(185,'4815FEC5-F6C0-473F-9C06-8CCDE7C54F0A','臀围(周长)',NULL,NULL,NULL,NULL,NULL,NULL,NULL,NULL,2,'F77B05C8-BA34-4E52-9DF9-BFDE96A664D0'),(186,'6487B21D-FE2C-44BF-B34C-8CEA95D1023F','内长',NULL,NULL,NULL,NULL,NULL,NULL,NULL,NULL,3,'47597A31-3B97-46C5-B280-F8044FB79BCE'),(187,'35F6F991-EFD7-4B27-AF61-8D56288803F4','厚度',NULL,NULL,NULL,NULL,NULL,NULL,NULL,NULL,3,'DF51A227-76D1-43C0-8AE9-F4354DBCED18'),(188,'9A7D20C1-DB63-4608-ACC0-8EEB9C1E105B','胸围(周长)',NULL,NULL,NULL,NULL,NULL,NULL,NULL,NULL,2,'CCC9BEC4-EEC8-4153-9019-F1E85ED12432'),(189,'C9D5DECF-E0B0-416E-9F4E-8FC833DB5A0B','长度',NULL,NULL,NULL,NULL,NULL,NULL,NULL,NULL,1,'7790FEAF-5834-437F-B41A-C5B3BCE65A2C'),(190,'1490F2F7-2325-4F39-8C1C-9020ACEBC3E7','衣长',NULL,NULL,NULL,NULL,NULL,NULL,NULL,NULL,5,'C10B1633-E157-46BA-9F31-254366E44ACA'),(191,'21645726-72E3-4152-BFCA-904B8DE8F50A','衣长',NULL,NULL,NULL,NULL,NULL,NULL,NULL,NULL,3,'5509A2B4-C5BA-45AA-80CB-EB990370E431'),(192,'D4AEE9DC-FD85-404B-8C1E-91A312A4FBFF','表带宽度',NULL,NULL,NULL,NULL,NULL,NULL,NULL,NULL,1,'2FD1490D-25B1-456A-8551-F1B8698FF809'),(193,'43A12EA6-FE6C-48EA-8947-92CF1F739583','中国码',NULL,NULL,NULL,NULL,NULL,NULL,NULL,NULL,7,'1D4A7BE3-1341-45D8-A04B-1F04E944CFB0'),(194,'7D34DBC5-5F3B-4FAF-88E3-92FEA766AF08','下摆围(周长)',NULL,NULL,NULL,NULL,NULL,NULL,NULL,NULL,4,'C10B1633-E157-46BA-9F31-254366E44ACA'),(195,'EB6F8D3F-EFCE-406D-B64D-97842BAFD688','长度',NULL,NULL,NULL,NULL,NULL,NULL,NULL,NULL,1,'9C5ACC30-5663-4B51-A94F-2EA5C9747898'),(196,'19BE505F-2C1D-47E3-961B-97B1D34CA945','肩宽',NULL,NULL,NULL,NULL,NULL,NULL,NULL,NULL,1,'1D4A7BE3-1341-45D8-A04B-1F04E944CFB0'),(197,'2826E427-5182-4C3F-BA1F-9AF7D9C0130A','袖长',NULL,NULL,NULL,NULL,NULL,NULL,NULL,NULL,6,'8879ABBA-8C05-4534-8386-5CF2C893D406'),(198,'73F5CEE4-05C1-49C8-A565-9B70FACF1503','宽度',NULL,NULL,NULL,NULL,NULL,NULL,NULL,NULL,2,'B6918CED-7372-4388-8662-CD7C1769C73D'),(199,'45E97E19-9DB3-42D5-8D26-9BC42C5EECE3','中国码',NULL,NULL,NULL,NULL,NULL,NULL,NULL,NULL,7,'2CB7C1D0-C4DB-4DD1-A231-2CBBCEEB00E3'),(200,'EE611FD7-15F8-4378-9C32-9C0FC7D9AC42','筒高',NULL,NULL,NULL,NULL,NULL,NULL,NULL,NULL,2,'8C596E58-EC4D-468A-A7EF-FF874D920B54'),(201,'FAFC8D4B-9AF0-4917-8217-9D75DC1C2503','袖长',NULL,NULL,NULL,NULL,NULL,NULL,NULL,NULL,1,'EF079153-121E-4C6E-8882-0B36349B1F37'),(202,'6A8F3BB7-DA2C-4A0E-9AA9-9D777A86C377','上衣长',NULL,NULL,NULL,NULL,NULL,NULL,NULL,NULL,8,'FFC692C8-1DBA-4AA5-BD09-FD8A6DEEFA31'),(203,'8FB7179B-48E5-4197-9052-9E4C850C0267','裤腰围(周长)',NULL,NULL,NULL,NULL,NULL,NULL,NULL,NULL,1,'F77B05C8-BA34-4E52-9DF9-BFDE96A664D0'),(204,'AAE05C69-AE36-4F41-8B4F-9E7889FFC7F0','L：长',NULL,NULL,NULL,NULL,NULL,NULL,NULL,NULL,3,'D3ACDD19-758F-49E8-A5CC-710C09B8066D'),(205,'66977AA6-47B5-4FB4-8362-9E874132BCE3','腰围（周长）',NULL,NULL,NULL,NULL,NULL,NULL,NULL,NULL,3,'1B5C32A5-8C45-4C0B-B5F0-7111169CC606'),(206,'D915D38E-04AC-474F-A4ED-9F3A869BAB5D','腰围（周长）',NULL,NULL,NULL,NULL,NULL,NULL,NULL,NULL,3,'9CD7C68F-AF81-49BF-8C72-EE82D416B7AE'),(207,'3F79FAC7-ABF9-4B5A-916F-A070FFD14A26','长度',NULL,NULL,NULL,NULL,NULL,NULL,NULL,NULL,1,'A3B9F889-A539-4600-A99C-8BB2B3D5DA17'),(208,'D954358A-0BB7-4BCA-B3BE-A0BA51A0E2EB','裤脚围(周长)',NULL,NULL,NULL,NULL,NULL,NULL,NULL,NULL,5,'FFC692C8-1DBA-4AA5-BD09-FD8A6DEEFA31'),(209,'47ACBDC0-C904-4B71-9729-A1E3C8F91268','中国码',NULL,NULL,NULL,NULL,NULL,NULL,NULL,NULL,5,'C2BE7484-81AB-4DCB-B829-F720525B93F4'),(210,'4B9E8FA7-4F41-4C36-83F0-A2D26AEFB760','中国码',NULL,NULL,NULL,NULL,NULL,NULL,NULL,NULL,8,'03524953-BB55-474F-A039-640EA5157F4F'),(211,'B5C1AC83-8EA1-48C4-BBE8-A382A874B570','衣长',NULL,NULL,NULL,NULL,NULL,NULL,NULL,NULL,5,'8879ABBA-8C05-4534-8386-5CF2C893D406'),(212,'7244F9B6-47F5-4957-97D1-A3C59BD120ED','裤长',NULL,NULL,NULL,NULL,NULL,NULL,NULL,NULL,5,'1FA94E64-B96B-4B8B-ADB8-C4A9B7B92DE6'),(213,'3E50C4E4-BE46-4820-BE7F-A486C58145DC','裤口（周长）',NULL,NULL,NULL,NULL,NULL,NULL,NULL,NULL,7,'0ED87C96-D14D-4AEC-B650-BBE4CEDE91EF'),(214,'DF42D30B-675C-42C6-95C7-A4A6C5F6243B','肩带长度',NULL,NULL,NULL,NULL,NULL,NULL,NULL,NULL,5,'06311FAC-9E9D-4E9E-9DD6-346E0BB5F2BF'),(215,'56CE963B-5C57-49AF-B68F-A4B6F2455F15','中国码',NULL,NULL,NULL,NULL,NULL,NULL,NULL,NULL,5,'D2EF2FD2-7783-4DC4-A3E4-169C07CAED2F'),(216,'5C22639E-A5BF-4272-A20B-A5D6D667F209','鞋宽',NULL,NULL,NULL,NULL,NULL,NULL,NULL,NULL,3,'6477FA9D-89A2-46A8-956D-93810174D0E6'),(217,'6F47568F-DE6D-4B7E-B35E-A67FBF687303','肩宽',NULL,NULL,NULL,NULL,NULL,NULL,NULL,NULL,1,'9CD7C68F-AF81-49BF-8C72-EE82D416B7AE'),(218,'7728DF60-C792-4655-896B-A6C304D8AACB','长度',NULL,NULL,NULL,NULL,NULL,NULL,NULL,NULL,1,'A7D5B21C-9731-4740-9B2A-E9465907C4D2'),(219,'3C8E9B5F-4EBC-4EB0-A56C-A73DCA129726','中国码',NULL,NULL,NULL,NULL,NULL,NULL,NULL,NULL,8,'0ED87C96-D14D-4AEC-B650-BBE4CEDE91EF'),(220,'57B19418-286E-401A-A0F6-A75DF103D0D1','肩到裆',NULL,NULL,NULL,NULL,NULL,NULL,NULL,NULL,4,'0ED87C96-D14D-4AEC-B650-BBE4CEDE91EF'),(221,'9C54D4DC-FEFE-4FD5-B044-A76032C4ECB8','中国码',NULL,NULL,NULL,NULL,NULL,NULL,NULL,NULL,8,'CCC9BEC4-EEC8-4153-9019-F1E85ED12432'),(222,'6C3067C6-6A35-4D0A-B4F4-A8ECDC1F658C','臀围(周长)',NULL,NULL,NULL,NULL,NULL,NULL,NULL,NULL,9,'8879ABBA-8C05-4534-8386-5CF2C893D406'),(223,'0FB66E5A-9AC3-4DC7-A585-A96EF3D89082','裤脚围(周长)',NULL,NULL,NULL,NULL,NULL,NULL,NULL,NULL,6,'1FA94E64-B96B-4B8B-ADB8-C4A9B7B92DE6'),(224,'95656F54-467A-4AF8-9BC7-AA3841AD04B9','中国码',NULL,NULL,NULL,NULL,NULL,NULL,NULL,NULL,7,'C10B1633-E157-46BA-9F31-254366E44ACA'),(225,'6932ABE8-D182-4F41-854F-AAA72D172FB4','宽度',NULL,NULL,NULL,NULL,NULL,NULL,NULL,NULL,1,'D4ADF8A3-CFA4-4541-9C7D-341A6896CE0C'),(226,'EA18AA71-EF9D-4E61-AE5A-AAAE6EDDC2B8','距地面高',NULL,NULL,NULL,NULL,NULL,NULL,NULL,NULL,5,'5A31C3E9-9B25-4EFC-B2BB-AF7F3DD0D4D6'),(227,'68F4F5E0-0D22-463B-B6C3-AB6FE7E2E2E3','内长',NULL,NULL,NULL,NULL,NULL,NULL,NULL,NULL,3,'C2BE7484-81AB-4DCB-B829-F720525B93F4'),(228,'1FE17EBE-7050-4B66-9CE5-ABDD777725D0','肩宽',NULL,NULL,NULL,NULL,NULL,NULL,NULL,NULL,1,'1B5C32A5-8C45-4C0B-B5F0-7111169CC606'),(229,'0FF6F559-B09B-4376-BC9F-ABF82E25B44A','裆深',NULL,NULL,NULL,NULL,NULL,NULL,NULL,NULL,4,'EF522BF4-87DA-40D9-87B8-4DE83CB12600'),(230,'00C7CF6D-06D7-4D19-A6D0-AC332B885A55','肩宽',NULL,NULL,NULL,NULL,NULL,NULL,NULL,NULL,1,'89448EA5-A31D-4023-9F9A-0E48F9B1686B'),(231,'ECE563D5-210C-41CD-ACCB-AC508E0D14A6','腰围(周长)',NULL,NULL,NULL,NULL,NULL,NULL,NULL,NULL,3,'969D4013-D448-445E-8EEB-2E4CFE5642F8'),(232,'0EB16913-23D8-49B5-8385-AD7A92009D6A','袖长',NULL,NULL,NULL,NULL,NULL,NULL,NULL,NULL,6,'0ED87C96-D14D-4AEC-B650-BBE4CEDE91EF'),(233,'A09DBFCD-BF9F-41E3-9079-ADB8E3878336','长度',NULL,NULL,NULL,NULL,NULL,NULL,NULL,NULL,1,'7590A392-2744-4C6A-95C8-B9B68045B8C1'),(234,'03422284-CD7D-45DC-BAC7-AEEB7BA0760A','中国码',NULL,NULL,NULL,NULL,NULL,NULL,NULL,NULL,5,'47597A31-3B97-46C5-B280-F8044FB79BCE'),(235,'54FB8DED-AECD-482B-BEFE-AFA2CC100F3B','裤长',NULL,NULL,NULL,NULL,NULL,NULL,NULL,NULL,5,'F77B05C8-BA34-4E52-9DF9-BFDE96A664D0'),(236,'3A79A27F-426C-46D9-9AAB-B338A580AE7D','长度',NULL,NULL,NULL,NULL,NULL,NULL,NULL,NULL,1,'AEB933DE-DB38-48D9-BC39-7626913BBA0A'),(237,'BD8B8574-D693-4A5F-97AC-B3434E13A032','中国码',NULL,NULL,NULL,NULL,NULL,NULL,NULL,NULL,7,'EEB06EEE-5A0B-401E-912F-3FC296FE1DC0'),(238,'DDA60928-AB4C-4119-B13A-B412D06CA6C8','直径',NULL,NULL,NULL,NULL,NULL,NULL,NULL,NULL,1,'307EC5E9-9D48-41CC-B6C1-891EA9C8F798'),(239,'7B67F5DB-EE1E-4E56-B07D-B4990D21563C','宽度',NULL,NULL,NULL,NULL,NULL,NULL,NULL,NULL,2,'6BBA15B2-24B0-40F3-85C1-B2F4F36B5AF0'),(240,'D8B84AC7-D0CB-475C-939E-B60D734386E8','大腿围',NULL,NULL,NULL,NULL,NULL,NULL,NULL,NULL,4,'F77B05C8-BA34-4E52-9DF9-BFDE96A664D0'),(241,'E6613471-CF5B-4688-8E0D-B62387B36478','胸围（周长）',NULL,NULL,NULL,NULL,NULL,NULL,NULL,NULL,2,'1018D69C-B6B1-4E4A-960B-ADB54F48A51E'),(242,'5A4504AB-C0B3-4591-9A93-B669EB2CD3AC','罩杯',NULL,NULL,NULL,NULL,NULL,NULL,NULL,NULL,2,'68889A88-A88B-433B-9518-0E65BDEAD1C7'),(243,'CB60D41F-5921-4439-98F5-B707ECC1E2AE','高度',NULL,NULL,NULL,NULL,NULL,NULL,NULL,NULL,2,'62CB1CA1-C029-40F0-BC20-B8933B308C4E'),(244,'B81846D0-FB1D-40C1-ABE4-BA40B05C993B','腰围(周长)',NULL,NULL,NULL,NULL,NULL,NULL,NULL,NULL,3,'0BCBF9AE-1E59-4BD3-8FE5-1545C95313D0'),(245,'EFA66436-F954-4696-859A-BB1C475F9810','提把高',NULL,NULL,NULL,NULL,NULL,NULL,NULL,NULL,4,'06311FAC-9E9D-4E9E-9DD6-346E0BB5F2BF'),(246,'FB81253D-5087-433F-9C60-BC2962B58E1C','袖长',NULL,NULL,NULL,NULL,NULL,NULL,NULL,NULL,6,'CCC9BEC4-EEC8-4153-9019-F1E85ED12432'),(247,'BA9E131E-9224-4E1A-AC4C-BC6188B42417','鞋跟高',NULL,NULL,NULL,NULL,NULL,NULL,NULL,NULL,1,'6477FA9D-89A2-46A8-956D-93810174D0E6'),(248,'3048B430-9E06-41AC-BEDE-BC9162E7C7DF','中国码',NULL,NULL,NULL,NULL,NULL,NULL,NULL,NULL,3,'68889A88-A88B-433B-9518-0E65BDEAD1C7'),(249,'9E7836BA-AA87-43D5-9BD4-BC9B4653DEFE','中国码',NULL,NULL,NULL,NULL,NULL,NULL,NULL,NULL,5,'EF522BF4-87DA-40D9-87B8-4DE83CB12600'),(250,'AAFE77A9-402D-485B-9E4E-BCE6D5653352','下摆围（周长）',NULL,NULL,NULL,NULL,NULL,NULL,NULL,NULL,4,'1B5C32A5-8C45-4C0B-B5F0-7111169CC606'),(251,'EE747920-BE61-4769-9145-BCEDDCA3EADF','伞面直径',NULL,NULL,NULL,NULL,NULL,NULL,NULL,NULL,2,'ADC10A71-BCEB-4EDD-B609-B739C9BC3DA7'),(252,'AAA26FF0-6793-446C-A8AD-BDD71E583346','胸围',NULL,NULL,NULL,NULL,NULL,NULL,NULL,NULL,1,'40EE27EF-24BA-4A38-A00D-087907A1F843'),(253,'51C0DF2C-C765-45F7-A867-BE09A03D6B78','胸围',NULL,NULL,NULL,NULL,NULL,NULL,NULL,NULL,2,'EF522BF4-87DA-40D9-87B8-4DE83CB12600'),(254,'61EE7A22-3F03-4EDB-B5DA-BEBB63E325AF','腰围(周长)',NULL,NULL,NULL,NULL,NULL,NULL,NULL,NULL,3,'2CB7C1D0-C4DB-4DD1-A231-2CBBCEEB00E3'),(255,'56576E6C-9B78-4475-863B-BEC7A55DE2EE','袖长',NULL,NULL,NULL,NULL,NULL,NULL,NULL,NULL,6,'9E1A5D97-37D9-444C-80ED-5DA2482FA3F8'),(256,'E70EDB46-5EA7-483B-8CEA-BF36E909DADD','厚度',NULL,NULL,NULL,NULL,NULL,NULL,NULL,NULL,3,'A55EB3FA-A74D-4037-9723-08C00CFA0645'),(257,'40A7215E-1B2D-4F50-8FF4-C0219F117914','厚度',NULL,NULL,NULL,NULL,NULL,NULL,NULL,NULL,3,'9C5ACC30-5663-4B51-A94F-2EA5C9747898'),(258,'1CA5DF69-44FF-4D0F-AD56-C048D0C62C95','H：高',NULL,NULL,NULL,NULL,NULL,NULL,NULL,NULL,3,'2BDB028B-728E-47CE-8B83-3F6CD2DD90F9'),(259,'011006FD-CA39-416B-A496-C156463BBA8E','宽度',NULL,NULL,NULL,NULL,NULL,NULL,NULL,NULL,2,'5A31C3E9-9B25-4EFC-B2BB-AF7F3DD0D4D6'),(260,'D415F333-81AD-4BAD-BF0D-C278BAD41574','腰围(周长)',NULL,NULL,NULL,NULL,NULL,NULL,NULL,NULL,3,'89448EA5-A31D-4023-9F9A-0E48F9B1686B'),(261,'EA8CB29E-9DD4-4806-B206-C2BC32D6742C','袖长',NULL,NULL,NULL,NULL,NULL,NULL,NULL,NULL,5,'E17E7DED-1B2E-4222-A9D3-876E483371E8'),(262,'F1219DB0-EAB6-41EC-9E64-C38B2B758A14','中国码',NULL,NULL,NULL,NULL,NULL,NULL,NULL,NULL,7,'89448EA5-A31D-4023-9F9A-0E48F9B1686B'),(263,'2D2E0485-E0BD-4E60-9355-C5AA39F1370B','中国码',NULL,NULL,NULL,NULL,NULL,NULL,NULL,NULL,7,'3AE6EA4B-473C-471F-B3FD-5AA158CE9F18'),(264,'FF27080B-95FD-42E5-A565-C5ED193B98DD','前立裆',NULL,NULL,NULL,NULL,NULL,NULL,NULL,NULL,9,'1018D69C-B6B1-4E4A-960B-ADB54F48A51E'),(265,'6C4FFD4F-CE8A-4B3C-BDB6-C6152EE7BA1C','衣长',NULL,NULL,NULL,NULL,NULL,NULL,NULL,NULL,4,'3AE6EA4B-473C-471F-B3FD-5AA158CE9F18'),(266,'26CF0E04-FA0F-4F0B-A634-C644E35B6EB6','厚度',NULL,NULL,NULL,NULL,NULL,NULL,NULL,NULL,3,'A7D5B21C-9731-4740-9B2A-E9465907C4D2'),(267,'7C1CDD62-A034-4668-AD7B-C6F4BA00AC97','衣长',NULL,NULL,NULL,NULL,NULL,NULL,NULL,NULL,5,'89448EA5-A31D-4023-9F9A-0E48F9B1686B'),(268,'04ABE51C-9C4C-4A68-8C37-C8897A40BEC0','全长',NULL,NULL,NULL,NULL,NULL,NULL,NULL,NULL,3,'BB99FC02-5D51-45C2-87B9-ADFF43EB716D'),(269,'53CAB676-2F20-4DA5-A8FA-C8F5682959BF','衣长',NULL,NULL,NULL,NULL,NULL,NULL,NULL,NULL,4,'EF079153-121E-4C6E-8882-0B36349B1F37'),(270,'5433210D-C618-4952-9DCE-CB26B6AFABAB','胸围',NULL,NULL,NULL,NULL,NULL,NULL,NULL,NULL,4,'E17E7DED-1B2E-4222-A9D3-876E483371E8'),(271,'807A2458-41A7-4793-B23A-CC26EDF74545','胸围',NULL,NULL,NULL,NULL,NULL,NULL,NULL,NULL,5,'EF079153-121E-4C6E-8882-0B36349B1F37'),(272,'E8C37F82-A4AC-4CFC-BC5F-CC95E15CDA51','最大腰围',NULL,NULL,NULL,NULL,NULL,NULL,NULL,NULL,5,'EA05C5F2-E7A2-42C5-A517-93CE761440A7'),(273,'21A54AEF-0D7D-4D0C-849D-CD276F542E23','长度',NULL,NULL,NULL,NULL,NULL,NULL,NULL,NULL,1,'327DFAF7-469C-44C4-8A17-B1A3A1826D18'),(274,'6E9FC191-A55C-4BB5-86F0-CEBA9CB6697E','鞋宽',NULL,NULL,NULL,NULL,NULL,NULL,NULL,NULL,4,'47597A31-3B97-46C5-B280-F8044FB79BCE'),(275,'EC94B664-CE47-4D11-850D-CF11F0F51B64','厚度',NULL,NULL,NULL,NULL,NULL,NULL,NULL,NULL,3,'7590A392-2744-4C6A-95C8-B9B68045B8C1'),(276,'AEAF4758-275A-4FE5-B0D1-CF4E6619C76F','筒高',NULL,NULL,NULL,NULL,NULL,NULL,NULL,NULL,1,'03524953-BB55-474F-A039-640EA5157F4F'),(277,'82CD9455-F1D8-463E-B124-D0295056E0DB','高度',NULL,NULL,NULL,NULL,NULL,NULL,NULL,NULL,1,'B6918CED-7372-4388-8662-CD7C1769C73D'),(278,'A6BAD6BA-616D-4CAB-9E77-D0DB4F29A07B','胸围(周长)',NULL,NULL,NULL,NULL,NULL,NULL,NULL,NULL,2,'8879ABBA-8C05-4534-8386-5CF2C893D406'),(279,'99D47C0B-99FA-4DA7-9CFD-D1A7ED438886','下摆围(周长)',NULL,NULL,NULL,NULL,NULL,NULL,NULL,NULL,4,'969D4013-D448-445E-8EEB-2E4CFE5642F8'),(280,'7E2ED204-6549-4098-918E-D2180440807A','高度',NULL,NULL,NULL,NULL,NULL,NULL,NULL,NULL,2,'D4ADF8A3-CFA4-4541-9C7D-341A6896CE0C'),(281,'E45A9515-EFA3-4B19-82D4-D2B7C60C1398','袜长',NULL,NULL,NULL,NULL,NULL,NULL,NULL,NULL,1,'8C596E58-EC4D-468A-A7EF-FF874D920B54'),(282,'8F5093C5-2605-4931-B068-D2F1A444A992','鞋帮高',NULL,NULL,NULL,NULL,NULL,NULL,NULL,NULL,2,'47597A31-3B97-46C5-B280-F8044FB79BCE'),(283,'1CF00913-4227-46D4-B6FD-D4EC3D295585','下摆围',NULL,NULL,NULL,NULL,NULL,NULL,NULL,NULL,4,'EEB06EEE-5A0B-401E-912F-3FC296FE1DC0'),(284,'D7F8EA96-B51E-468C-8EDA-D5A8EA248316','胸围(周长)',NULL,NULL,NULL,NULL,NULL,NULL,NULL,NULL,2,'FFC692C8-1DBA-4AA5-BD09-FD8A6DEEFA31'),(285,'9C8A2465-56EC-4C78-B4DF-D6DE58877A51','衣长',NULL,NULL,NULL,NULL,NULL,NULL,NULL,NULL,5,'EEB06EEE-5A0B-401E-912F-3FC296FE1DC0'),(286,'071F8AE9-FEE5-4E9A-8A48-D75BE320C41C','腰围（周长）',NULL,NULL,NULL,NULL,NULL,NULL,NULL,NULL,3,'1018D69C-B6B1-4E4A-960B-ADB54F48A51E'),(287,'C582F883-A338-494C-B429-D7D318B08D37','宽度',NULL,NULL,NULL,NULL,NULL,NULL,NULL,NULL,2,'ADD54E4D-F93B-4360-B6A0-F5B730735E15'),(288,'88CEF53A-EAFA-47EB-A57F-D896EB435564','带头长',NULL,NULL,NULL,NULL,NULL,NULL,NULL,NULL,1,'EA05C5F2-E7A2-42C5-A517-93CE761440A7'),(289,'215E2849-9F77-4F34-B0C8-D8DDC5D06EFC','鞋跟',NULL,NULL,NULL,NULL,NULL,NULL,NULL,NULL,1,'FA4964DD-CE85-4477-994C-76B2C17F7205'),(290,'0D51DC94-D5F5-4C64-8B2E-D96CFB6CBE84','厚度',NULL,NULL,NULL,NULL,NULL,NULL,NULL,NULL,3,'B118D9CD-00C3-4FC2-A460-28C2852EE82F'),(291,'00782D8B-FC4C-4C9F-9A7F-DACCA06F64A5','肩宽',NULL,NULL,NULL,NULL,NULL,NULL,NULL,NULL,3,'E17E7DED-1B2E-4222-A9D3-876E483371E8'),(292,'33031654-096F-40D0-BD97-DB974C1635F4','衣长',NULL,NULL,NULL,NULL,NULL,NULL,NULL,NULL,5,'969D4013-D448-445E-8EEB-2E4CFE5642F8'),(293,'C2F77331-77F5-418D-9883-DCB327543BB6','胸围(周长)',NULL,NULL,NULL,NULL,NULL,NULL,NULL,NULL,2,'C10B1633-E157-46BA-9F31-254366E44ACA'),(294,'FEDF4FA6-C50B-447D-B580-DD711D49AEC7','袖口围',NULL,NULL,NULL,NULL,NULL,NULL,NULL,NULL,7,'CCC9BEC4-EEC8-4153-9019-F1E85ED12432'),(295,'1CE06009-EA55-4B6A-98FC-DDCAB7D7E431','中国码',NULL,NULL,NULL,NULL,NULL,NULL,NULL,NULL,7,'4BC4302C-5772-4F98-BB48-52617A58BBBC'),(296,'4C79FA8A-76E0-4315-859F-DE20C19DDCBE','肩宽',NULL,NULL,NULL,NULL,NULL,NULL,NULL,NULL,1,'9E1A5D97-37D9-444C-80ED-5DA2482FA3F8'),(297,'63672C21-8D16-44D4-9B12-DE6643EB4932','裤长',NULL,NULL,NULL,NULL,NULL,NULL,NULL,NULL,9,'FFC692C8-1DBA-4AA5-BD09-FD8A6DEEFA31'),(298,'52F4193C-A3AD-44D5-847B-DE89CB08082E','手掌宽',NULL,NULL,NULL,NULL,NULL,NULL,NULL,NULL,2,'BB99FC02-5D51-45C2-87B9-ADFF43EB716D'),(299,'B8E80369-68CA-47B6-AEF2-DF15A8EE3373','裤腰围（周长）',NULL,NULL,NULL,NULL,NULL,NULL,NULL,NULL,7,'1018D69C-B6B1-4E4A-960B-ADB54F48A51E'),(300,'E247C0BC-87A3-484B-AED4-DF71FEF6ABAB','系带长',NULL,NULL,NULL,NULL,NULL,NULL,NULL,NULL,3,'A3B9F889-A539-4600-A99C-8BB2B3D5DA17'),(301,'B942F287-E19C-4D36-A609-E029DDF3DC5B','袖长',NULL,NULL,NULL,NULL,NULL,NULL,NULL,NULL,6,'1D4A7BE3-1341-45D8-A04B-1F04E944CFB0'),(302,'E7FA68BA-1C6B-488E-9219-E0AEC8885B5D','宽度',NULL,NULL,NULL,NULL,NULL,NULL,NULL,NULL,2,'EA2AFC33-AEF2-4989-9F68-52705B67662D'),(303,'DE91F45C-FD52-42D9-B94E-E0FC31DF1D36','肩宽',NULL,NULL,NULL,NULL,NULL,NULL,NULL,NULL,1,'3AE6EA4B-473C-471F-B3FD-5AA158CE9F18'),(304,'610FA17A-3B5C-43BB-9FF5-E2399C66995D','项链坠宽度',NULL,NULL,NULL,NULL,NULL,NULL,NULL,NULL,3,'09BBEF5D-0805-4B3B-BB77-6C24A522B0FD'),(305,'1915ADA2-D328-430E-8745-E35749A1E79D','胸围（周长）',NULL,NULL,NULL,NULL,NULL,NULL,NULL,NULL,2,'1B5C32A5-8C45-4C0B-B5F0-7111169CC606'),(306,'9E91AD16-D668-44FE-BB14-E42287C514A9','袖长',NULL,NULL,NULL,NULL,NULL,NULL,NULL,NULL,6,'EEB06EEE-5A0B-401E-912F-3FC296FE1DC0'),(307,'AC92F3FC-3785-45A0-907F-E542C168A0C1','厚度',NULL,NULL,NULL,NULL,NULL,NULL,NULL,NULL,1,'27641697-C731-4E4A-BDB1-0752E508263E'),(308,'AC794D91-3584-4F3C-B6D9-E6083C1FE48F','前立裆',NULL,NULL,NULL,NULL,NULL,NULL,NULL,NULL,3,'1FA94E64-B96B-4B8B-ADB8-C4A9B7B92DE6'),(309,'D829AF56-6C4C-4729-8B3E-E6487979C1BB','高度',NULL,NULL,NULL,NULL,NULL,NULL,NULL,NULL,2,'27641697-C731-4E4A-BDB1-0752E508263E'),(310,'134319D6-7009-4930-A872-E67B01A2A817','前立裆',NULL,NULL,NULL,NULL,NULL,NULL,NULL,NULL,3,'F77B05C8-BA34-4E52-9DF9-BFDE96A664D0'),(311,'0754676A-D868-4C5C-A635-E68ACBE6FE4D','中国码',NULL,NULL,NULL,NULL,NULL,NULL,NULL,NULL,11,'8879ABBA-8C05-4534-8386-5CF2C893D406'),(312,'333F7D85-F0FD-47C0-AC4D-E70C8567D5AE','下摆围(周长)',NULL,NULL,NULL,NULL,NULL,NULL,NULL,NULL,4,'89448EA5-A31D-4023-9F9A-0E48F9B1686B'),(313,'0D2F1DCD-C7AC-4D4E-869C-E7962577B9DD','长度',NULL,NULL,NULL,NULL,NULL,NULL,NULL,NULL,1,'5A31C3E9-9B25-4EFC-B2BB-AF7F3DD0D4D6'),(314,'23B1EB17-9660-4813-92AD-E823418D37CB','前立裆',NULL,NULL,NULL,NULL,NULL,NULL,NULL,NULL,6,'FFC692C8-1DBA-4AA5-BD09-FD8A6DEEFA31'),(315,'B5C2CF2F-4E44-400B-B856-E840D1C72C5B','腰围(周长)',NULL,NULL,NULL,NULL,NULL,NULL,NULL,NULL,3,'CCC9BEC4-EEC8-4153-9019-F1E85ED12432'),(316,'A756C06F-70EE-468B-9A9B-E982AE01F926','肩宽',NULL,NULL,NULL,NULL,NULL,NULL,NULL,NULL,1,'0ED87C96-D14D-4AEC-B650-BBE4CEDE91EF'),(317,'165173C1-1A6E-4EE5-B771-EC130A91F49B','背带长',NULL,NULL,NULL,NULL,NULL,NULL,NULL,NULL,4,'96C414C1-4C01-47BF-B7D3-2BCE4137B43F'),(318,'CFB00CDA-A305-494D-8095-EC9152FDDD8E','W：宽',NULL,NULL,NULL,NULL,NULL,NULL,NULL,NULL,3,'1B41202C-F595-468E-B329-BA361C8CDA37'),(319,'A4C665FE-061F-4C02-97F1-ECF81723955E','中国码',NULL,NULL,NULL,NULL,NULL,NULL,NULL,NULL,5,'8CDA2CA0-9687-48F5-81AC-F245440776F9'),(320,'68C305C5-6B46-4934-A32E-EDFA0CF9B38A','总宽度',NULL,NULL,NULL,NULL,NULL,NULL,NULL,NULL,1,'70B102D1-7B0A-436B-908B-A32EEA369C15'),(321,'FB9477F0-B558-4651-8834-EE547D85264E','深度',NULL,NULL,NULL,NULL,NULL,NULL,NULL,NULL,4,'5A31C3E9-9B25-4EFC-B2BB-AF7F3DD0D4D6'),(322,'CA7E63F8-D281-413D-946E-EF54C61B7542','袖长',NULL,NULL,NULL,NULL,NULL,NULL,NULL,NULL,5,'3AE6EA4B-473C-471F-B3FD-5AA158CE9F18'),(323,'A2434EED-E68B-4B4A-B523-F0E98A339B6F','总高度',NULL,NULL,NULL,NULL,NULL,NULL,NULL,NULL,3,'70B102D1-7B0A-436B-908B-A32EEA369C15'),(324,'27F06BDB-7B64-4148-87A5-F3BF40E9DB63','宽度',NULL,NULL,NULL,NULL,NULL,NULL,NULL,NULL,3,'27641697-C731-4E4A-BDB1-0752E508263E'),(325,'DAA1EF9F-A1B1-434F-A564-F4D9CE14D815','中国码',NULL,NULL,NULL,NULL,NULL,NULL,NULL,NULL,7,'EA05C5F2-E7A2-42C5-A517-93CE761440A7'),(326,'A4CAF62F-282E-42C0-BAE0-F567BB2D30CA','带头宽',NULL,NULL,NULL,NULL,NULL,NULL,NULL,NULL,2,'EA05C5F2-E7A2-42C5-A517-93CE761440A7'),(327,'5CC43AE7-419E-4C26-951A-F5D5408C7EF8','宽度',NULL,NULL,NULL,NULL,NULL,NULL,NULL,NULL,2,'96C414C1-4C01-47BF-B7D3-2BCE4137B43F'),(328,'A32AF45F-EF63-4839-832D-F80AEF2AF0DD','厚度',NULL,NULL,NULL,NULL,NULL,NULL,NULL,NULL,3,'ADD54E4D-F93B-4360-B6A0-F5B730735E15'),(329,'3EF52736-FA0E-4263-A74E-FA05880CEDC5','胸围(周长)',NULL,NULL,NULL,NULL,NULL,NULL,NULL,NULL,2,'89448EA5-A31D-4023-9F9A-0E48F9B1686B'),(330,'43AF6DBC-ECF4-415F-A5D9-FA0F0E847251','腰围(周长)',NULL,NULL,NULL,NULL,NULL,NULL,NULL,NULL,3,'1D4A7BE3-1341-45D8-A04B-1F04E944CFB0'),(331,'04EC3FD8-6823-4E6A-93B8-FB1B7E23744C','肩宽',NULL,NULL,NULL,NULL,NULL,NULL,NULL,NULL,1,'4BC4302C-5772-4F98-BB48-52617A58BBBC'),(332,'8A18CCB6-F967-4FD6-871F-FB7461FF8CA5','立裆深度',NULL,NULL,NULL,NULL,NULL,NULL,NULL,NULL,2,'E6D9D190-1357-4FDB-A605-DD07C973B77B'),(333,'A1DD1576-69D7-4CC0-838E-FB867AA8604C','带体宽',NULL,NULL,NULL,NULL,NULL,NULL,NULL,NULL,3,'EA05C5F2-E7A2-42C5-A517-93CE761440A7'),(334,'93B23070-DD4B-418E-AE58-FBEA787D9042','中国码',NULL,NULL,NULL,NULL,NULL,NULL,NULL,NULL,4,'6477FA9D-89A2-46A8-956D-93810174D0E6'),(335,'61688CA3-18FE-48A1-B191-FC2F659CF37E','鞋帮高',NULL,NULL,NULL,NULL,NULL,NULL,NULL,NULL,2,'8CDA2CA0-9687-48F5-81AC-F245440776F9'),(336,'16FA9F69-F66E-4790-B985-FCC3F96F21B4','周长',NULL,NULL,NULL,NULL,NULL,NULL,NULL,NULL,1,'09BBEF5D-0805-4B3B-BB77-6C24A522B0FD'),(337,'88F5FD6F-0680-4303-8220-FD246742E773','衣长',NULL,NULL,NULL,NULL,NULL,NULL,NULL,NULL,5,'CCC9BEC4-EEC8-4153-9019-F1E85ED12432'),(338,'2CBD2A2A-C27D-4CEA-A0EB-FD42E3AEF961','裙长',NULL,NULL,NULL,NULL,NULL,NULL,NULL,NULL,4,'6F361B54-8AA7-4898-AA40-10EE7F1EE746'),(339,'C0D68891-DD7E-42D4-B07B-FE9F183080D9','宽度',NULL,NULL,NULL,NULL,NULL,NULL,NULL,NULL,2,'7790FEAF-5834-437F-B41A-C5B3BCE65A2C'),(340,'A2313C74-9332-4D58-ACF7-FEF8E3B5546D','裤长',NULL,NULL,NULL,NULL,NULL,NULL,NULL,NULL,7,'8879ABBA-8C05-4534-8386-5CF2C893D406'),(341,'DDC3FAF6-C2F8-415F-A560-FF3B0BAD491F','鞋跟高',NULL,NULL,NULL,NULL,NULL,NULL,NULL,NULL,1,'C2BE7484-81AB-4DCB-B829-F720525B93F4');

/*Table structure for table `temp_tb_brandgroupchild_property2` */

DROP TABLE IF EXISTS `temp_tb_brandgroupchild_property2`;

CREATE TABLE `temp_tb_brandgroupchild_property2` (
  `id` int(11) unsigned NOT NULL COMMENT '主键id',
  `name_cn` varchar(100) COLLATE utf8_bin DEFAULT NULL COMMENT '中文名称',
  `name_en` varchar(100) COLLATE utf8_bin DEFAULT NULL COMMENT '英文名称',
  `name_hk` varchar(100) COLLATE utf8_bin DEFAULT NULL COMMENT '粤语名称',
  `name_fr` varchar(100) COLLATE utf8_bin DEFAULT NULL COMMENT '法语名称',
  `name_it` varchar(100) COLLATE utf8_bin DEFAULT NULL COMMENT '意大利语名称',
  `name_sp` varchar(100) COLLATE utf8_bin DEFAULT NULL COMMENT '西班牙语名称',
  `name_de` varchar(100) COLLATE utf8_bin DEFAULT NULL COMMENT '德语名称',
  `brandgroupchildid` int(11) DEFAULT NULL COMMENT '所属子品类id',
  `oldbrandgroupchildid` varchar(36) COLLATE utf8_bin DEFAULT NULL COMMENT '老数据表子品类主键id',
  `displayindex` int(11) DEFAULT NULL COMMENT '显示顺序',
  `oldtempid` varchar(36) COLLATE utf8_bin DEFAULT NULL COMMENT '老数据表模板主键id',
  PRIMARY KEY (`id`)
) ENGINE=InnoDB DEFAULT CHARSET=utf8 COLLATE=utf8_bin COMMENT='尺码规格子表-重新生成的';

/*Data for the table `temp_tb_brandgroupchild_property2` */

insert  into `temp_tb_brandgroupchild_property2`(`id`,`name_cn`,`name_en`,`name_hk`,`name_fr`,`name_it`,`name_sp`,`name_de`,`brandgroupchildid`,`oldbrandgroupchildid`,`displayindex`,`oldtempid`) values (1,'长度',NULL,NULL,NULL,NULL,NULL,NULL,2,'CD903A13-6971-41F9-A2AF-034D65FCD490',1,'A11E9A33-177E-4D18-99F1-28E5685C56AE'),(2,'宽度',NULL,NULL,NULL,NULL,NULL,NULL,2,'CD903A13-6971-41F9-A2AF-034D65FCD490',2,'A11E9A33-177E-4D18-99F1-28E5685C56AE'),(3,'项链坠长度',NULL,NULL,NULL,NULL,NULL,NULL,3,'558E1E0F-26D6-4A90-B4EC-049E580BB0EF',2,'09BBEF5D-0805-4B3B-BB77-6C24A522B0FD'),(4,'项链坠厚度',NULL,NULL,NULL,NULL,NULL,NULL,3,'558E1E0F-26D6-4A90-B4EC-049E580BB0EF',4,'09BBEF5D-0805-4B3B-BB77-6C24A522B0FD'),(5,'项链坠宽度',NULL,NULL,NULL,NULL,NULL,NULL,3,'558E1E0F-26D6-4A90-B4EC-049E580BB0EF',3,'09BBEF5D-0805-4B3B-BB77-6C24A522B0FD'),(6,'周长',NULL,NULL,NULL,NULL,NULL,NULL,3,'558E1E0F-26D6-4A90-B4EC-049E580BB0EF',1,'09BBEF5D-0805-4B3B-BB77-6C24A522B0FD'),(7,'腰围(周长)',NULL,NULL,NULL,NULL,NULL,NULL,4,'490A6B28-05A0-4392-8A82-0533D41B45D1',3,'4BC4302C-5772-4F98-BB48-52617A58BBBC'),(8,'下摆围(周长)',NULL,NULL,NULL,NULL,NULL,NULL,4,'490A6B28-05A0-4392-8A82-0533D41B45D1',4,'4BC4302C-5772-4F98-BB48-52617A58BBBC'),(9,'袖长',NULL,NULL,NULL,NULL,NULL,NULL,4,'490A6B28-05A0-4392-8A82-0533D41B45D1',6,'4BC4302C-5772-4F98-BB48-52617A58BBBC'),(10,'胸围(周长)',NULL,NULL,NULL,NULL,NULL,NULL,4,'490A6B28-05A0-4392-8A82-0533D41B45D1',2,'4BC4302C-5772-4F98-BB48-52617A58BBBC'),(11,'衣长',NULL,NULL,NULL,NULL,NULL,NULL,4,'490A6B28-05A0-4392-8A82-0533D41B45D1',5,'4BC4302C-5772-4F98-BB48-52617A58BBBC'),(12,'中国码',NULL,NULL,NULL,NULL,NULL,NULL,4,'490A6B28-05A0-4392-8A82-0533D41B45D1',7,'4BC4302C-5772-4F98-BB48-52617A58BBBC'),(13,'肩宽',NULL,NULL,NULL,NULL,NULL,NULL,4,'490A6B28-05A0-4392-8A82-0533D41B45D1',1,'4BC4302C-5772-4F98-BB48-52617A58BBBC'),(14,'直径',NULL,NULL,NULL,NULL,NULL,NULL,5,'7A6B65E3-0E6B-48CF-BD56-0848BAD6A546',2,'22FD3AD1-2468-4E08-9026-742CF9220EEC'),(15,'长度',NULL,NULL,NULL,NULL,NULL,NULL,5,'7A6B65E3-0E6B-48CF-BD56-0848BAD6A546',1,'22FD3AD1-2468-4E08-9026-742CF9220EEC'),(16,'中国码',NULL,NULL,NULL,NULL,NULL,NULL,6,'BBB4909D-8629-465A-A884-09745818BD63',7,'F77B05C8-BA34-4E52-9DF9-BFDE96A664D0'),(17,'裤脚围(周长)',NULL,NULL,NULL,NULL,NULL,NULL,6,'BBB4909D-8629-465A-A884-09745818BD63',6,'F77B05C8-BA34-4E52-9DF9-BFDE96A664D0'),(18,'臀围(周长)',NULL,NULL,NULL,NULL,NULL,NULL,6,'BBB4909D-8629-465A-A884-09745818BD63',2,'F77B05C8-BA34-4E52-9DF9-BFDE96A664D0'),(19,'裤腰围(周长)',NULL,NULL,NULL,NULL,NULL,NULL,6,'BBB4909D-8629-465A-A884-09745818BD63',1,'F77B05C8-BA34-4E52-9DF9-BFDE96A664D0'),(20,'裤长',NULL,NULL,NULL,NULL,NULL,NULL,6,'BBB4909D-8629-465A-A884-09745818BD63',5,'F77B05C8-BA34-4E52-9DF9-BFDE96A664D0'),(21,'大腿围',NULL,NULL,NULL,NULL,NULL,NULL,6,'BBB4909D-8629-465A-A884-09745818BD63',4,'F77B05C8-BA34-4E52-9DF9-BFDE96A664D0'),(22,'前立裆',NULL,NULL,NULL,NULL,NULL,NULL,6,'BBB4909D-8629-465A-A884-09745818BD63',3,'F77B05C8-BA34-4E52-9DF9-BFDE96A664D0'),(23,'腰围',NULL,NULL,NULL,NULL,NULL,NULL,7,'F35C217F-B438-40C4-A0E6-097B1EA46F5D',3,'EEB06EEE-5A0B-401E-912F-3FC296FE1DC0'),(24,'肩宽',NULL,NULL,NULL,NULL,NULL,NULL,7,'F35C217F-B438-40C4-A0E6-097B1EA46F5D',1,'EEB06EEE-5A0B-401E-912F-3FC296FE1DC0'),(25,'胸围',NULL,NULL,NULL,NULL,NULL,NULL,7,'F35C217F-B438-40C4-A0E6-097B1EA46F5D',2,'EEB06EEE-5A0B-401E-912F-3FC296FE1DC0'),(26,'中国码',NULL,NULL,NULL,NULL,NULL,NULL,7,'F35C217F-B438-40C4-A0E6-097B1EA46F5D',7,'EEB06EEE-5A0B-401E-912F-3FC296FE1DC0'),(27,'下摆围',NULL,NULL,NULL,NULL,NULL,NULL,7,'F35C217F-B438-40C4-A0E6-097B1EA46F5D',4,'EEB06EEE-5A0B-401E-912F-3FC296FE1DC0'),(28,'衣长',NULL,NULL,NULL,NULL,NULL,NULL,7,'F35C217F-B438-40C4-A0E6-097B1EA46F5D',5,'EEB06EEE-5A0B-401E-912F-3FC296FE1DC0'),(29,'袖长',NULL,NULL,NULL,NULL,NULL,NULL,7,'F35C217F-B438-40C4-A0E6-097B1EA46F5D',6,'EEB06EEE-5A0B-401E-912F-3FC296FE1DC0'),(30,'下摆围',NULL,NULL,NULL,NULL,NULL,NULL,8,'D630AAD2-D7FC-48B9-BB85-09A538257D2A',5,'5509A2B4-C5BA-45AA-80CB-EB990370E431'),(31,'袖长',NULL,NULL,NULL,NULL,NULL,NULL,8,'D630AAD2-D7FC-48B9-BB85-09A538257D2A',4,'5509A2B4-C5BA-45AA-80CB-EB990370E431'),(32,'肩宽',NULL,NULL,NULL,NULL,NULL,NULL,8,'D630AAD2-D7FC-48B9-BB85-09A538257D2A',1,'5509A2B4-C5BA-45AA-80CB-EB990370E431'),(33,'胸围',NULL,NULL,NULL,NULL,NULL,NULL,8,'D630AAD2-D7FC-48B9-BB85-09A538257D2A',2,'5509A2B4-C5BA-45AA-80CB-EB990370E431'),(34,'中国码',NULL,NULL,NULL,NULL,NULL,NULL,8,'D630AAD2-D7FC-48B9-BB85-09A538257D2A',6,'5509A2B4-C5BA-45AA-80CB-EB990370E431'),(35,'衣长',NULL,NULL,NULL,NULL,NULL,NULL,8,'D630AAD2-D7FC-48B9-BB85-09A538257D2A',3,'5509A2B4-C5BA-45AA-80CB-EB990370E431'),(36,'脚踝围(周长)',NULL,NULL,NULL,NULL,NULL,NULL,9,'49E16A50-ABF8-49AA-894E-0A461D2E5E97',3,'03524953-BB55-474F-A039-640EA5157F4F'),(37,'鞋宽',NULL,NULL,NULL,NULL,NULL,NULL,9,'49E16A50-ABF8-49AA-894E-0A461D2E5E97',7,'03524953-BB55-474F-A039-640EA5157F4F'),(38,'内长',NULL,NULL,NULL,NULL,NULL,NULL,9,'49E16A50-ABF8-49AA-894E-0A461D2E5E97',6,'03524953-BB55-474F-A039-640EA5157F4F'),(39,'防水台',NULL,NULL,NULL,NULL,NULL,NULL,9,'49E16A50-ABF8-49AA-894E-0A461D2E5E97',5,'03524953-BB55-474F-A039-640EA5157F4F'),(40,'鞋跟',NULL,NULL,NULL,NULL,NULL,NULL,9,'49E16A50-ABF8-49AA-894E-0A461D2E5E97',4,'03524953-BB55-474F-A039-640EA5157F4F'),(41,'筒围(周长)',NULL,NULL,NULL,NULL,NULL,NULL,9,'49E16A50-ABF8-49AA-894E-0A461D2E5E97',2,'03524953-BB55-474F-A039-640EA5157F4F'),(42,'中国码',NULL,NULL,NULL,NULL,NULL,NULL,9,'49E16A50-ABF8-49AA-894E-0A461D2E5E97',8,'03524953-BB55-474F-A039-640EA5157F4F'),(43,'筒高',NULL,NULL,NULL,NULL,NULL,NULL,9,'49E16A50-ABF8-49AA-894E-0A461D2E5E97',1,'03524953-BB55-474F-A039-640EA5157F4F'),(44,'中国码',NULL,NULL,NULL,NULL,NULL,NULL,10,'B8F270CF-5B67-41CE-A236-0D1802C7E67C',7,'F77B05C8-BA34-4E52-9DF9-BFDE96A664D0'),(45,'裤脚围(周长)',NULL,NULL,NULL,NULL,NULL,NULL,10,'B8F270CF-5B67-41CE-A236-0D1802C7E67C',6,'F77B05C8-BA34-4E52-9DF9-BFDE96A664D0'),(46,'臀围(周长)',NULL,NULL,NULL,NULL,NULL,NULL,10,'B8F270CF-5B67-41CE-A236-0D1802C7E67C',2,'F77B05C8-BA34-4E52-9DF9-BFDE96A664D0'),(47,'裤腰围(周长)',NULL,NULL,NULL,NULL,NULL,NULL,10,'B8F270CF-5B67-41CE-A236-0D1802C7E67C',1,'F77B05C8-BA34-4E52-9DF9-BFDE96A664D0'),(48,'裤长',NULL,NULL,NULL,NULL,NULL,NULL,10,'B8F270CF-5B67-41CE-A236-0D1802C7E67C',5,'F77B05C8-BA34-4E52-9DF9-BFDE96A664D0'),(49,'大腿围',NULL,NULL,NULL,NULL,NULL,NULL,10,'B8F270CF-5B67-41CE-A236-0D1802C7E67C',4,'F77B05C8-BA34-4E52-9DF9-BFDE96A664D0'),(50,'前立裆',NULL,NULL,NULL,NULL,NULL,NULL,10,'B8F270CF-5B67-41CE-A236-0D1802C7E67C',3,'F77B05C8-BA34-4E52-9DF9-BFDE96A664D0'),(51,'下摆围(周长)',NULL,NULL,NULL,NULL,NULL,NULL,12,'437BDDF6-4552-4B4B-A3B6-0E87A849C93A',4,'1D4A7BE3-1341-45D8-A04B-1F04E944CFB0'),(52,'胸围(周长)',NULL,NULL,NULL,NULL,NULL,NULL,12,'437BDDF6-4552-4B4B-A3B6-0E87A849C93A',2,'1D4A7BE3-1341-45D8-A04B-1F04E944CFB0'),(53,'衣长',NULL,NULL,NULL,NULL,NULL,NULL,12,'437BDDF6-4552-4B4B-A3B6-0E87A849C93A',5,'1D4A7BE3-1341-45D8-A04B-1F04E944CFB0'),(54,'中国码',NULL,NULL,NULL,NULL,NULL,NULL,12,'437BDDF6-4552-4B4B-A3B6-0E87A849C93A',7,'1D4A7BE3-1341-45D8-A04B-1F04E944CFB0'),(55,'肩宽',NULL,NULL,NULL,NULL,NULL,NULL,12,'437BDDF6-4552-4B4B-A3B6-0E87A849C93A',1,'1D4A7BE3-1341-45D8-A04B-1F04E944CFB0'),(56,'袖长',NULL,NULL,NULL,NULL,NULL,NULL,12,'437BDDF6-4552-4B4B-A3B6-0E87A849C93A',6,'1D4A7BE3-1341-45D8-A04B-1F04E944CFB0'),(57,'腰围(周长)',NULL,NULL,NULL,NULL,NULL,NULL,12,'437BDDF6-4552-4B4B-A3B6-0E87A849C93A',3,'1D4A7BE3-1341-45D8-A04B-1F04E944CFB0'),(58,'鞋宽',NULL,NULL,NULL,NULL,NULL,NULL,13,'9071EE79-4D1F-4C61-94EB-1075261C09C5',4,'C2BE7484-81AB-4DCB-B829-F720525B93F4'),(59,'鞋帮高',NULL,NULL,NULL,NULL,NULL,NULL,13,'9071EE79-4D1F-4C61-94EB-1075261C09C5',2,'C2BE7484-81AB-4DCB-B829-F720525B93F4'),(60,'中国码',NULL,NULL,NULL,NULL,NULL,NULL,13,'9071EE79-4D1F-4C61-94EB-1075261C09C5',5,'C2BE7484-81AB-4DCB-B829-F720525B93F4'),(61,'内长',NULL,NULL,NULL,NULL,NULL,NULL,13,'9071EE79-4D1F-4C61-94EB-1075261C09C5',3,'C2BE7484-81AB-4DCB-B829-F720525B93F4'),(62,'鞋跟高',NULL,NULL,NULL,NULL,NULL,NULL,13,'9071EE79-4D1F-4C61-94EB-1075261C09C5',1,'C2BE7484-81AB-4DCB-B829-F720525B93F4'),(63,'镜片宽度',NULL,NULL,NULL,NULL,NULL,NULL,14,'C42FA8B7-B33B-4F4A-A8A7-12F5B6DFB12A',4,'70B102D1-7B0A-436B-908B-A32EEA369C15'),(64,'镜脚长度',NULL,NULL,NULL,NULL,NULL,NULL,14,'C42FA8B7-B33B-4F4A-A8A7-12F5B6DFB12A',5,'70B102D1-7B0A-436B-908B-A32EEA369C15'),(65,'鼻梁宽度',NULL,NULL,NULL,NULL,NULL,NULL,14,'C42FA8B7-B33B-4F4A-A8A7-12F5B6DFB12A',2,'70B102D1-7B0A-436B-908B-A32EEA369C15'),(66,'总宽度',NULL,NULL,NULL,NULL,NULL,NULL,14,'C42FA8B7-B33B-4F4A-A8A7-12F5B6DFB12A',1,'70B102D1-7B0A-436B-908B-A32EEA369C15'),(67,'总高度',NULL,NULL,NULL,NULL,NULL,NULL,14,'C42FA8B7-B33B-4F4A-A8A7-12F5B6DFB12A',3,'70B102D1-7B0A-436B-908B-A32EEA369C15'),(68,'臀围(周长)',NULL,NULL,NULL,NULL,NULL,NULL,15,'041438DB-B92E-4ECD-95E9-1323549C267F',2,'6F361B54-8AA7-4898-AA40-10EE7F1EE746'),(69,'腰围(周长)',NULL,NULL,NULL,NULL,NULL,NULL,15,'041438DB-B92E-4ECD-95E9-1323549C267F',1,'6F361B54-8AA7-4898-AA40-10EE7F1EE746'),(70,'裙摆围(周长)',NULL,NULL,NULL,NULL,NULL,NULL,15,'041438DB-B92E-4ECD-95E9-1323549C267F',3,'6F361B54-8AA7-4898-AA40-10EE7F1EE746'),(71,'中国码',NULL,NULL,NULL,NULL,NULL,NULL,15,'041438DB-B92E-4ECD-95E9-1323549C267F',5,'6F361B54-8AA7-4898-AA40-10EE7F1EE746'),(72,'裙长',NULL,NULL,NULL,NULL,NULL,NULL,15,'041438DB-B92E-4ECD-95E9-1323549C267F',4,'6F361B54-8AA7-4898-AA40-10EE7F1EE746'),(73,'项链坠长度',NULL,NULL,NULL,NULL,NULL,NULL,16,'65005D45-E4DE-4E4E-B378-14035C81E6D7',2,'09BBEF5D-0805-4B3B-BB77-6C24A522B0FD'),(74,'项链坠厚度',NULL,NULL,NULL,NULL,NULL,NULL,16,'65005D45-E4DE-4E4E-B378-14035C81E6D7',4,'09BBEF5D-0805-4B3B-BB77-6C24A522B0FD'),(75,'项链坠宽度',NULL,NULL,NULL,NULL,NULL,NULL,16,'65005D45-E4DE-4E4E-B378-14035C81E6D7',3,'09BBEF5D-0805-4B3B-BB77-6C24A522B0FD'),(76,'周长',NULL,NULL,NULL,NULL,NULL,NULL,16,'65005D45-E4DE-4E4E-B378-14035C81E6D7',1,'09BBEF5D-0805-4B3B-BB77-6C24A522B0FD'),(77,'腰带全长',NULL,NULL,NULL,NULL,NULL,NULL,17,'AB3D0B09-6A92-49FC-8284-141362FDBA30',4,'EA05C5F2-E7A2-42C5-A517-93CE761440A7'),(78,'最小腰围',NULL,NULL,NULL,NULL,NULL,NULL,17,'AB3D0B09-6A92-49FC-8284-141362FDBA30',6,'EA05C5F2-E7A2-42C5-A517-93CE761440A7'),(79,'最大腰围',NULL,NULL,NULL,NULL,NULL,NULL,17,'AB3D0B09-6A92-49FC-8284-141362FDBA30',5,'EA05C5F2-E7A2-42C5-A517-93CE761440A7'),(80,'带头长',NULL,NULL,NULL,NULL,NULL,NULL,17,'AB3D0B09-6A92-49FC-8284-141362FDBA30',1,'EA05C5F2-E7A2-42C5-A517-93CE761440A7'),(81,'中国码',NULL,NULL,NULL,NULL,NULL,NULL,17,'AB3D0B09-6A92-49FC-8284-141362FDBA30',7,'EA05C5F2-E7A2-42C5-A517-93CE761440A7'),(82,'带头宽',NULL,NULL,NULL,NULL,NULL,NULL,17,'AB3D0B09-6A92-49FC-8284-141362FDBA30',2,'EA05C5F2-E7A2-42C5-A517-93CE761440A7'),(83,'带体宽',NULL,NULL,NULL,NULL,NULL,NULL,17,'AB3D0B09-6A92-49FC-8284-141362FDBA30',3,'EA05C5F2-E7A2-42C5-A517-93CE761440A7'),(84,'高度',NULL,NULL,NULL,NULL,NULL,NULL,18,'3F2E1D00-2A83-407D-ABAF-1421F8608004',1,'6BBA15B2-24B0-40F3-85C1-B2F4F36B5AF0'),(85,'宽度',NULL,NULL,NULL,NULL,NULL,NULL,18,'3F2E1D00-2A83-407D-ABAF-1421F8608004',2,'6BBA15B2-24B0-40F3-85C1-B2F4F36B5AF0'),(86,'内长',NULL,NULL,NULL,NULL,NULL,NULL,19,'B7AFEBD4-ADBC-405C-82C2-148C8293E8FC',2,'6477FA9D-89A2-46A8-956D-93810174D0E6'),(87,'鞋宽',NULL,NULL,NULL,NULL,NULL,NULL,19,'B7AFEBD4-ADBC-405C-82C2-148C8293E8FC',3,'6477FA9D-89A2-46A8-956D-93810174D0E6'),(88,'鞋跟高',NULL,NULL,NULL,NULL,NULL,NULL,19,'B7AFEBD4-ADBC-405C-82C2-148C8293E8FC',1,'6477FA9D-89A2-46A8-956D-93810174D0E6'),(89,'中国码',NULL,NULL,NULL,NULL,NULL,NULL,19,'B7AFEBD4-ADBC-405C-82C2-148C8293E8FC',4,'6477FA9D-89A2-46A8-956D-93810174D0E6'),(90,'高度',NULL,NULL,NULL,NULL,NULL,NULL,20,'36F7E3BD-B2DF-4A79-9C1E-1585492F387C',3,'7790FEAF-5834-437F-B41A-C5B3BCE65A2C'),(91,'长度',NULL,NULL,NULL,NULL,NULL,NULL,20,'36F7E3BD-B2DF-4A79-9C1E-1585492F387C',1,'7790FEAF-5834-437F-B41A-C5B3BCE65A2C'),(92,'宽度',NULL,NULL,NULL,NULL,NULL,NULL,20,'36F7E3BD-B2DF-4A79-9C1E-1585492F387C',2,'7790FEAF-5834-437F-B41A-C5B3BCE65A2C'),(93,'肩带宽度',NULL,NULL,NULL,NULL,NULL,NULL,21,'98592CD7-D2A7-4C00-8807-161C76549D45',6,'06311FAC-9E9D-4E9E-9DD6-346E0BB5F2BF'),(94,'宽度',NULL,NULL,NULL,NULL,NULL,NULL,21,'98592CD7-D2A7-4C00-8807-161C76549D45',1,'06311FAC-9E9D-4E9E-9DD6-346E0BB5F2BF'),(95,'高度',NULL,NULL,NULL,NULL,NULL,NULL,21,'98592CD7-D2A7-4C00-8807-161C76549D45',2,'06311FAC-9E9D-4E9E-9DD6-346E0BB5F2BF'),(96,'厚度',NULL,NULL,NULL,NULL,NULL,NULL,21,'98592CD7-D2A7-4C00-8807-161C76549D45',3,'06311FAC-9E9D-4E9E-9DD6-346E0BB5F2BF'),(97,'肩带长度',NULL,NULL,NULL,NULL,NULL,NULL,21,'98592CD7-D2A7-4C00-8807-161C76549D45',5,'06311FAC-9E9D-4E9E-9DD6-346E0BB5F2BF'),(98,'提把高',NULL,NULL,NULL,NULL,NULL,NULL,21,'98592CD7-D2A7-4C00-8807-161C76549D45',4,'06311FAC-9E9D-4E9E-9DD6-346E0BB5F2BF'),(99,'长度',NULL,NULL,NULL,NULL,NULL,NULL,22,'5B1B3023-0BE5-47AB-A455-18AE30E641F1',1,'A11E9A33-177E-4D18-99F1-28E5685C56AE'),(100,'宽度',NULL,NULL,NULL,NULL,NULL,NULL,22,'5B1B3023-0BE5-47AB-A455-18AE30E641F1',2,'A11E9A33-177E-4D18-99F1-28E5685C56AE'),(101,'臀围(周长)',NULL,NULL,NULL,NULL,NULL,NULL,23,'EDBF5934-89DB-43D5-9B9B-1A3FF42F41DC',2,'6F361B54-8AA7-4898-AA40-10EE7F1EE746'),(102,'腰围(周长)',NULL,NULL,NULL,NULL,NULL,NULL,23,'EDBF5934-89DB-43D5-9B9B-1A3FF42F41DC',1,'6F361B54-8AA7-4898-AA40-10EE7F1EE746'),(103,'裙摆围(周长)',NULL,NULL,NULL,NULL,NULL,NULL,23,'EDBF5934-89DB-43D5-9B9B-1A3FF42F41DC',3,'6F361B54-8AA7-4898-AA40-10EE7F1EE746'),(104,'中国码',NULL,NULL,NULL,NULL,NULL,NULL,23,'EDBF5934-89DB-43D5-9B9B-1A3FF42F41DC',5,'6F361B54-8AA7-4898-AA40-10EE7F1EE746'),(105,'裙长',NULL,NULL,NULL,NULL,NULL,NULL,23,'EDBF5934-89DB-43D5-9B9B-1A3FF42F41DC',4,'6F361B54-8AA7-4898-AA40-10EE7F1EE746'),(106,'背带宽',NULL,NULL,NULL,NULL,NULL,NULL,24,'7220BE36-74E9-416D-A2C1-1C49800977DE',5,'96C414C1-4C01-47BF-B7D3-2BCE4137B43F'),(107,'厚度',NULL,NULL,NULL,NULL,NULL,NULL,24,'7220BE36-74E9-416D-A2C1-1C49800977DE',3,'96C414C1-4C01-47BF-B7D3-2BCE4137B43F'),(108,'高度',NULL,NULL,NULL,NULL,NULL,NULL,24,'7220BE36-74E9-416D-A2C1-1C49800977DE',1,'96C414C1-4C01-47BF-B7D3-2BCE4137B43F'),(109,'背带长',NULL,NULL,NULL,NULL,NULL,NULL,24,'7220BE36-74E9-416D-A2C1-1C49800977DE',4,'96C414C1-4C01-47BF-B7D3-2BCE4137B43F'),(110,'宽度',NULL,NULL,NULL,NULL,NULL,NULL,24,'7220BE36-74E9-416D-A2C1-1C49800977DE',2,'96C414C1-4C01-47BF-B7D3-2BCE4137B43F'),(111,'下摆围(周长)',NULL,NULL,NULL,NULL,NULL,NULL,25,'BFB5FDC2-4919-4BB6-8A82-1D31AFD2C6CA',4,'CCC9BEC4-EEC8-4153-9019-F1E85ED12432'),(112,'肩宽',NULL,NULL,NULL,NULL,NULL,NULL,25,'BFB5FDC2-4919-4BB6-8A82-1D31AFD2C6CA',1,'CCC9BEC4-EEC8-4153-9019-F1E85ED12432'),(113,'胸围(周长)',NULL,NULL,NULL,NULL,NULL,NULL,25,'BFB5FDC2-4919-4BB6-8A82-1D31AFD2C6CA',2,'CCC9BEC4-EEC8-4153-9019-F1E85ED12432'),(114,'中国码',NULL,NULL,NULL,NULL,NULL,NULL,25,'BFB5FDC2-4919-4BB6-8A82-1D31AFD2C6CA',8,'CCC9BEC4-EEC8-4153-9019-F1E85ED12432'),(115,'袖长',NULL,NULL,NULL,NULL,NULL,NULL,25,'BFB5FDC2-4919-4BB6-8A82-1D31AFD2C6CA',6,'CCC9BEC4-EEC8-4153-9019-F1E85ED12432'),(116,'袖口围',NULL,NULL,NULL,NULL,NULL,NULL,25,'BFB5FDC2-4919-4BB6-8A82-1D31AFD2C6CA',7,'CCC9BEC4-EEC8-4153-9019-F1E85ED12432'),(117,'腰围(周长)',NULL,NULL,NULL,NULL,NULL,NULL,25,'BFB5FDC2-4919-4BB6-8A82-1D31AFD2C6CA',3,'CCC9BEC4-EEC8-4153-9019-F1E85ED12432'),(118,'衣长',NULL,NULL,NULL,NULL,NULL,NULL,25,'BFB5FDC2-4919-4BB6-8A82-1D31AFD2C6CA',5,'CCC9BEC4-EEC8-4153-9019-F1E85ED12432'),(119,'长度',NULL,NULL,NULL,NULL,NULL,NULL,26,'706F62CB-CABF-4DE0-9EE0-1D7A794F4482',1,'B118D9CD-00C3-4FC2-A460-28C2852EE82F'),(120,'宽度',NULL,NULL,NULL,NULL,NULL,NULL,26,'706F62CB-CABF-4DE0-9EE0-1D7A794F4482',2,'B118D9CD-00C3-4FC2-A460-28C2852EE82F'),(121,'厚度',NULL,NULL,NULL,NULL,NULL,NULL,26,'706F62CB-CABF-4DE0-9EE0-1D7A794F4482',3,'B118D9CD-00C3-4FC2-A460-28C2852EE82F'),(122,'长度',NULL,NULL,NULL,NULL,NULL,NULL,27,'43262A4F-45E7-49FA-B791-1E5F696D0BF0',1,'B118D9CD-00C3-4FC2-A460-28C2852EE82F'),(123,'宽度',NULL,NULL,NULL,NULL,NULL,NULL,27,'43262A4F-45E7-49FA-B791-1E5F696D0BF0',2,'B118D9CD-00C3-4FC2-A460-28C2852EE82F'),(124,'厚度',NULL,NULL,NULL,NULL,NULL,NULL,27,'43262A4F-45E7-49FA-B791-1E5F696D0BF0',3,'B118D9CD-00C3-4FC2-A460-28C2852EE82F'),(125,'袖长',NULL,NULL,NULL,NULL,NULL,NULL,28,'2ECB1769-2BD2-4A20-A3C2-202E62A2FBC6',6,'0BCBF9AE-1E59-4BD3-8FE5-1545C95313D0'),(126,'肩宽',NULL,NULL,NULL,NULL,NULL,NULL,28,'2ECB1769-2BD2-4A20-A3C2-202E62A2FBC6',1,'0BCBF9AE-1E59-4BD3-8FE5-1545C95313D0'),(127,'衣长',NULL,NULL,NULL,NULL,NULL,NULL,28,'2ECB1769-2BD2-4A20-A3C2-202E62A2FBC6',5,'0BCBF9AE-1E59-4BD3-8FE5-1545C95313D0'),(128,'袖口围(周长)',NULL,NULL,NULL,NULL,NULL,NULL,28,'2ECB1769-2BD2-4A20-A3C2-202E62A2FBC6',7,'0BCBF9AE-1E59-4BD3-8FE5-1545C95313D0'),(129,'胸围(周长)',NULL,NULL,NULL,NULL,NULL,NULL,28,'2ECB1769-2BD2-4A20-A3C2-202E62A2FBC6',2,'0BCBF9AE-1E59-4BD3-8FE5-1545C95313D0'),(130,'中国码',NULL,NULL,NULL,NULL,NULL,NULL,28,'2ECB1769-2BD2-4A20-A3C2-202E62A2FBC6',8,'0BCBF9AE-1E59-4BD3-8FE5-1545C95313D0'),(131,'领围(周长)',NULL,NULL,NULL,NULL,NULL,NULL,28,'2ECB1769-2BD2-4A20-A3C2-202E62A2FBC6',4,'0BCBF9AE-1E59-4BD3-8FE5-1545C95313D0'),(132,'腰围(周长)',NULL,NULL,NULL,NULL,NULL,NULL,28,'2ECB1769-2BD2-4A20-A3C2-202E62A2FBC6',3,'0BCBF9AE-1E59-4BD3-8FE5-1545C95313D0'),(133,'中国码',NULL,NULL,NULL,NULL,NULL,NULL,29,'43A22714-9FDA-4CDA-BEA7-22319738C004',7,'F77B05C8-BA34-4E52-9DF9-BFDE96A664D0'),(134,'裤脚围(周长)',NULL,NULL,NULL,NULL,NULL,NULL,29,'43A22714-9FDA-4CDA-BEA7-22319738C004',6,'F77B05C8-BA34-4E52-9DF9-BFDE96A664D0'),(135,'臀围(周长)',NULL,NULL,NULL,NULL,NULL,NULL,29,'43A22714-9FDA-4CDA-BEA7-22319738C004',2,'F77B05C8-BA34-4E52-9DF9-BFDE96A664D0'),(136,'裤腰围(周长)',NULL,NULL,NULL,NULL,NULL,NULL,29,'43A22714-9FDA-4CDA-BEA7-22319738C004',1,'F77B05C8-BA34-4E52-9DF9-BFDE96A664D0'),(137,'裤长',NULL,NULL,NULL,NULL,NULL,NULL,29,'43A22714-9FDA-4CDA-BEA7-22319738C004',5,'F77B05C8-BA34-4E52-9DF9-BFDE96A664D0'),(138,'大腿围',NULL,NULL,NULL,NULL,NULL,NULL,29,'43A22714-9FDA-4CDA-BEA7-22319738C004',4,'F77B05C8-BA34-4E52-9DF9-BFDE96A664D0'),(139,'前立裆',NULL,NULL,NULL,NULL,NULL,NULL,29,'43A22714-9FDA-4CDA-BEA7-22319738C004',3,'F77B05C8-BA34-4E52-9DF9-BFDE96A664D0'),(140,'肩带宽度',NULL,NULL,NULL,NULL,NULL,NULL,30,'F0BDD523-6BE4-4D30-9EFA-22E77682AA04',6,'06311FAC-9E9D-4E9E-9DD6-346E0BB5F2BF'),(141,'宽度',NULL,NULL,NULL,NULL,NULL,NULL,30,'F0BDD523-6BE4-4D30-9EFA-22E77682AA04',1,'06311FAC-9E9D-4E9E-9DD6-346E0BB5F2BF'),(142,'高度',NULL,NULL,NULL,NULL,NULL,NULL,30,'F0BDD523-6BE4-4D30-9EFA-22E77682AA04',2,'06311FAC-9E9D-4E9E-9DD6-346E0BB5F2BF'),(143,'厚度',NULL,NULL,NULL,NULL,NULL,NULL,30,'F0BDD523-6BE4-4D30-9EFA-22E77682AA04',3,'06311FAC-9E9D-4E9E-9DD6-346E0BB5F2BF'),(144,'肩带长度',NULL,NULL,NULL,NULL,NULL,NULL,30,'F0BDD523-6BE4-4D30-9EFA-22E77682AA04',5,'06311FAC-9E9D-4E9E-9DD6-346E0BB5F2BF'),(145,'提把高',NULL,NULL,NULL,NULL,NULL,NULL,30,'F0BDD523-6BE4-4D30-9EFA-22E77682AA04',4,'06311FAC-9E9D-4E9E-9DD6-346E0BB5F2BF'),(146,'脚踝围(周长)',NULL,NULL,NULL,NULL,NULL,NULL,31,'AE436712-40C9-4D56-81A8-22E94AA55735',3,'03524953-BB55-474F-A039-640EA5157F4F'),(147,'鞋宽',NULL,NULL,NULL,NULL,NULL,NULL,31,'AE436712-40C9-4D56-81A8-22E94AA55735',7,'03524953-BB55-474F-A039-640EA5157F4F'),(148,'内长',NULL,NULL,NULL,NULL,NULL,NULL,31,'AE436712-40C9-4D56-81A8-22E94AA55735',6,'03524953-BB55-474F-A039-640EA5157F4F'),(149,'防水台',NULL,NULL,NULL,NULL,NULL,NULL,31,'AE436712-40C9-4D56-81A8-22E94AA55735',5,'03524953-BB55-474F-A039-640EA5157F4F'),(150,'鞋跟',NULL,NULL,NULL,NULL,NULL,NULL,31,'AE436712-40C9-4D56-81A8-22E94AA55735',4,'03524953-BB55-474F-A039-640EA5157F4F'),(151,'筒围(周长)',NULL,NULL,NULL,NULL,NULL,NULL,31,'AE436712-40C9-4D56-81A8-22E94AA55735',2,'03524953-BB55-474F-A039-640EA5157F4F'),(152,'中国码',NULL,NULL,NULL,NULL,NULL,NULL,31,'AE436712-40C9-4D56-81A8-22E94AA55735',8,'03524953-BB55-474F-A039-640EA5157F4F'),(153,'筒高',NULL,NULL,NULL,NULL,NULL,NULL,31,'AE436712-40C9-4D56-81A8-22E94AA55735',1,'03524953-BB55-474F-A039-640EA5157F4F'),(154,'长度',NULL,NULL,NULL,NULL,NULL,NULL,32,'89B27209-8041-457F-99DC-23808E4D9403',1,'B118D9CD-00C3-4FC2-A460-28C2852EE82F'),(155,'宽度',NULL,NULL,NULL,NULL,NULL,NULL,32,'89B27209-8041-457F-99DC-23808E4D9403',2,'B118D9CD-00C3-4FC2-A460-28C2852EE82F'),(156,'厚度',NULL,NULL,NULL,NULL,NULL,NULL,32,'89B27209-8041-457F-99DC-23808E4D9403',3,'B118D9CD-00C3-4FC2-A460-28C2852EE82F'),(157,'衣长',NULL,NULL,NULL,NULL,NULL,NULL,33,'1FE033E9-2DBF-4927-8BF3-23FD780AFE26',5,'0ED87C96-D14D-4AEC-B650-BBE4CEDE91EF'),(158,'腰围（周长）',NULL,NULL,NULL,NULL,NULL,NULL,33,'1FE033E9-2DBF-4927-8BF3-23FD780AFE26',3,'0ED87C96-D14D-4AEC-B650-BBE4CEDE91EF'),(159,'胸围（周长）',NULL,NULL,NULL,NULL,NULL,NULL,33,'1FE033E9-2DBF-4927-8BF3-23FD780AFE26',2,'0ED87C96-D14D-4AEC-B650-BBE4CEDE91EF'),(160,'裤口（周长）',NULL,NULL,NULL,NULL,NULL,NULL,33,'1FE033E9-2DBF-4927-8BF3-23FD780AFE26',7,'0ED87C96-D14D-4AEC-B650-BBE4CEDE91EF'),(161,'中国码',NULL,NULL,NULL,NULL,NULL,NULL,33,'1FE033E9-2DBF-4927-8BF3-23FD780AFE26',8,'0ED87C96-D14D-4AEC-B650-BBE4CEDE91EF'),(162,'肩到裆',NULL,NULL,NULL,NULL,NULL,NULL,33,'1FE033E9-2DBF-4927-8BF3-23FD780AFE26',4,'0ED87C96-D14D-4AEC-B650-BBE4CEDE91EF'),(163,'袖长',NULL,NULL,NULL,NULL,NULL,NULL,33,'1FE033E9-2DBF-4927-8BF3-23FD780AFE26',6,'0ED87C96-D14D-4AEC-B650-BBE4CEDE91EF'),(164,'肩宽',NULL,NULL,NULL,NULL,NULL,NULL,33,'1FE033E9-2DBF-4927-8BF3-23FD780AFE26',1,'0ED87C96-D14D-4AEC-B650-BBE4CEDE91EF'),(165,'高度',NULL,NULL,NULL,NULL,NULL,NULL,34,'238AF08C-AEAF-4692-B580-241BB72F1151',1,'6BBA15B2-24B0-40F3-85C1-B2F4F36B5AF0'),(166,'宽度',NULL,NULL,NULL,NULL,NULL,NULL,34,'238AF08C-AEAF-4692-B580-241BB72F1151',2,'6BBA15B2-24B0-40F3-85C1-B2F4F36B5AF0'),(167,'袖长',NULL,NULL,NULL,NULL,NULL,NULL,35,'518725EB-887A-4805-8F84-24BDA2286C63',6,'89448EA5-A31D-4023-9F9A-0E48F9B1686B'),(168,'肩宽',NULL,NULL,NULL,NULL,NULL,NULL,35,'518725EB-887A-4805-8F84-24BDA2286C63',1,'89448EA5-A31D-4023-9F9A-0E48F9B1686B'),(169,'腰围(周长)',NULL,NULL,NULL,NULL,NULL,NULL,35,'518725EB-887A-4805-8F84-24BDA2286C63',3,'89448EA5-A31D-4023-9F9A-0E48F9B1686B'),(170,'中国码',NULL,NULL,NULL,NULL,NULL,NULL,35,'518725EB-887A-4805-8F84-24BDA2286C63',7,'89448EA5-A31D-4023-9F9A-0E48F9B1686B'),(171,'衣长',NULL,NULL,NULL,NULL,NULL,NULL,35,'518725EB-887A-4805-8F84-24BDA2286C63',5,'89448EA5-A31D-4023-9F9A-0E48F9B1686B'),(172,'下摆围(周长)',NULL,NULL,NULL,NULL,NULL,NULL,35,'518725EB-887A-4805-8F84-24BDA2286C63',4,'89448EA5-A31D-4023-9F9A-0E48F9B1686B'),(173,'胸围(周长)',NULL,NULL,NULL,NULL,NULL,NULL,35,'518725EB-887A-4805-8F84-24BDA2286C63',2,'89448EA5-A31D-4023-9F9A-0E48F9B1686B'),(174,'表头厚度',NULL,NULL,NULL,NULL,NULL,NULL,36,'E9ABBE20-3A13-44CC-8301-26ADF9169842',4,'2FD1490D-25B1-456A-8551-F1B8698FF809'),(175,'表带长度',NULL,NULL,NULL,NULL,NULL,NULL,36,'E9ABBE20-3A13-44CC-8301-26ADF9169842',2,'2FD1490D-25B1-456A-8551-F1B8698FF809'),(176,'表头直径',NULL,NULL,NULL,NULL,NULL,NULL,36,'E9ABBE20-3A13-44CC-8301-26ADF9169842',3,'2FD1490D-25B1-456A-8551-F1B8698FF809'),(177,'表带宽度',NULL,NULL,NULL,NULL,NULL,NULL,36,'E9ABBE20-3A13-44CC-8301-26ADF9169842',1,'2FD1490D-25B1-456A-8551-F1B8698FF809'),(178,'宽度',NULL,NULL,NULL,NULL,NULL,NULL,37,'D3D7BE7C-D234-4613-B91B-2770514F74B7',2,'8BD3F952-FD49-4EA0-B8E2-2AD0AF1FB8F6'),(179,'长度',NULL,NULL,NULL,NULL,NULL,NULL,37,'D3D7BE7C-D234-4613-B91B-2770514F74B7',1,'8BD3F952-FD49-4EA0-B8E2-2AD0AF1FB8F6'),(180,'鞋宽',NULL,NULL,NULL,NULL,NULL,NULL,38,'7DBB9403-2E2F-41A3-8C54-27F968A7FB3A',4,'C2BE7484-81AB-4DCB-B829-F720525B93F4'),(181,'鞋帮高',NULL,NULL,NULL,NULL,NULL,NULL,38,'7DBB9403-2E2F-41A3-8C54-27F968A7FB3A',2,'C2BE7484-81AB-4DCB-B829-F720525B93F4'),(182,'中国码',NULL,NULL,NULL,NULL,NULL,NULL,38,'7DBB9403-2E2F-41A3-8C54-27F968A7FB3A',5,'C2BE7484-81AB-4DCB-B829-F720525B93F4'),(183,'内长',NULL,NULL,NULL,NULL,NULL,NULL,38,'7DBB9403-2E2F-41A3-8C54-27F968A7FB3A',3,'C2BE7484-81AB-4DCB-B829-F720525B93F4'),(184,'鞋跟高',NULL,NULL,NULL,NULL,NULL,NULL,38,'7DBB9403-2E2F-41A3-8C54-27F968A7FB3A',1,'C2BE7484-81AB-4DCB-B829-F720525B93F4'),(185,'袖长',NULL,NULL,NULL,NULL,NULL,NULL,39,'FF97A0E4-600D-4549-8A2C-2904A1A02C83',6,'0BCBF9AE-1E59-4BD3-8FE5-1545C95313D0'),(186,'肩宽',NULL,NULL,NULL,NULL,NULL,NULL,39,'FF97A0E4-600D-4549-8A2C-2904A1A02C83',1,'0BCBF9AE-1E59-4BD3-8FE5-1545C95313D0'),(187,'衣长',NULL,NULL,NULL,NULL,NULL,NULL,39,'FF97A0E4-600D-4549-8A2C-2904A1A02C83',5,'0BCBF9AE-1E59-4BD3-8FE5-1545C95313D0'),(188,'袖口围(周长)',NULL,NULL,NULL,NULL,NULL,NULL,39,'FF97A0E4-600D-4549-8A2C-2904A1A02C83',7,'0BCBF9AE-1E59-4BD3-8FE5-1545C95313D0'),(189,'胸围(周长)',NULL,NULL,NULL,NULL,NULL,NULL,39,'FF97A0E4-600D-4549-8A2C-2904A1A02C83',2,'0BCBF9AE-1E59-4BD3-8FE5-1545C95313D0'),(190,'中国码',NULL,NULL,NULL,NULL,NULL,NULL,39,'FF97A0E4-600D-4549-8A2C-2904A1A02C83',8,'0BCBF9AE-1E59-4BD3-8FE5-1545C95313D0'),(191,'领围(周长)',NULL,NULL,NULL,NULL,NULL,NULL,39,'FF97A0E4-600D-4549-8A2C-2904A1A02C83',4,'0BCBF9AE-1E59-4BD3-8FE5-1545C95313D0'),(192,'腰围(周长)',NULL,NULL,NULL,NULL,NULL,NULL,39,'FF97A0E4-600D-4549-8A2C-2904A1A02C83',3,'0BCBF9AE-1E59-4BD3-8FE5-1545C95313D0'),(193,'袖长',NULL,NULL,NULL,NULL,NULL,NULL,40,'2C407C43-CA55-4E8C-9612-292C25CFBEF0',5,'1018D69C-B6B1-4E4A-960B-ADB54F48A51E'),(194,'衣长',NULL,NULL,NULL,NULL,NULL,NULL,40,'2C407C43-CA55-4E8C-9612-292C25CFBEF0',6,'1018D69C-B6B1-4E4A-960B-ADB54F48A51E'),(195,'裤长',NULL,NULL,NULL,NULL,NULL,NULL,40,'2C407C43-CA55-4E8C-9612-292C25CFBEF0',10,'1018D69C-B6B1-4E4A-960B-ADB54F48A51E'),(196,'肩宽',NULL,NULL,NULL,NULL,NULL,NULL,40,'2C407C43-CA55-4E8C-9612-292C25CFBEF0',1,'1018D69C-B6B1-4E4A-960B-ADB54F48A51E'),(197,'臀围（周长）',NULL,NULL,NULL,NULL,NULL,NULL,40,'2C407C43-CA55-4E8C-9612-292C25CFBEF0',8,'1018D69C-B6B1-4E4A-960B-ADB54F48A51E'),(198,'下摆围（周长）',NULL,NULL,NULL,NULL,NULL,NULL,40,'2C407C43-CA55-4E8C-9612-292C25CFBEF0',4,'1018D69C-B6B1-4E4A-960B-ADB54F48A51E'),(199,'中国码',NULL,NULL,NULL,NULL,NULL,NULL,40,'2C407C43-CA55-4E8C-9612-292C25CFBEF0',11,'1018D69C-B6B1-4E4A-960B-ADB54F48A51E'),(200,'胸围（周长）',NULL,NULL,NULL,NULL,NULL,NULL,40,'2C407C43-CA55-4E8C-9612-292C25CFBEF0',2,'1018D69C-B6B1-4E4A-960B-ADB54F48A51E'),(201,'前立裆',NULL,NULL,NULL,NULL,NULL,NULL,40,'2C407C43-CA55-4E8C-9612-292C25CFBEF0',9,'1018D69C-B6B1-4E4A-960B-ADB54F48A51E'),(202,'腰围（周长）',NULL,NULL,NULL,NULL,NULL,NULL,40,'2C407C43-CA55-4E8C-9612-292C25CFBEF0',3,'1018D69C-B6B1-4E4A-960B-ADB54F48A51E'),(203,'裤腰围（周长）',NULL,NULL,NULL,NULL,NULL,NULL,40,'2C407C43-CA55-4E8C-9612-292C25CFBEF0',7,'1018D69C-B6B1-4E4A-960B-ADB54F48A51E'),(204,'袖长',NULL,NULL,NULL,NULL,NULL,NULL,41,'DB0FF951-8AE2-4F99-BDB0-293123C29D97',6,'89448EA5-A31D-4023-9F9A-0E48F9B1686B'),(205,'肩宽',NULL,NULL,NULL,NULL,NULL,NULL,41,'DB0FF951-8AE2-4F99-BDB0-293123C29D97',1,'89448EA5-A31D-4023-9F9A-0E48F9B1686B'),(206,'腰围(周长)',NULL,NULL,NULL,NULL,NULL,NULL,41,'DB0FF951-8AE2-4F99-BDB0-293123C29D97',3,'89448EA5-A31D-4023-9F9A-0E48F9B1686B'),(207,'中国码',NULL,NULL,NULL,NULL,NULL,NULL,41,'DB0FF951-8AE2-4F99-BDB0-293123C29D97',7,'89448EA5-A31D-4023-9F9A-0E48F9B1686B'),(208,'衣长',NULL,NULL,NULL,NULL,NULL,NULL,41,'DB0FF951-8AE2-4F99-BDB0-293123C29D97',5,'89448EA5-A31D-4023-9F9A-0E48F9B1686B'),(209,'下摆围(周长)',NULL,NULL,NULL,NULL,NULL,NULL,41,'DB0FF951-8AE2-4F99-BDB0-293123C29D97',4,'89448EA5-A31D-4023-9F9A-0E48F9B1686B'),(210,'胸围(周长)',NULL,NULL,NULL,NULL,NULL,NULL,41,'DB0FF951-8AE2-4F99-BDB0-293123C29D97',2,'89448EA5-A31D-4023-9F9A-0E48F9B1686B'),(211,'帽沿长',NULL,NULL,NULL,NULL,NULL,NULL,42,'64FDA3EA-2218-4D1A-88F7-2A4084D60917',2,'58DBBA71-6EF3-42AE-A63B-14A09DD98434'),(212,'头围(周长)',NULL,NULL,NULL,NULL,NULL,NULL,42,'64FDA3EA-2218-4D1A-88F7-2A4084D60917',1,'58DBBA71-6EF3-42AE-A63B-14A09DD98434'),(213,'腰围',NULL,NULL,NULL,NULL,NULL,NULL,43,'1B010BEC-3B86-43F2-B9A5-2A5E712FD5B2',3,'EEB06EEE-5A0B-401E-912F-3FC296FE1DC0'),(214,'肩宽',NULL,NULL,NULL,NULL,NULL,NULL,43,'1B010BEC-3B86-43F2-B9A5-2A5E712FD5B2',1,'EEB06EEE-5A0B-401E-912F-3FC296FE1DC0'),(215,'胸围',NULL,NULL,NULL,NULL,NULL,NULL,43,'1B010BEC-3B86-43F2-B9A5-2A5E712FD5B2',2,'EEB06EEE-5A0B-401E-912F-3FC296FE1DC0'),(216,'中国码',NULL,NULL,NULL,NULL,NULL,NULL,43,'1B010BEC-3B86-43F2-B9A5-2A5E712FD5B2',7,'EEB06EEE-5A0B-401E-912F-3FC296FE1DC0'),(217,'下摆围',NULL,NULL,NULL,NULL,NULL,NULL,43,'1B010BEC-3B86-43F2-B9A5-2A5E712FD5B2',4,'EEB06EEE-5A0B-401E-912F-3FC296FE1DC0'),(218,'衣长',NULL,NULL,NULL,NULL,NULL,NULL,43,'1B010BEC-3B86-43F2-B9A5-2A5E712FD5B2',5,'EEB06EEE-5A0B-401E-912F-3FC296FE1DC0'),(219,'袖长',NULL,NULL,NULL,NULL,NULL,NULL,43,'1B010BEC-3B86-43F2-B9A5-2A5E712FD5B2',6,'EEB06EEE-5A0B-401E-912F-3FC296FE1DC0'),(220,'高度',NULL,NULL,NULL,NULL,NULL,NULL,44,'4FFC1F9B-6EB4-4704-A28C-2BDFA61D54BC',1,'6BBA15B2-24B0-40F3-85C1-B2F4F36B5AF0'),(221,'宽度',NULL,NULL,NULL,NULL,NULL,NULL,44,'4FFC1F9B-6EB4-4704-A28C-2BDFA61D54BC',2,'6BBA15B2-24B0-40F3-85C1-B2F4F36B5AF0'),(222,'长度',NULL,NULL,NULL,NULL,NULL,NULL,45,'26720551-530B-4673-B134-2CED52ECC417',1,'A11E9A33-177E-4D18-99F1-28E5685C56AE'),(223,'宽度',NULL,NULL,NULL,NULL,NULL,NULL,45,'26720551-530B-4673-B134-2CED52ECC417',2,'A11E9A33-177E-4D18-99F1-28E5685C56AE'),(224,'腰围(周长)',NULL,NULL,NULL,NULL,NULL,NULL,46,'42D59CB2-6F9A-4826-A2B8-2D55411372DB',3,'C10B1633-E157-46BA-9F31-254366E44ACA'),(225,'前领深',NULL,NULL,NULL,NULL,NULL,NULL,46,'42D59CB2-6F9A-4826-A2B8-2D55411372DB',6,'C10B1633-E157-46BA-9F31-254366E44ACA'),(226,'肩宽',NULL,NULL,NULL,NULL,NULL,NULL,46,'42D59CB2-6F9A-4826-A2B8-2D55411372DB',1,'C10B1633-E157-46BA-9F31-254366E44ACA'),(227,'衣长',NULL,NULL,NULL,NULL,NULL,NULL,46,'42D59CB2-6F9A-4826-A2B8-2D55411372DB',5,'C10B1633-E157-46BA-9F31-254366E44ACA'),(228,'下摆围(周长)',NULL,NULL,NULL,NULL,NULL,NULL,46,'42D59CB2-6F9A-4826-A2B8-2D55411372DB',4,'C10B1633-E157-46BA-9F31-254366E44ACA'),(229,'中国码',NULL,NULL,NULL,NULL,NULL,NULL,46,'42D59CB2-6F9A-4826-A2B8-2D55411372DB',7,'C10B1633-E157-46BA-9F31-254366E44ACA'),(230,'胸围(周长)',NULL,NULL,NULL,NULL,NULL,NULL,46,'42D59CB2-6F9A-4826-A2B8-2D55411372DB',2,'C10B1633-E157-46BA-9F31-254366E44ACA'),(231,'宽度',NULL,NULL,NULL,NULL,NULL,NULL,48,'B0C37B6E-A147-4D17-977E-320180D31108',2,'7590A392-2744-4C6A-95C8-B9B68045B8C1'),(232,'长度',NULL,NULL,NULL,NULL,NULL,NULL,48,'B0C37B6E-A147-4D17-977E-320180D31108',1,'7590A392-2744-4C6A-95C8-B9B68045B8C1'),(233,'厚度',NULL,NULL,NULL,NULL,NULL,NULL,48,'B0C37B6E-A147-4D17-977E-320180D31108',3,'7590A392-2744-4C6A-95C8-B9B68045B8C1'),(234,'长度',NULL,NULL,NULL,NULL,NULL,NULL,49,'65294BCC-AA2B-4200-8558-3480E9689D82',1,'B118D9CD-00C3-4FC2-A460-28C2852EE82F'),(235,'宽度',NULL,NULL,NULL,NULL,NULL,NULL,49,'65294BCC-AA2B-4200-8558-3480E9689D82',2,'B118D9CD-00C3-4FC2-A460-28C2852EE82F'),(236,'厚度',NULL,NULL,NULL,NULL,NULL,NULL,49,'65294BCC-AA2B-4200-8558-3480E9689D82',3,'B118D9CD-00C3-4FC2-A460-28C2852EE82F'),(237,'鞋宽',NULL,NULL,NULL,NULL,NULL,NULL,50,'827D56E5-0B06-4947-8C3B-37FC3828E348',4,'C2BE7484-81AB-4DCB-B829-F720525B93F4'),(238,'鞋帮高',NULL,NULL,NULL,NULL,NULL,NULL,50,'827D56E5-0B06-4947-8C3B-37FC3828E348',2,'C2BE7484-81AB-4DCB-B829-F720525B93F4'),(239,'中国码',NULL,NULL,NULL,NULL,NULL,NULL,50,'827D56E5-0B06-4947-8C3B-37FC3828E348',5,'C2BE7484-81AB-4DCB-B829-F720525B93F4'),(240,'内长',NULL,NULL,NULL,NULL,NULL,NULL,50,'827D56E5-0B06-4947-8C3B-37FC3828E348',3,'C2BE7484-81AB-4DCB-B829-F720525B93F4'),(241,'鞋跟高',NULL,NULL,NULL,NULL,NULL,NULL,50,'827D56E5-0B06-4947-8C3B-37FC3828E348',1,'C2BE7484-81AB-4DCB-B829-F720525B93F4'),(242,'镜片宽度',NULL,NULL,NULL,NULL,NULL,NULL,51,'9375210F-73BD-4FB1-9378-39C9DAB4AFC1',4,'70B102D1-7B0A-436B-908B-A32EEA369C15'),(243,'镜脚长度',NULL,NULL,NULL,NULL,NULL,NULL,51,'9375210F-73BD-4FB1-9378-39C9DAB4AFC1',5,'70B102D1-7B0A-436B-908B-A32EEA369C15'),(244,'鼻梁宽度',NULL,NULL,NULL,NULL,NULL,NULL,51,'9375210F-73BD-4FB1-9378-39C9DAB4AFC1',2,'70B102D1-7B0A-436B-908B-A32EEA369C15'),(245,'总宽度',NULL,NULL,NULL,NULL,NULL,NULL,51,'9375210F-73BD-4FB1-9378-39C9DAB4AFC1',1,'70B102D1-7B0A-436B-908B-A32EEA369C15'),(246,'总高度',NULL,NULL,NULL,NULL,NULL,NULL,51,'9375210F-73BD-4FB1-9378-39C9DAB4AFC1',3,'70B102D1-7B0A-436B-908B-A32EEA369C15'),(247,'宽度',NULL,NULL,NULL,NULL,NULL,NULL,52,'602E9E08-7BAA-41EA-B97E-39E23A57D49F',2,'327DFAF7-469C-44C4-8A17-B1A3A1826D18'),(248,'长度',NULL,NULL,NULL,NULL,NULL,NULL,52,'602E9E08-7BAA-41EA-B97E-39E23A57D49F',1,'327DFAF7-469C-44C4-8A17-B1A3A1826D18'),(249,'腰围(周长)',NULL,NULL,NULL,NULL,NULL,NULL,54,'CDF6188D-C5AA-4131-B04C-3BA2D05C11AB',3,'4BC4302C-5772-4F98-BB48-52617A58BBBC'),(250,'下摆围(周长)',NULL,NULL,NULL,NULL,NULL,NULL,54,'CDF6188D-C5AA-4131-B04C-3BA2D05C11AB',4,'4BC4302C-5772-4F98-BB48-52617A58BBBC'),(251,'袖长',NULL,NULL,NULL,NULL,NULL,NULL,54,'CDF6188D-C5AA-4131-B04C-3BA2D05C11AB',6,'4BC4302C-5772-4F98-BB48-52617A58BBBC'),(252,'胸围(周长)',NULL,NULL,NULL,NULL,NULL,NULL,54,'CDF6188D-C5AA-4131-B04C-3BA2D05C11AB',2,'4BC4302C-5772-4F98-BB48-52617A58BBBC'),(253,'衣长',NULL,NULL,NULL,NULL,NULL,NULL,54,'CDF6188D-C5AA-4131-B04C-3BA2D05C11AB',5,'4BC4302C-5772-4F98-BB48-52617A58BBBC'),(254,'中国码',NULL,NULL,NULL,NULL,NULL,NULL,54,'CDF6188D-C5AA-4131-B04C-3BA2D05C11AB',7,'4BC4302C-5772-4F98-BB48-52617A58BBBC'),(255,'肩宽',NULL,NULL,NULL,NULL,NULL,NULL,54,'CDF6188D-C5AA-4131-B04C-3BA2D05C11AB',1,'4BC4302C-5772-4F98-BB48-52617A58BBBC'),(256,'鞋宽',NULL,NULL,NULL,NULL,NULL,NULL,55,'FBA8EA47-834D-4401-928C-3D078E37B0D6',4,'C2BE7484-81AB-4DCB-B829-F720525B93F4'),(257,'鞋帮高',NULL,NULL,NULL,NULL,NULL,NULL,55,'FBA8EA47-834D-4401-928C-3D078E37B0D6',2,'C2BE7484-81AB-4DCB-B829-F720525B93F4'),(258,'中国码',NULL,NULL,NULL,NULL,NULL,NULL,55,'FBA8EA47-834D-4401-928C-3D078E37B0D6',5,'C2BE7484-81AB-4DCB-B829-F720525B93F4'),(259,'内长',NULL,NULL,NULL,NULL,NULL,NULL,55,'FBA8EA47-834D-4401-928C-3D078E37B0D6',3,'C2BE7484-81AB-4DCB-B829-F720525B93F4'),(260,'鞋跟高',NULL,NULL,NULL,NULL,NULL,NULL,55,'FBA8EA47-834D-4401-928C-3D078E37B0D6',1,'C2BE7484-81AB-4DCB-B829-F720525B93F4'),(261,'内长',NULL,NULL,NULL,NULL,NULL,NULL,56,'218500EA-A9D1-4127-9D5D-3F19D79A2547',2,'6477FA9D-89A2-46A8-956D-93810174D0E6'),(262,'鞋宽',NULL,NULL,NULL,NULL,NULL,NULL,56,'218500EA-A9D1-4127-9D5D-3F19D79A2547',3,'6477FA9D-89A2-46A8-956D-93810174D0E6'),(263,'鞋跟高',NULL,NULL,NULL,NULL,NULL,NULL,56,'218500EA-A9D1-4127-9D5D-3F19D79A2547',1,'6477FA9D-89A2-46A8-956D-93810174D0E6'),(264,'中国码',NULL,NULL,NULL,NULL,NULL,NULL,56,'218500EA-A9D1-4127-9D5D-3F19D79A2547',4,'6477FA9D-89A2-46A8-956D-93810174D0E6'),(265,'下摆围(周长)',NULL,NULL,NULL,NULL,NULL,NULL,57,'BE582D99-873A-4B93-B4B7-3FDD7FA8A22C',4,'CCC9BEC4-EEC8-4153-9019-F1E85ED12432'),(266,'肩宽',NULL,NULL,NULL,NULL,NULL,NULL,57,'BE582D99-873A-4B93-B4B7-3FDD7FA8A22C',1,'CCC9BEC4-EEC8-4153-9019-F1E85ED12432'),(267,'胸围(周长)',NULL,NULL,NULL,NULL,NULL,NULL,57,'BE582D99-873A-4B93-B4B7-3FDD7FA8A22C',2,'CCC9BEC4-EEC8-4153-9019-F1E85ED12432'),(268,'中国码',NULL,NULL,NULL,NULL,NULL,NULL,57,'BE582D99-873A-4B93-B4B7-3FDD7FA8A22C',8,'CCC9BEC4-EEC8-4153-9019-F1E85ED12432'),(269,'袖长',NULL,NULL,NULL,NULL,NULL,NULL,57,'BE582D99-873A-4B93-B4B7-3FDD7FA8A22C',6,'CCC9BEC4-EEC8-4153-9019-F1E85ED12432'),(270,'袖口围',NULL,NULL,NULL,NULL,NULL,NULL,57,'BE582D99-873A-4B93-B4B7-3FDD7FA8A22C',7,'CCC9BEC4-EEC8-4153-9019-F1E85ED12432'),(271,'腰围(周长)',NULL,NULL,NULL,NULL,NULL,NULL,57,'BE582D99-873A-4B93-B4B7-3FDD7FA8A22C',3,'CCC9BEC4-EEC8-4153-9019-F1E85ED12432'),(272,'衣长',NULL,NULL,NULL,NULL,NULL,NULL,57,'BE582D99-873A-4B93-B4B7-3FDD7FA8A22C',5,'CCC9BEC4-EEC8-4153-9019-F1E85ED12432'),(273,'中国码',NULL,NULL,NULL,NULL,NULL,NULL,59,'E8B18162-ACD1-4C63-93D2-4390EED7A111',3,'E6D9D190-1357-4FDB-A605-DD07C973B77B'),(274,'腰围',NULL,NULL,NULL,NULL,NULL,NULL,59,'E8B18162-ACD1-4C63-93D2-4390EED7A111',1,'E6D9D190-1357-4FDB-A605-DD07C973B77B'),(275,'立裆深度',NULL,NULL,NULL,NULL,NULL,NULL,59,'E8B18162-ACD1-4C63-93D2-4390EED7A111',2,'E6D9D190-1357-4FDB-A605-DD07C973B77B'),(276,'内长',NULL,NULL,NULL,NULL,NULL,NULL,60,'F35AE319-0079-475B-9661-463A2FD84733',2,'6477FA9D-89A2-46A8-956D-93810174D0E6'),(277,'鞋宽',NULL,NULL,NULL,NULL,NULL,NULL,60,'F35AE319-0079-475B-9661-463A2FD84733',3,'6477FA9D-89A2-46A8-956D-93810174D0E6'),(278,'鞋跟高',NULL,NULL,NULL,NULL,NULL,NULL,60,'F35AE319-0079-475B-9661-463A2FD84733',1,'6477FA9D-89A2-46A8-956D-93810174D0E6'),(279,'中国码',NULL,NULL,NULL,NULL,NULL,NULL,60,'F35AE319-0079-475B-9661-463A2FD84733',4,'6477FA9D-89A2-46A8-956D-93810174D0E6'),(280,'腰带全长',NULL,NULL,NULL,NULL,NULL,NULL,61,'6967118E-0B96-4C5E-A1EA-4AB7A2055581',4,'EA05C5F2-E7A2-42C5-A517-93CE761440A7'),(281,'最小腰围',NULL,NULL,NULL,NULL,NULL,NULL,61,'6967118E-0B96-4C5E-A1EA-4AB7A2055581',6,'EA05C5F2-E7A2-42C5-A517-93CE761440A7'),(282,'最大腰围',NULL,NULL,NULL,NULL,NULL,NULL,61,'6967118E-0B96-4C5E-A1EA-4AB7A2055581',5,'EA05C5F2-E7A2-42C5-A517-93CE761440A7'),(283,'带头长',NULL,NULL,NULL,NULL,NULL,NULL,61,'6967118E-0B96-4C5E-A1EA-4AB7A2055581',1,'EA05C5F2-E7A2-42C5-A517-93CE761440A7'),(284,'中国码',NULL,NULL,NULL,NULL,NULL,NULL,61,'6967118E-0B96-4C5E-A1EA-4AB7A2055581',7,'EA05C5F2-E7A2-42C5-A517-93CE761440A7'),(285,'带头宽',NULL,NULL,NULL,NULL,NULL,NULL,61,'6967118E-0B96-4C5E-A1EA-4AB7A2055581',2,'EA05C5F2-E7A2-42C5-A517-93CE761440A7'),(286,'带体宽',NULL,NULL,NULL,NULL,NULL,NULL,61,'6967118E-0B96-4C5E-A1EA-4AB7A2055581',3,'EA05C5F2-E7A2-42C5-A517-93CE761440A7'),(287,'宽度',NULL,NULL,NULL,NULL,NULL,NULL,62,'9E673EA1-600B-4BBE-A2D1-4B540D415B82',2,'9C5ACC30-5663-4B51-A94F-2EA5C9747898'),(288,'长度',NULL,NULL,NULL,NULL,NULL,NULL,62,'9E673EA1-600B-4BBE-A2D1-4B540D415B82',1,'9C5ACC30-5663-4B51-A94F-2EA5C9747898'),(289,'厚度',NULL,NULL,NULL,NULL,NULL,NULL,62,'9E673EA1-600B-4BBE-A2D1-4B540D415B82',3,'9C5ACC30-5663-4B51-A94F-2EA5C9747898'),(290,'内长',NULL,NULL,NULL,NULL,NULL,NULL,63,'13705F2F-2BAB-4320-9E45-4C2C4059C08E',2,'6477FA9D-89A2-46A8-956D-93810174D0E6'),(291,'鞋宽',NULL,NULL,NULL,NULL,NULL,NULL,63,'13705F2F-2BAB-4320-9E45-4C2C4059C08E',3,'6477FA9D-89A2-46A8-956D-93810174D0E6'),(292,'鞋跟高',NULL,NULL,NULL,NULL,NULL,NULL,63,'13705F2F-2BAB-4320-9E45-4C2C4059C08E',1,'6477FA9D-89A2-46A8-956D-93810174D0E6'),(293,'中国码',NULL,NULL,NULL,NULL,NULL,NULL,63,'13705F2F-2BAB-4320-9E45-4C2C4059C08E',4,'6477FA9D-89A2-46A8-956D-93810174D0E6'),(294,'下摆围(周长)',NULL,NULL,NULL,NULL,NULL,NULL,64,'29A2EA6D-5F31-457C-9588-4ED37B780DBF',4,'1D4A7BE3-1341-45D8-A04B-1F04E944CFB0'),(295,'胸围(周长)',NULL,NULL,NULL,NULL,NULL,NULL,64,'29A2EA6D-5F31-457C-9588-4ED37B780DBF',2,'1D4A7BE3-1341-45D8-A04B-1F04E944CFB0'),(296,'衣长',NULL,NULL,NULL,NULL,NULL,NULL,64,'29A2EA6D-5F31-457C-9588-4ED37B780DBF',5,'1D4A7BE3-1341-45D8-A04B-1F04E944CFB0'),(297,'中国码',NULL,NULL,NULL,NULL,NULL,NULL,64,'29A2EA6D-5F31-457C-9588-4ED37B780DBF',7,'1D4A7BE3-1341-45D8-A04B-1F04E944CFB0'),(298,'肩宽',NULL,NULL,NULL,NULL,NULL,NULL,64,'29A2EA6D-5F31-457C-9588-4ED37B780DBF',1,'1D4A7BE3-1341-45D8-A04B-1F04E944CFB0'),(299,'袖长',NULL,NULL,NULL,NULL,NULL,NULL,64,'29A2EA6D-5F31-457C-9588-4ED37B780DBF',6,'1D4A7BE3-1341-45D8-A04B-1F04E944CFB0'),(300,'腰围(周长)',NULL,NULL,NULL,NULL,NULL,NULL,64,'29A2EA6D-5F31-457C-9588-4ED37B780DBF',3,'1D4A7BE3-1341-45D8-A04B-1F04E944CFB0'),(301,'下摆围(周长)',NULL,NULL,NULL,NULL,NULL,NULL,65,'3B15FDFF-1DAB-4088-95D0-4FF8354E11DD',4,'1D4A7BE3-1341-45D8-A04B-1F04E944CFB0'),(302,'胸围(周长)',NULL,NULL,NULL,NULL,NULL,NULL,65,'3B15FDFF-1DAB-4088-95D0-4FF8354E11DD',2,'1D4A7BE3-1341-45D8-A04B-1F04E944CFB0'),(303,'衣长',NULL,NULL,NULL,NULL,NULL,NULL,65,'3B15FDFF-1DAB-4088-95D0-4FF8354E11DD',5,'1D4A7BE3-1341-45D8-A04B-1F04E944CFB0'),(304,'中国码',NULL,NULL,NULL,NULL,NULL,NULL,65,'3B15FDFF-1DAB-4088-95D0-4FF8354E11DD',7,'1D4A7BE3-1341-45D8-A04B-1F04E944CFB0'),(305,'肩宽',NULL,NULL,NULL,NULL,NULL,NULL,65,'3B15FDFF-1DAB-4088-95D0-4FF8354E11DD',1,'1D4A7BE3-1341-45D8-A04B-1F04E944CFB0'),(306,'袖长',NULL,NULL,NULL,NULL,NULL,NULL,65,'3B15FDFF-1DAB-4088-95D0-4FF8354E11DD',6,'1D4A7BE3-1341-45D8-A04B-1F04E944CFB0'),(307,'腰围(周长)',NULL,NULL,NULL,NULL,NULL,NULL,65,'3B15FDFF-1DAB-4088-95D0-4FF8354E11DD',3,'1D4A7BE3-1341-45D8-A04B-1F04E944CFB0'),(308,'系带宽',NULL,NULL,NULL,NULL,NULL,NULL,66,'184CF0FD-91F6-4BB5-B840-53081F1A7642',4,'A3B9F889-A539-4600-A99C-8BB2B3D5DA17'),(309,'宽度',NULL,NULL,NULL,NULL,NULL,NULL,66,'184CF0FD-91F6-4BB5-B840-53081F1A7642',2,'A3B9F889-A539-4600-A99C-8BB2B3D5DA17'),(310,'长度',NULL,NULL,NULL,NULL,NULL,NULL,66,'184CF0FD-91F6-4BB5-B840-53081F1A7642',1,'A3B9F889-A539-4600-A99C-8BB2B3D5DA17'),(311,'系带长',NULL,NULL,NULL,NULL,NULL,NULL,66,'184CF0FD-91F6-4BB5-B840-53081F1A7642',3,'A3B9F889-A539-4600-A99C-8BB2B3D5DA17'),(312,'鞋宽',NULL,NULL,NULL,NULL,NULL,NULL,67,'3593E535-D5D7-4F5B-9CFC-53395AA2D785',4,'8CDA2CA0-9687-48F5-81AC-F245440776F9'),(313,'内长',NULL,NULL,NULL,NULL,NULL,NULL,67,'3593E535-D5D7-4F5B-9CFC-53395AA2D785',3,'8CDA2CA0-9687-48F5-81AC-F245440776F9'),(314,'鞋跟高',NULL,NULL,NULL,NULL,NULL,NULL,67,'3593E535-D5D7-4F5B-9CFC-53395AA2D785',1,'8CDA2CA0-9687-48F5-81AC-F245440776F9'),(315,'中国码',NULL,NULL,NULL,NULL,NULL,NULL,67,'3593E535-D5D7-4F5B-9CFC-53395AA2D785',5,'8CDA2CA0-9687-48F5-81AC-F245440776F9'),(316,'鞋帮高',NULL,NULL,NULL,NULL,NULL,NULL,67,'3593E535-D5D7-4F5B-9CFC-53395AA2D785',2,'8CDA2CA0-9687-48F5-81AC-F245440776F9'),(317,'宽度',NULL,NULL,NULL,NULL,NULL,NULL,68,'80572AE6-22C5-4A7D-BC8C-54685AE04D3F',2,'9C5ACC30-5663-4B51-A94F-2EA5C9747898'),(318,'长度',NULL,NULL,NULL,NULL,NULL,NULL,68,'80572AE6-22C5-4A7D-BC8C-54685AE04D3F',1,'9C5ACC30-5663-4B51-A94F-2EA5C9747898'),(319,'厚度',NULL,NULL,NULL,NULL,NULL,NULL,68,'80572AE6-22C5-4A7D-BC8C-54685AE04D3F',3,'9C5ACC30-5663-4B51-A94F-2EA5C9747898'),(320,'臀围(周长)',NULL,NULL,NULL,NULL,NULL,NULL,69,'C13E7E93-8099-4A12-9644-5546FFE4E894',4,'FFC692C8-1DBA-4AA5-BD09-FD8A6DEEFA31'),(321,'腰围(周长)',NULL,NULL,NULL,NULL,NULL,NULL,69,'C13E7E93-8099-4A12-9644-5546FFE4E894',3,'FFC692C8-1DBA-4AA5-BD09-FD8A6DEEFA31'),(322,'肩宽',NULL,NULL,NULL,NULL,NULL,NULL,69,'C13E7E93-8099-4A12-9644-5546FFE4E894',1,'FFC692C8-1DBA-4AA5-BD09-FD8A6DEEFA31'),(323,'袖长',NULL,NULL,NULL,NULL,NULL,NULL,69,'C13E7E93-8099-4A12-9644-5546FFE4E894',7,'FFC692C8-1DBA-4AA5-BD09-FD8A6DEEFA31'),(324,'中国码',NULL,NULL,NULL,NULL,NULL,NULL,69,'C13E7E93-8099-4A12-9644-5546FFE4E894',10,'FFC692C8-1DBA-4AA5-BD09-FD8A6DEEFA31'),(325,'上衣长',NULL,NULL,NULL,NULL,NULL,NULL,69,'C13E7E93-8099-4A12-9644-5546FFE4E894',8,'FFC692C8-1DBA-4AA5-BD09-FD8A6DEEFA31'),(326,'裤脚围(周长)',NULL,NULL,NULL,NULL,NULL,NULL,69,'C13E7E93-8099-4A12-9644-5546FFE4E894',5,'FFC692C8-1DBA-4AA5-BD09-FD8A6DEEFA31'),(327,'胸围(周长)',NULL,NULL,NULL,NULL,NULL,NULL,69,'C13E7E93-8099-4A12-9644-5546FFE4E894',2,'FFC692C8-1DBA-4AA5-BD09-FD8A6DEEFA31'),(328,'裤长',NULL,NULL,NULL,NULL,NULL,NULL,69,'C13E7E93-8099-4A12-9644-5546FFE4E894',9,'FFC692C8-1DBA-4AA5-BD09-FD8A6DEEFA31'),(329,'前立裆',NULL,NULL,NULL,NULL,NULL,NULL,69,'C13E7E93-8099-4A12-9644-5546FFE4E894',6,'FFC692C8-1DBA-4AA5-BD09-FD8A6DEEFA31'),(330,'腰围(周长)',NULL,NULL,NULL,NULL,NULL,NULL,70,'A6E252FB-5C22-4F54-B3DC-555BE29B44FB',3,'4BC4302C-5772-4F98-BB48-52617A58BBBC'),(331,'下摆围(周长)',NULL,NULL,NULL,NULL,NULL,NULL,70,'A6E252FB-5C22-4F54-B3DC-555BE29B44FB',4,'4BC4302C-5772-4F98-BB48-52617A58BBBC'),(332,'袖长',NULL,NULL,NULL,NULL,NULL,NULL,70,'A6E252FB-5C22-4F54-B3DC-555BE29B44FB',6,'4BC4302C-5772-4F98-BB48-52617A58BBBC'),(333,'胸围(周长)',NULL,NULL,NULL,NULL,NULL,NULL,70,'A6E252FB-5C22-4F54-B3DC-555BE29B44FB',2,'4BC4302C-5772-4F98-BB48-52617A58BBBC'),(334,'衣长',NULL,NULL,NULL,NULL,NULL,NULL,70,'A6E252FB-5C22-4F54-B3DC-555BE29B44FB',5,'4BC4302C-5772-4F98-BB48-52617A58BBBC'),(335,'中国码',NULL,NULL,NULL,NULL,NULL,NULL,70,'A6E252FB-5C22-4F54-B3DC-555BE29B44FB',7,'4BC4302C-5772-4F98-BB48-52617A58BBBC'),(336,'肩宽',NULL,NULL,NULL,NULL,NULL,NULL,70,'A6E252FB-5C22-4F54-B3DC-555BE29B44FB',1,'4BC4302C-5772-4F98-BB48-52617A58BBBC'),(337,'宽度',NULL,NULL,NULL,NULL,NULL,NULL,71,'6A112131-8CCE-49D7-8DF0-5A8868C1292E',2,'7590A392-2744-4C6A-95C8-B9B68045B8C1'),(338,'长度',NULL,NULL,NULL,NULL,NULL,NULL,71,'6A112131-8CCE-49D7-8DF0-5A8868C1292E',1,'7590A392-2744-4C6A-95C8-B9B68045B8C1'),(339,'厚度',NULL,NULL,NULL,NULL,NULL,NULL,71,'6A112131-8CCE-49D7-8DF0-5A8868C1292E',3,'7590A392-2744-4C6A-95C8-B9B68045B8C1'),(340,'高度',NULL,NULL,NULL,NULL,NULL,NULL,73,'5C51AF96-B012-4892-B972-5E1AF35D9E52',1,'6BBA15B2-24B0-40F3-85C1-B2F4F36B5AF0'),(341,'宽度',NULL,NULL,NULL,NULL,NULL,NULL,73,'5C51AF96-B012-4892-B972-5E1AF35D9E52',2,'6BBA15B2-24B0-40F3-85C1-B2F4F36B5AF0'),(342,'内长',NULL,NULL,NULL,NULL,NULL,NULL,74,'F7C5F30F-4299-4298-8083-5E571A8EECE2',2,'6477FA9D-89A2-46A8-956D-93810174D0E6'),(343,'鞋宽',NULL,NULL,NULL,NULL,NULL,NULL,74,'F7C5F30F-4299-4298-8083-5E571A8EECE2',3,'6477FA9D-89A2-46A8-956D-93810174D0E6'),(344,'鞋跟高',NULL,NULL,NULL,NULL,NULL,NULL,74,'F7C5F30F-4299-4298-8083-5E571A8EECE2',1,'6477FA9D-89A2-46A8-956D-93810174D0E6'),(345,'中国码',NULL,NULL,NULL,NULL,NULL,NULL,74,'F7C5F30F-4299-4298-8083-5E571A8EECE2',4,'6477FA9D-89A2-46A8-956D-93810174D0E6'),(346,'内长',NULL,NULL,NULL,NULL,NULL,NULL,75,'8F86E2B1-8938-4E84-813B-60E99AF85196',2,'6477FA9D-89A2-46A8-956D-93810174D0E6'),(347,'鞋宽',NULL,NULL,NULL,NULL,NULL,NULL,75,'8F86E2B1-8938-4E84-813B-60E99AF85196',3,'6477FA9D-89A2-46A8-956D-93810174D0E6'),(348,'鞋跟高',NULL,NULL,NULL,NULL,NULL,NULL,75,'8F86E2B1-8938-4E84-813B-60E99AF85196',1,'6477FA9D-89A2-46A8-956D-93810174D0E6'),(349,'中国码',NULL,NULL,NULL,NULL,NULL,NULL,75,'8F86E2B1-8938-4E84-813B-60E99AF85196',4,'6477FA9D-89A2-46A8-956D-93810174D0E6'),(350,'鞋宽',NULL,NULL,NULL,NULL,NULL,NULL,76,'C38CF698-F65C-4672-8ECE-614BD344F2BF',4,'C2BE7484-81AB-4DCB-B829-F720525B93F4'),(351,'鞋帮高',NULL,NULL,NULL,NULL,NULL,NULL,76,'C38CF698-F65C-4672-8ECE-614BD344F2BF',2,'C2BE7484-81AB-4DCB-B829-F720525B93F4'),(352,'中国码',NULL,NULL,NULL,NULL,NULL,NULL,76,'C38CF698-F65C-4672-8ECE-614BD344F2BF',5,'C2BE7484-81AB-4DCB-B829-F720525B93F4'),(353,'内长',NULL,NULL,NULL,NULL,NULL,NULL,76,'C38CF698-F65C-4672-8ECE-614BD344F2BF',3,'C2BE7484-81AB-4DCB-B829-F720525B93F4'),(354,'鞋跟高',NULL,NULL,NULL,NULL,NULL,NULL,76,'C38CF698-F65C-4672-8ECE-614BD344F2BF',1,'C2BE7484-81AB-4DCB-B829-F720525B93F4'),(355,'长度',NULL,NULL,NULL,NULL,NULL,NULL,77,'2710C17A-9C4D-41DE-B4DE-62A6D04F67FD',1,'A11E9A33-177E-4D18-99F1-28E5685C56AE'),(356,'宽度',NULL,NULL,NULL,NULL,NULL,NULL,77,'2710C17A-9C4D-41DE-B4DE-62A6D04F67FD',2,'A11E9A33-177E-4D18-99F1-28E5685C56AE'),(357,'臀围(周长)',NULL,NULL,NULL,NULL,NULL,NULL,78,'CECBBBA2-8D94-44A2-8738-62BE507322CF',2,'6F361B54-8AA7-4898-AA40-10EE7F1EE746'),(358,'腰围(周长)',NULL,NULL,NULL,NULL,NULL,NULL,78,'CECBBBA2-8D94-44A2-8738-62BE507322CF',1,'6F361B54-8AA7-4898-AA40-10EE7F1EE746'),(359,'裙摆围(周长)',NULL,NULL,NULL,NULL,NULL,NULL,78,'CECBBBA2-8D94-44A2-8738-62BE507322CF',3,'6F361B54-8AA7-4898-AA40-10EE7F1EE746'),(360,'中国码',NULL,NULL,NULL,NULL,NULL,NULL,78,'CECBBBA2-8D94-44A2-8738-62BE507322CF',5,'6F361B54-8AA7-4898-AA40-10EE7F1EE746'),(361,'裙长',NULL,NULL,NULL,NULL,NULL,NULL,78,'CECBBBA2-8D94-44A2-8738-62BE507322CF',4,'6F361B54-8AA7-4898-AA40-10EE7F1EE746'),(362,'腰围(周长)',NULL,NULL,NULL,NULL,NULL,NULL,79,'ED7EA77B-8069-4C5C-AB91-62D6E44660C0',3,'4BC4302C-5772-4F98-BB48-52617A58BBBC'),(363,'下摆围(周长)',NULL,NULL,NULL,NULL,NULL,NULL,79,'ED7EA77B-8069-4C5C-AB91-62D6E44660C0',4,'4BC4302C-5772-4F98-BB48-52617A58BBBC'),(364,'袖长',NULL,NULL,NULL,NULL,NULL,NULL,79,'ED7EA77B-8069-4C5C-AB91-62D6E44660C0',6,'4BC4302C-5772-4F98-BB48-52617A58BBBC'),(365,'胸围(周长)',NULL,NULL,NULL,NULL,NULL,NULL,79,'ED7EA77B-8069-4C5C-AB91-62D6E44660C0',2,'4BC4302C-5772-4F98-BB48-52617A58BBBC'),(366,'衣长',NULL,NULL,NULL,NULL,NULL,NULL,79,'ED7EA77B-8069-4C5C-AB91-62D6E44660C0',5,'4BC4302C-5772-4F98-BB48-52617A58BBBC'),(367,'中国码',NULL,NULL,NULL,NULL,NULL,NULL,79,'ED7EA77B-8069-4C5C-AB91-62D6E44660C0',7,'4BC4302C-5772-4F98-BB48-52617A58BBBC'),(368,'肩宽',NULL,NULL,NULL,NULL,NULL,NULL,79,'ED7EA77B-8069-4C5C-AB91-62D6E44660C0',1,'4BC4302C-5772-4F98-BB48-52617A58BBBC'),(369,'高度',NULL,NULL,NULL,NULL,NULL,NULL,80,'B562507A-B0B4-4547-ACE6-637C27A63D7B',3,'5A31C3E9-9B25-4EFC-B2BB-AF7F3DD0D4D6'),(370,'距地面高',NULL,NULL,NULL,NULL,NULL,NULL,80,'B562507A-B0B4-4547-ACE6-637C27A63D7B',5,'5A31C3E9-9B25-4EFC-B2BB-AF7F3DD0D4D6'),(371,'宽度',NULL,NULL,NULL,NULL,NULL,NULL,80,'B562507A-B0B4-4547-ACE6-637C27A63D7B',2,'5A31C3E9-9B25-4EFC-B2BB-AF7F3DD0D4D6'),(372,'长度',NULL,NULL,NULL,NULL,NULL,NULL,80,'B562507A-B0B4-4547-ACE6-637C27A63D7B',1,'5A31C3E9-9B25-4EFC-B2BB-AF7F3DD0D4D6'),(373,'深度',NULL,NULL,NULL,NULL,NULL,NULL,80,'B562507A-B0B4-4547-ACE6-637C27A63D7B',4,'5A31C3E9-9B25-4EFC-B2BB-AF7F3DD0D4D6'),(374,'长度',NULL,NULL,NULL,NULL,NULL,NULL,81,'FBE77B66-4BFB-4776-954A-65D1AAFBC1A2',1,'40473357-AEE1-4880-AC52-98451EFC0013'),(375,'腰围',NULL,NULL,NULL,NULL,NULL,NULL,82,'62AA5452-D9DD-405E-A0F6-6652A96B7B08',3,'EEB06EEE-5A0B-401E-912F-3FC296FE1DC0'),(376,'肩宽',NULL,NULL,NULL,NULL,NULL,NULL,82,'62AA5452-D9DD-405E-A0F6-6652A96B7B08',1,'EEB06EEE-5A0B-401E-912F-3FC296FE1DC0'),(377,'胸围',NULL,NULL,NULL,NULL,NULL,NULL,82,'62AA5452-D9DD-405E-A0F6-6652A96B7B08',2,'EEB06EEE-5A0B-401E-912F-3FC296FE1DC0'),(378,'中国码',NULL,NULL,NULL,NULL,NULL,NULL,82,'62AA5452-D9DD-405E-A0F6-6652A96B7B08',7,'EEB06EEE-5A0B-401E-912F-3FC296FE1DC0'),(379,'下摆围',NULL,NULL,NULL,NULL,NULL,NULL,82,'62AA5452-D9DD-405E-A0F6-6652A96B7B08',4,'EEB06EEE-5A0B-401E-912F-3FC296FE1DC0'),(380,'衣长',NULL,NULL,NULL,NULL,NULL,NULL,82,'62AA5452-D9DD-405E-A0F6-6652A96B7B08',5,'EEB06EEE-5A0B-401E-912F-3FC296FE1DC0'),(381,'袖长',NULL,NULL,NULL,NULL,NULL,NULL,82,'62AA5452-D9DD-405E-A0F6-6652A96B7B08',6,'EEB06EEE-5A0B-401E-912F-3FC296FE1DC0'),(382,'袖长',NULL,NULL,NULL,NULL,NULL,NULL,83,'8314F3E1-7DE9-476B-8F14-67F807BCABBC',5,'1018D69C-B6B1-4E4A-960B-ADB54F48A51E'),(383,'衣长',NULL,NULL,NULL,NULL,NULL,NULL,83,'8314F3E1-7DE9-476B-8F14-67F807BCABBC',6,'1018D69C-B6B1-4E4A-960B-ADB54F48A51E'),(384,'裤长',NULL,NULL,NULL,NULL,NULL,NULL,83,'8314F3E1-7DE9-476B-8F14-67F807BCABBC',10,'1018D69C-B6B1-4E4A-960B-ADB54F48A51E'),(385,'肩宽',NULL,NULL,NULL,NULL,NULL,NULL,83,'8314F3E1-7DE9-476B-8F14-67F807BCABBC',1,'1018D69C-B6B1-4E4A-960B-ADB54F48A51E'),(386,'臀围（周长）',NULL,NULL,NULL,NULL,NULL,NULL,83,'8314F3E1-7DE9-476B-8F14-67F807BCABBC',8,'1018D69C-B6B1-4E4A-960B-ADB54F48A51E'),(387,'下摆围（周长）',NULL,NULL,NULL,NULL,NULL,NULL,83,'8314F3E1-7DE9-476B-8F14-67F807BCABBC',4,'1018D69C-B6B1-4E4A-960B-ADB54F48A51E'),(388,'中国码',NULL,NULL,NULL,NULL,NULL,NULL,83,'8314F3E1-7DE9-476B-8F14-67F807BCABBC',11,'1018D69C-B6B1-4E4A-960B-ADB54F48A51E'),(389,'胸围（周长）',NULL,NULL,NULL,NULL,NULL,NULL,83,'8314F3E1-7DE9-476B-8F14-67F807BCABBC',2,'1018D69C-B6B1-4E4A-960B-ADB54F48A51E'),(390,'前立裆',NULL,NULL,NULL,NULL,NULL,NULL,83,'8314F3E1-7DE9-476B-8F14-67F807BCABBC',9,'1018D69C-B6B1-4E4A-960B-ADB54F48A51E'),(391,'腰围（周长）',NULL,NULL,NULL,NULL,NULL,NULL,83,'8314F3E1-7DE9-476B-8F14-67F807BCABBC',3,'1018D69C-B6B1-4E4A-960B-ADB54F48A51E'),(392,'裤腰围（周长）',NULL,NULL,NULL,NULL,NULL,NULL,83,'8314F3E1-7DE9-476B-8F14-67F807BCABBC',7,'1018D69C-B6B1-4E4A-960B-ADB54F48A51E'),(393,'腰围(周长)',NULL,NULL,NULL,NULL,NULL,NULL,84,'AEEA6C38-B2D5-418E-A7D6-684217DC52E7',3,'4BC4302C-5772-4F98-BB48-52617A58BBBC'),(394,'下摆围(周长)',NULL,NULL,NULL,NULL,NULL,NULL,84,'AEEA6C38-B2D5-418E-A7D6-684217DC52E7',4,'4BC4302C-5772-4F98-BB48-52617A58BBBC'),(395,'袖长',NULL,NULL,NULL,NULL,NULL,NULL,84,'AEEA6C38-B2D5-418E-A7D6-684217DC52E7',6,'4BC4302C-5772-4F98-BB48-52617A58BBBC'),(396,'胸围(周长)',NULL,NULL,NULL,NULL,NULL,NULL,84,'AEEA6C38-B2D5-418E-A7D6-684217DC52E7',2,'4BC4302C-5772-4F98-BB48-52617A58BBBC'),(397,'衣长',NULL,NULL,NULL,NULL,NULL,NULL,84,'AEEA6C38-B2D5-418E-A7D6-684217DC52E7',5,'4BC4302C-5772-4F98-BB48-52617A58BBBC'),(398,'中国码',NULL,NULL,NULL,NULL,NULL,NULL,84,'AEEA6C38-B2D5-418E-A7D6-684217DC52E7',7,'4BC4302C-5772-4F98-BB48-52617A58BBBC'),(399,'肩宽',NULL,NULL,NULL,NULL,NULL,NULL,84,'AEEA6C38-B2D5-418E-A7D6-684217DC52E7',1,'4BC4302C-5772-4F98-BB48-52617A58BBBC'),(400,'帽沿长',NULL,NULL,NULL,NULL,NULL,NULL,85,'4FA4422E-09D1-4E19-BA0A-685D6060251E',2,'58DBBA71-6EF3-42AE-A63B-14A09DD98434'),(401,'头围(周长)',NULL,NULL,NULL,NULL,NULL,NULL,85,'4FA4422E-09D1-4E19-BA0A-685D6060251E',1,'58DBBA71-6EF3-42AE-A63B-14A09DD98434'),(402,'脚踝围(周长)',NULL,NULL,NULL,NULL,NULL,NULL,86,'F2F43880-C866-4516-A39F-69D0ADC8D732',3,'03524953-BB55-474F-A039-640EA5157F4F'),(403,'鞋宽',NULL,NULL,NULL,NULL,NULL,NULL,86,'F2F43880-C866-4516-A39F-69D0ADC8D732',7,'03524953-BB55-474F-A039-640EA5157F4F'),(404,'内长',NULL,NULL,NULL,NULL,NULL,NULL,86,'F2F43880-C866-4516-A39F-69D0ADC8D732',6,'03524953-BB55-474F-A039-640EA5157F4F'),(405,'防水台',NULL,NULL,NULL,NULL,NULL,NULL,86,'F2F43880-C866-4516-A39F-69D0ADC8D732',5,'03524953-BB55-474F-A039-640EA5157F4F'),(406,'鞋跟',NULL,NULL,NULL,NULL,NULL,NULL,86,'F2F43880-C866-4516-A39F-69D0ADC8D732',4,'03524953-BB55-474F-A039-640EA5157F4F'),(407,'筒围(周长)',NULL,NULL,NULL,NULL,NULL,NULL,86,'F2F43880-C866-4516-A39F-69D0ADC8D732',2,'03524953-BB55-474F-A039-640EA5157F4F'),(408,'中国码',NULL,NULL,NULL,NULL,NULL,NULL,86,'F2F43880-C866-4516-A39F-69D0ADC8D732',8,'03524953-BB55-474F-A039-640EA5157F4F'),(409,'筒高',NULL,NULL,NULL,NULL,NULL,NULL,86,'F2F43880-C866-4516-A39F-69D0ADC8D732',1,'03524953-BB55-474F-A039-640EA5157F4F'),(410,'袖长',NULL,NULL,NULL,NULL,NULL,NULL,87,'18B369C5-55B5-4607-B865-6A036253EFA0',5,'1018D69C-B6B1-4E4A-960B-ADB54F48A51E'),(411,'衣长',NULL,NULL,NULL,NULL,NULL,NULL,87,'18B369C5-55B5-4607-B865-6A036253EFA0',6,'1018D69C-B6B1-4E4A-960B-ADB54F48A51E'),(412,'裤长',NULL,NULL,NULL,NULL,NULL,NULL,87,'18B369C5-55B5-4607-B865-6A036253EFA0',10,'1018D69C-B6B1-4E4A-960B-ADB54F48A51E'),(413,'肩宽',NULL,NULL,NULL,NULL,NULL,NULL,87,'18B369C5-55B5-4607-B865-6A036253EFA0',1,'1018D69C-B6B1-4E4A-960B-ADB54F48A51E'),(414,'臀围（周长）',NULL,NULL,NULL,NULL,NULL,NULL,87,'18B369C5-55B5-4607-B865-6A036253EFA0',8,'1018D69C-B6B1-4E4A-960B-ADB54F48A51E'),(415,'下摆围（周长）',NULL,NULL,NULL,NULL,NULL,NULL,87,'18B369C5-55B5-4607-B865-6A036253EFA0',4,'1018D69C-B6B1-4E4A-960B-ADB54F48A51E'),(416,'中国码',NULL,NULL,NULL,NULL,NULL,NULL,87,'18B369C5-55B5-4607-B865-6A036253EFA0',11,'1018D69C-B6B1-4E4A-960B-ADB54F48A51E'),(417,'胸围（周长）',NULL,NULL,NULL,NULL,NULL,NULL,87,'18B369C5-55B5-4607-B865-6A036253EFA0',2,'1018D69C-B6B1-4E4A-960B-ADB54F48A51E'),(418,'前立裆',NULL,NULL,NULL,NULL,NULL,NULL,87,'18B369C5-55B5-4607-B865-6A036253EFA0',9,'1018D69C-B6B1-4E4A-960B-ADB54F48A51E'),(419,'腰围（周长）',NULL,NULL,NULL,NULL,NULL,NULL,87,'18B369C5-55B5-4607-B865-6A036253EFA0',3,'1018D69C-B6B1-4E4A-960B-ADB54F48A51E'),(420,'裤腰围（周长）',NULL,NULL,NULL,NULL,NULL,NULL,87,'18B369C5-55B5-4607-B865-6A036253EFA0',7,'1018D69C-B6B1-4E4A-960B-ADB54F48A51E'),(421,'腰带全长',NULL,NULL,NULL,NULL,NULL,NULL,88,'BCEAA05A-68C0-473A-A77E-6A3FB85339E2',4,'EA05C5F2-E7A2-42C5-A517-93CE761440A7'),(422,'最小腰围',NULL,NULL,NULL,NULL,NULL,NULL,88,'BCEAA05A-68C0-473A-A77E-6A3FB85339E2',6,'EA05C5F2-E7A2-42C5-A517-93CE761440A7'),(423,'最大腰围',NULL,NULL,NULL,NULL,NULL,NULL,88,'BCEAA05A-68C0-473A-A77E-6A3FB85339E2',5,'EA05C5F2-E7A2-42C5-A517-93CE761440A7'),(424,'带头长',NULL,NULL,NULL,NULL,NULL,NULL,88,'BCEAA05A-68C0-473A-A77E-6A3FB85339E2',1,'EA05C5F2-E7A2-42C5-A517-93CE761440A7'),(425,'中国码',NULL,NULL,NULL,NULL,NULL,NULL,88,'BCEAA05A-68C0-473A-A77E-6A3FB85339E2',7,'EA05C5F2-E7A2-42C5-A517-93CE761440A7'),(426,'带头宽',NULL,NULL,NULL,NULL,NULL,NULL,88,'BCEAA05A-68C0-473A-A77E-6A3FB85339E2',2,'EA05C5F2-E7A2-42C5-A517-93CE761440A7'),(427,'带体宽',NULL,NULL,NULL,NULL,NULL,NULL,88,'BCEAA05A-68C0-473A-A77E-6A3FB85339E2',3,'EA05C5F2-E7A2-42C5-A517-93CE761440A7'),(428,'长度',NULL,NULL,NULL,NULL,NULL,NULL,89,'E8E5E6FE-CD6B-4572-9672-6A420D3D7109',1,'A11E9A33-177E-4D18-99F1-28E5685C56AE'),(429,'宽度',NULL,NULL,NULL,NULL,NULL,NULL,89,'E8E5E6FE-CD6B-4572-9672-6A420D3D7109',2,'A11E9A33-177E-4D18-99F1-28E5685C56AE'),(430,'脚踝围(周长)',NULL,NULL,NULL,NULL,NULL,NULL,90,'45E542C1-006A-4573-BC62-6A670C751FB1',3,'03524953-BB55-474F-A039-640EA5157F4F'),(431,'鞋宽',NULL,NULL,NULL,NULL,NULL,NULL,90,'45E542C1-006A-4573-BC62-6A670C751FB1',7,'03524953-BB55-474F-A039-640EA5157F4F'),(432,'内长',NULL,NULL,NULL,NULL,NULL,NULL,90,'45E542C1-006A-4573-BC62-6A670C751FB1',6,'03524953-BB55-474F-A039-640EA5157F4F'),(433,'防水台',NULL,NULL,NULL,NULL,NULL,NULL,90,'45E542C1-006A-4573-BC62-6A670C751FB1',5,'03524953-BB55-474F-A039-640EA5157F4F'),(434,'鞋跟',NULL,NULL,NULL,NULL,NULL,NULL,90,'45E542C1-006A-4573-BC62-6A670C751FB1',4,'03524953-BB55-474F-A039-640EA5157F4F'),(435,'筒围(周长)',NULL,NULL,NULL,NULL,NULL,NULL,90,'45E542C1-006A-4573-BC62-6A670C751FB1',2,'03524953-BB55-474F-A039-640EA5157F4F'),(436,'中国码',NULL,NULL,NULL,NULL,NULL,NULL,90,'45E542C1-006A-4573-BC62-6A670C751FB1',8,'03524953-BB55-474F-A039-640EA5157F4F'),(437,'筒高',NULL,NULL,NULL,NULL,NULL,NULL,90,'45E542C1-006A-4573-BC62-6A670C751FB1',1,'03524953-BB55-474F-A039-640EA5157F4F'),(438,'内长',NULL,NULL,NULL,NULL,NULL,NULL,91,'5CD9DB5F-3547-451C-9D78-6CDC3A6E607E',2,'6477FA9D-89A2-46A8-956D-93810174D0E6'),(439,'鞋宽',NULL,NULL,NULL,NULL,NULL,NULL,91,'5CD9DB5F-3547-451C-9D78-6CDC3A6E607E',3,'6477FA9D-89A2-46A8-956D-93810174D0E6'),(440,'鞋跟高',NULL,NULL,NULL,NULL,NULL,NULL,91,'5CD9DB5F-3547-451C-9D78-6CDC3A6E607E',1,'6477FA9D-89A2-46A8-956D-93810174D0E6'),(441,'中国码',NULL,NULL,NULL,NULL,NULL,NULL,91,'5CD9DB5F-3547-451C-9D78-6CDC3A6E607E',4,'6477FA9D-89A2-46A8-956D-93810174D0E6'),(442,'腰围(周长)',NULL,NULL,NULL,NULL,NULL,NULL,92,'1550A79A-DB64-47BC-9098-6D015625A700',3,'4BC4302C-5772-4F98-BB48-52617A58BBBC'),(443,'下摆围(周长)',NULL,NULL,NULL,NULL,NULL,NULL,92,'1550A79A-DB64-47BC-9098-6D015625A700',4,'4BC4302C-5772-4F98-BB48-52617A58BBBC'),(444,'袖长',NULL,NULL,NULL,NULL,NULL,NULL,92,'1550A79A-DB64-47BC-9098-6D015625A700',6,'4BC4302C-5772-4F98-BB48-52617A58BBBC'),(445,'胸围(周长)',NULL,NULL,NULL,NULL,NULL,NULL,92,'1550A79A-DB64-47BC-9098-6D015625A700',2,'4BC4302C-5772-4F98-BB48-52617A58BBBC'),(446,'衣长',NULL,NULL,NULL,NULL,NULL,NULL,92,'1550A79A-DB64-47BC-9098-6D015625A700',5,'4BC4302C-5772-4F98-BB48-52617A58BBBC'),(447,'中国码',NULL,NULL,NULL,NULL,NULL,NULL,92,'1550A79A-DB64-47BC-9098-6D015625A700',7,'4BC4302C-5772-4F98-BB48-52617A58BBBC'),(448,'肩宽',NULL,NULL,NULL,NULL,NULL,NULL,92,'1550A79A-DB64-47BC-9098-6D015625A700',1,'4BC4302C-5772-4F98-BB48-52617A58BBBC'),(449,'高度',NULL,NULL,NULL,NULL,NULL,NULL,93,'AE2DAE2A-CA43-4A0F-8E7E-6D9E180466A6',1,'6BBA15B2-24B0-40F3-85C1-B2F4F36B5AF0'),(450,'宽度',NULL,NULL,NULL,NULL,NULL,NULL,93,'AE2DAE2A-CA43-4A0F-8E7E-6D9E180466A6',2,'6BBA15B2-24B0-40F3-85C1-B2F4F36B5AF0'),(451,'项链坠长度',NULL,NULL,NULL,NULL,NULL,NULL,94,'0200E87D-5FB8-40F7-9F7B-6EE8587B3204',2,'09BBEF5D-0805-4B3B-BB77-6C24A522B0FD'),(452,'项链坠厚度',NULL,NULL,NULL,NULL,NULL,NULL,94,'0200E87D-5FB8-40F7-9F7B-6EE8587B3204',4,'09BBEF5D-0805-4B3B-BB77-6C24A522B0FD'),(453,'项链坠宽度',NULL,NULL,NULL,NULL,NULL,NULL,94,'0200E87D-5FB8-40F7-9F7B-6EE8587B3204',3,'09BBEF5D-0805-4B3B-BB77-6C24A522B0FD'),(454,'周长',NULL,NULL,NULL,NULL,NULL,NULL,94,'0200E87D-5FB8-40F7-9F7B-6EE8587B3204',1,'09BBEF5D-0805-4B3B-BB77-6C24A522B0FD'),(455,'中指长',NULL,NULL,NULL,NULL,NULL,NULL,95,'C71AB952-B41F-4A59-84A2-6F2F6CEC9A68',1,'BB99FC02-5D51-45C2-87B9-ADFF43EB716D'),(456,'全长',NULL,NULL,NULL,NULL,NULL,NULL,95,'C71AB952-B41F-4A59-84A2-6F2F6CEC9A68',3,'BB99FC02-5D51-45C2-87B9-ADFF43EB716D'),(457,'手掌宽',NULL,NULL,NULL,NULL,NULL,NULL,95,'C71AB952-B41F-4A59-84A2-6F2F6CEC9A68',2,'BB99FC02-5D51-45C2-87B9-ADFF43EB716D'),(458,'袖长',NULL,NULL,NULL,NULL,NULL,NULL,96,'87496DE8-EEA6-47D9-8B26-7039773B7CE7',6,'89448EA5-A31D-4023-9F9A-0E48F9B1686B'),(459,'肩宽',NULL,NULL,NULL,NULL,NULL,NULL,96,'87496DE8-EEA6-47D9-8B26-7039773B7CE7',1,'89448EA5-A31D-4023-9F9A-0E48F9B1686B'),(460,'腰围(周长)',NULL,NULL,NULL,NULL,NULL,NULL,96,'87496DE8-EEA6-47D9-8B26-7039773B7CE7',3,'89448EA5-A31D-4023-9F9A-0E48F9B1686B'),(461,'中国码',NULL,NULL,NULL,NULL,NULL,NULL,96,'87496DE8-EEA6-47D9-8B26-7039773B7CE7',7,'89448EA5-A31D-4023-9F9A-0E48F9B1686B'),(462,'衣长',NULL,NULL,NULL,NULL,NULL,NULL,96,'87496DE8-EEA6-47D9-8B26-7039773B7CE7',5,'89448EA5-A31D-4023-9F9A-0E48F9B1686B'),(463,'下摆围(周长)',NULL,NULL,NULL,NULL,NULL,NULL,96,'87496DE8-EEA6-47D9-8B26-7039773B7CE7',4,'89448EA5-A31D-4023-9F9A-0E48F9B1686B'),(464,'胸围(周长)',NULL,NULL,NULL,NULL,NULL,NULL,96,'87496DE8-EEA6-47D9-8B26-7039773B7CE7',2,'89448EA5-A31D-4023-9F9A-0E48F9B1686B'),(465,'下摆围(周长)',NULL,NULL,NULL,NULL,NULL,NULL,97,'6F668D22-4D12-4752-96CC-73E04E8730F3',4,'1D4A7BE3-1341-45D8-A04B-1F04E944CFB0'),(466,'胸围(周长)',NULL,NULL,NULL,NULL,NULL,NULL,97,'6F668D22-4D12-4752-96CC-73E04E8730F3',2,'1D4A7BE3-1341-45D8-A04B-1F04E944CFB0'),(467,'衣长',NULL,NULL,NULL,NULL,NULL,NULL,97,'6F668D22-4D12-4752-96CC-73E04E8730F3',5,'1D4A7BE3-1341-45D8-A04B-1F04E944CFB0'),(468,'中国码',NULL,NULL,NULL,NULL,NULL,NULL,97,'6F668D22-4D12-4752-96CC-73E04E8730F3',7,'1D4A7BE3-1341-45D8-A04B-1F04E944CFB0'),(469,'肩宽',NULL,NULL,NULL,NULL,NULL,NULL,97,'6F668D22-4D12-4752-96CC-73E04E8730F3',1,'1D4A7BE3-1341-45D8-A04B-1F04E944CFB0'),(470,'袖长',NULL,NULL,NULL,NULL,NULL,NULL,97,'6F668D22-4D12-4752-96CC-73E04E8730F3',6,'1D4A7BE3-1341-45D8-A04B-1F04E944CFB0'),(471,'腰围(周长)',NULL,NULL,NULL,NULL,NULL,NULL,97,'6F668D22-4D12-4752-96CC-73E04E8730F3',3,'1D4A7BE3-1341-45D8-A04B-1F04E944CFB0'),(472,'腰围(周长)',NULL,NULL,NULL,NULL,NULL,NULL,98,'4D005269-DC92-4D4A-8113-74F43FFE1528',3,'9E1A5D97-37D9-444C-80ED-5DA2482FA3F8'),(473,'下摆围(周长)',NULL,NULL,NULL,NULL,NULL,NULL,98,'4D005269-DC92-4D4A-8113-74F43FFE1528',4,'9E1A5D97-37D9-444C-80ED-5DA2482FA3F8'),(474,'中国码',NULL,NULL,NULL,NULL,NULL,NULL,98,'4D005269-DC92-4D4A-8113-74F43FFE1528',7,'9E1A5D97-37D9-444C-80ED-5DA2482FA3F8'),(475,'衣长',NULL,NULL,NULL,NULL,NULL,NULL,98,'4D005269-DC92-4D4A-8113-74F43FFE1528',5,'9E1A5D97-37D9-444C-80ED-5DA2482FA3F8'),(476,'胸围(周长)',NULL,NULL,NULL,NULL,NULL,NULL,98,'4D005269-DC92-4D4A-8113-74F43FFE1528',2,'9E1A5D97-37D9-444C-80ED-5DA2482FA3F8'),(477,'袖长',NULL,NULL,NULL,NULL,NULL,NULL,98,'4D005269-DC92-4D4A-8113-74F43FFE1528',6,'9E1A5D97-37D9-444C-80ED-5DA2482FA3F8'),(478,'肩宽',NULL,NULL,NULL,NULL,NULL,NULL,98,'4D005269-DC92-4D4A-8113-74F43FFE1528',1,'9E1A5D97-37D9-444C-80ED-5DA2482FA3F8'),(479,'中国码',NULL,NULL,NULL,NULL,NULL,NULL,99,'676D0880-8CF2-4D0B-A61A-75AC0ADB3707',7,'F77B05C8-BA34-4E52-9DF9-BFDE96A664D0'),(480,'裤脚围(周长)',NULL,NULL,NULL,NULL,NULL,NULL,99,'676D0880-8CF2-4D0B-A61A-75AC0ADB3707',6,'F77B05C8-BA34-4E52-9DF9-BFDE96A664D0'),(481,'臀围(周长)',NULL,NULL,NULL,NULL,NULL,NULL,99,'676D0880-8CF2-4D0B-A61A-75AC0ADB3707',2,'F77B05C8-BA34-4E52-9DF9-BFDE96A664D0'),(482,'裤腰围(周长)',NULL,NULL,NULL,NULL,NULL,NULL,99,'676D0880-8CF2-4D0B-A61A-75AC0ADB3707',1,'F77B05C8-BA34-4E52-9DF9-BFDE96A664D0'),(483,'裤长',NULL,NULL,NULL,NULL,NULL,NULL,99,'676D0880-8CF2-4D0B-A61A-75AC0ADB3707',5,'F77B05C8-BA34-4E52-9DF9-BFDE96A664D0'),(484,'大腿围',NULL,NULL,NULL,NULL,NULL,NULL,99,'676D0880-8CF2-4D0B-A61A-75AC0ADB3707',4,'F77B05C8-BA34-4E52-9DF9-BFDE96A664D0'),(485,'前立裆',NULL,NULL,NULL,NULL,NULL,NULL,99,'676D0880-8CF2-4D0B-A61A-75AC0ADB3707',3,'F77B05C8-BA34-4E52-9DF9-BFDE96A664D0'),(486,'背带宽',NULL,NULL,NULL,NULL,NULL,NULL,100,'7D3BD3B8-4712-4028-B6C0-774F3C9F9A19',5,'96C414C1-4C01-47BF-B7D3-2BCE4137B43F'),(487,'厚度',NULL,NULL,NULL,NULL,NULL,NULL,100,'7D3BD3B8-4712-4028-B6C0-774F3C9F9A19',3,'96C414C1-4C01-47BF-B7D3-2BCE4137B43F'),(488,'高度',NULL,NULL,NULL,NULL,NULL,NULL,100,'7D3BD3B8-4712-4028-B6C0-774F3C9F9A19',1,'96C414C1-4C01-47BF-B7D3-2BCE4137B43F'),(489,'背带长',NULL,NULL,NULL,NULL,NULL,NULL,100,'7D3BD3B8-4712-4028-B6C0-774F3C9F9A19',4,'96C414C1-4C01-47BF-B7D3-2BCE4137B43F'),(490,'宽度',NULL,NULL,NULL,NULL,NULL,NULL,100,'7D3BD3B8-4712-4028-B6C0-774F3C9F9A19',2,'96C414C1-4C01-47BF-B7D3-2BCE4137B43F'),(491,'袖长',NULL,NULL,NULL,NULL,NULL,NULL,101,'CC1DF6C9-EF3B-48E7-A80C-78BBD1E4D4AC',6,'969D4013-D448-445E-8EEB-2E4CFE5642F8'),(492,'胸围(周长)',NULL,NULL,NULL,NULL,NULL,NULL,101,'CC1DF6C9-EF3B-48E7-A80C-78BBD1E4D4AC',2,'969D4013-D448-445E-8EEB-2E4CFE5642F8'),(493,'肩宽',NULL,NULL,NULL,NULL,NULL,NULL,101,'CC1DF6C9-EF3B-48E7-A80C-78BBD1E4D4AC',1,'969D4013-D448-445E-8EEB-2E4CFE5642F8'),(494,'中国码',NULL,NULL,NULL,NULL,NULL,NULL,101,'CC1DF6C9-EF3B-48E7-A80C-78BBD1E4D4AC',12,'969D4013-D448-445E-8EEB-2E4CFE5642F8'),(495,'腰围(周长)',NULL,NULL,NULL,NULL,NULL,NULL,101,'CC1DF6C9-EF3B-48E7-A80C-78BBD1E4D4AC',3,'969D4013-D448-445E-8EEB-2E4CFE5642F8'),(496,'下摆围(周长)',NULL,NULL,NULL,NULL,NULL,NULL,101,'CC1DF6C9-EF3B-48E7-A80C-78BBD1E4D4AC',4,'969D4013-D448-445E-8EEB-2E4CFE5642F8'),(497,'衣长',NULL,NULL,NULL,NULL,NULL,NULL,101,'CC1DF6C9-EF3B-48E7-A80C-78BBD1E4D4AC',5,'969D4013-D448-445E-8EEB-2E4CFE5642F8'),(498,'袖长',NULL,NULL,NULL,NULL,NULL,NULL,102,'467E7A38-B5DE-4162-A725-7A2905CD3A80',6,'0BCBF9AE-1E59-4BD3-8FE5-1545C95313D0'),(499,'肩宽',NULL,NULL,NULL,NULL,NULL,NULL,102,'467E7A38-B5DE-4162-A725-7A2905CD3A80',1,'0BCBF9AE-1E59-4BD3-8FE5-1545C95313D0'),(500,'衣长',NULL,NULL,NULL,NULL,NULL,NULL,102,'467E7A38-B5DE-4162-A725-7A2905CD3A80',5,'0BCBF9AE-1E59-4BD3-8FE5-1545C95313D0'),(501,'袖口围(周长)',NULL,NULL,NULL,NULL,NULL,NULL,102,'467E7A38-B5DE-4162-A725-7A2905CD3A80',7,'0BCBF9AE-1E59-4BD3-8FE5-1545C95313D0'),(502,'胸围(周长)',NULL,NULL,NULL,NULL,NULL,NULL,102,'467E7A38-B5DE-4162-A725-7A2905CD3A80',2,'0BCBF9AE-1E59-4BD3-8FE5-1545C95313D0'),(503,'中国码',NULL,NULL,NULL,NULL,NULL,NULL,102,'467E7A38-B5DE-4162-A725-7A2905CD3A80',8,'0BCBF9AE-1E59-4BD3-8FE5-1545C95313D0'),(504,'领围(周长)',NULL,NULL,NULL,NULL,NULL,NULL,102,'467E7A38-B5DE-4162-A725-7A2905CD3A80',4,'0BCBF9AE-1E59-4BD3-8FE5-1545C95313D0'),(505,'腰围(周长)',NULL,NULL,NULL,NULL,NULL,NULL,102,'467E7A38-B5DE-4162-A725-7A2905CD3A80',3,'0BCBF9AE-1E59-4BD3-8FE5-1545C95313D0'),(506,'袖长',NULL,NULL,NULL,NULL,NULL,NULL,103,'78EE1520-2665-4071-B6A7-7ACBB47B2926',6,'0BCBF9AE-1E59-4BD3-8FE5-1545C95313D0'),(507,'肩宽',NULL,NULL,NULL,NULL,NULL,NULL,103,'78EE1520-2665-4071-B6A7-7ACBB47B2926',1,'0BCBF9AE-1E59-4BD3-8FE5-1545C95313D0'),(508,'衣长',NULL,NULL,NULL,NULL,NULL,NULL,103,'78EE1520-2665-4071-B6A7-7ACBB47B2926',5,'0BCBF9AE-1E59-4BD3-8FE5-1545C95313D0'),(509,'袖口围(周长)',NULL,NULL,NULL,NULL,NULL,NULL,103,'78EE1520-2665-4071-B6A7-7ACBB47B2926',7,'0BCBF9AE-1E59-4BD3-8FE5-1545C95313D0'),(510,'胸围(周长)',NULL,NULL,NULL,NULL,NULL,NULL,103,'78EE1520-2665-4071-B6A7-7ACBB47B2926',2,'0BCBF9AE-1E59-4BD3-8FE5-1545C95313D0'),(511,'中国码',NULL,NULL,NULL,NULL,NULL,NULL,103,'78EE1520-2665-4071-B6A7-7ACBB47B2926',8,'0BCBF9AE-1E59-4BD3-8FE5-1545C95313D0'),(512,'领围(周长)',NULL,NULL,NULL,NULL,NULL,NULL,103,'78EE1520-2665-4071-B6A7-7ACBB47B2926',4,'0BCBF9AE-1E59-4BD3-8FE5-1545C95313D0'),(513,'腰围(周长)',NULL,NULL,NULL,NULL,NULL,NULL,103,'78EE1520-2665-4071-B6A7-7ACBB47B2926',3,'0BCBF9AE-1E59-4BD3-8FE5-1545C95313D0'),(514,'内长',NULL,NULL,NULL,NULL,NULL,NULL,104,'F2A63E81-60A8-47FE-85F4-7C835ECF3083',2,'6477FA9D-89A2-46A8-956D-93810174D0E6'),(515,'鞋宽',NULL,NULL,NULL,NULL,NULL,NULL,104,'F2A63E81-60A8-47FE-85F4-7C835ECF3083',3,'6477FA9D-89A2-46A8-956D-93810174D0E6'),(516,'鞋跟高',NULL,NULL,NULL,NULL,NULL,NULL,104,'F2A63E81-60A8-47FE-85F4-7C835ECF3083',1,'6477FA9D-89A2-46A8-956D-93810174D0E6'),(517,'中国码',NULL,NULL,NULL,NULL,NULL,NULL,104,'F2A63E81-60A8-47FE-85F4-7C835ECF3083',4,'6477FA9D-89A2-46A8-956D-93810174D0E6'),(518,'鞋跟高',NULL,NULL,NULL,NULL,NULL,NULL,105,'4F0F6533-7B34-4433-8357-7CA0AE28A6AC',1,'47597A31-3B97-46C5-B280-F8044FB79BCE'),(519,'内长',NULL,NULL,NULL,NULL,NULL,NULL,105,'4F0F6533-7B34-4433-8357-7CA0AE28A6AC',3,'47597A31-3B97-46C5-B280-F8044FB79BCE'),(520,'中国码',NULL,NULL,NULL,NULL,NULL,NULL,105,'4F0F6533-7B34-4433-8357-7CA0AE28A6AC',5,'47597A31-3B97-46C5-B280-F8044FB79BCE'),(521,'鞋宽',NULL,NULL,NULL,NULL,NULL,NULL,105,'4F0F6533-7B34-4433-8357-7CA0AE28A6AC',4,'47597A31-3B97-46C5-B280-F8044FB79BCE'),(522,'鞋帮高',NULL,NULL,NULL,NULL,NULL,NULL,105,'4F0F6533-7B34-4433-8357-7CA0AE28A6AC',2,'47597A31-3B97-46C5-B280-F8044FB79BCE'),(523,'裤腰围(周长)',NULL,NULL,NULL,NULL,NULL,NULL,106,'3293BFEB-D402-4271-AE5C-7D636800AEE4',1,'1FA94E64-B96B-4B8B-ADB8-C4A9B7B92DE6'),(524,'大腿围',NULL,NULL,NULL,NULL,NULL,NULL,106,'3293BFEB-D402-4271-AE5C-7D636800AEE4',4,'1FA94E64-B96B-4B8B-ADB8-C4A9B7B92DE6'),(525,'臀围(周长)',NULL,NULL,NULL,NULL,NULL,NULL,106,'3293BFEB-D402-4271-AE5C-7D636800AEE4',2,'1FA94E64-B96B-4B8B-ADB8-C4A9B7B92DE6'),(526,'中国码',NULL,NULL,NULL,NULL,NULL,NULL,106,'3293BFEB-D402-4271-AE5C-7D636800AEE4',7,'1FA94E64-B96B-4B8B-ADB8-C4A9B7B92DE6'),(527,'裤长',NULL,NULL,NULL,NULL,NULL,NULL,106,'3293BFEB-D402-4271-AE5C-7D636800AEE4',5,'1FA94E64-B96B-4B8B-ADB8-C4A9B7B92DE6'),(528,'裤脚围(周长)',NULL,NULL,NULL,NULL,NULL,NULL,106,'3293BFEB-D402-4271-AE5C-7D636800AEE4',6,'1FA94E64-B96B-4B8B-ADB8-C4A9B7B92DE6'),(529,'前立裆',NULL,NULL,NULL,NULL,NULL,NULL,106,'3293BFEB-D402-4271-AE5C-7D636800AEE4',3,'1FA94E64-B96B-4B8B-ADB8-C4A9B7B92DE6'),(530,'帽沿长',NULL,NULL,NULL,NULL,NULL,NULL,107,'FF8F100B-519D-4B76-8D92-7E09352CCD68',2,'58DBBA71-6EF3-42AE-A63B-14A09DD98434'),(531,'头围(周长)',NULL,NULL,NULL,NULL,NULL,NULL,107,'FF8F100B-519D-4B76-8D92-7E09352CCD68',1,'58DBBA71-6EF3-42AE-A63B-14A09DD98434'),(532,'腰带全长',NULL,NULL,NULL,NULL,NULL,NULL,108,'D4E1A60D-CFB7-419C-B792-7E863BD3D164',4,'EA05C5F2-E7A2-42C5-A517-93CE761440A7'),(533,'最小腰围',NULL,NULL,NULL,NULL,NULL,NULL,108,'D4E1A60D-CFB7-419C-B792-7E863BD3D164',6,'EA05C5F2-E7A2-42C5-A517-93CE761440A7'),(534,'最大腰围',NULL,NULL,NULL,NULL,NULL,NULL,108,'D4E1A60D-CFB7-419C-B792-7E863BD3D164',5,'EA05C5F2-E7A2-42C5-A517-93CE761440A7'),(535,'带头长',NULL,NULL,NULL,NULL,NULL,NULL,108,'D4E1A60D-CFB7-419C-B792-7E863BD3D164',1,'EA05C5F2-E7A2-42C5-A517-93CE761440A7'),(536,'中国码',NULL,NULL,NULL,NULL,NULL,NULL,108,'D4E1A60D-CFB7-419C-B792-7E863BD3D164',7,'EA05C5F2-E7A2-42C5-A517-93CE761440A7'),(537,'带头宽',NULL,NULL,NULL,NULL,NULL,NULL,108,'D4E1A60D-CFB7-419C-B792-7E863BD3D164',2,'EA05C5F2-E7A2-42C5-A517-93CE761440A7'),(538,'带体宽',NULL,NULL,NULL,NULL,NULL,NULL,108,'D4E1A60D-CFB7-419C-B792-7E863BD3D164',3,'EA05C5F2-E7A2-42C5-A517-93CE761440A7'),(539,'下摆围(周长)',NULL,NULL,NULL,NULL,NULL,NULL,109,'6FC47658-AB0B-431B-94E8-7ECC084924D1',4,'1D4A7BE3-1341-45D8-A04B-1F04E944CFB0'),(540,'胸围(周长)',NULL,NULL,NULL,NULL,NULL,NULL,109,'6FC47658-AB0B-431B-94E8-7ECC084924D1',2,'1D4A7BE3-1341-45D8-A04B-1F04E944CFB0'),(541,'衣长',NULL,NULL,NULL,NULL,NULL,NULL,109,'6FC47658-AB0B-431B-94E8-7ECC084924D1',5,'1D4A7BE3-1341-45D8-A04B-1F04E944CFB0'),(542,'中国码',NULL,NULL,NULL,NULL,NULL,NULL,109,'6FC47658-AB0B-431B-94E8-7ECC084924D1',7,'1D4A7BE3-1341-45D8-A04B-1F04E944CFB0'),(543,'肩宽',NULL,NULL,NULL,NULL,NULL,NULL,109,'6FC47658-AB0B-431B-94E8-7ECC084924D1',1,'1D4A7BE3-1341-45D8-A04B-1F04E944CFB0'),(544,'袖长',NULL,NULL,NULL,NULL,NULL,NULL,109,'6FC47658-AB0B-431B-94E8-7ECC084924D1',6,'1D4A7BE3-1341-45D8-A04B-1F04E944CFB0'),(545,'腰围(周长)',NULL,NULL,NULL,NULL,NULL,NULL,109,'6FC47658-AB0B-431B-94E8-7ECC084924D1',3,'1D4A7BE3-1341-45D8-A04B-1F04E944CFB0'),(546,'内长',NULL,NULL,NULL,NULL,NULL,NULL,111,'198BF89E-6112-4786-8582-82CF39955B94',2,'6477FA9D-89A2-46A8-956D-93810174D0E6'),(547,'鞋宽',NULL,NULL,NULL,NULL,NULL,NULL,111,'198BF89E-6112-4786-8582-82CF39955B94',3,'6477FA9D-89A2-46A8-956D-93810174D0E6'),(548,'鞋跟高',NULL,NULL,NULL,NULL,NULL,NULL,111,'198BF89E-6112-4786-8582-82CF39955B94',1,'6477FA9D-89A2-46A8-956D-93810174D0E6'),(549,'中国码',NULL,NULL,NULL,NULL,NULL,NULL,111,'198BF89E-6112-4786-8582-82CF39955B94',4,'6477FA9D-89A2-46A8-956D-93810174D0E6'),(550,'衣长',NULL,NULL,NULL,NULL,NULL,NULL,112,'2E0F9937-E421-43D0-A400-83C97C022A16',5,'0ED87C96-D14D-4AEC-B650-BBE4CEDE91EF'),(551,'腰围（周长）',NULL,NULL,NULL,NULL,NULL,NULL,112,'2E0F9937-E421-43D0-A400-83C97C022A16',3,'0ED87C96-D14D-4AEC-B650-BBE4CEDE91EF'),(552,'胸围（周长）',NULL,NULL,NULL,NULL,NULL,NULL,112,'2E0F9937-E421-43D0-A400-83C97C022A16',2,'0ED87C96-D14D-4AEC-B650-BBE4CEDE91EF'),(553,'裤口（周长）',NULL,NULL,NULL,NULL,NULL,NULL,112,'2E0F9937-E421-43D0-A400-83C97C022A16',7,'0ED87C96-D14D-4AEC-B650-BBE4CEDE91EF'),(554,'中国码',NULL,NULL,NULL,NULL,NULL,NULL,112,'2E0F9937-E421-43D0-A400-83C97C022A16',8,'0ED87C96-D14D-4AEC-B650-BBE4CEDE91EF'),(555,'肩到裆',NULL,NULL,NULL,NULL,NULL,NULL,112,'2E0F9937-E421-43D0-A400-83C97C022A16',4,'0ED87C96-D14D-4AEC-B650-BBE4CEDE91EF'),(556,'袖长',NULL,NULL,NULL,NULL,NULL,NULL,112,'2E0F9937-E421-43D0-A400-83C97C022A16',6,'0ED87C96-D14D-4AEC-B650-BBE4CEDE91EF'),(557,'肩宽',NULL,NULL,NULL,NULL,NULL,NULL,112,'2E0F9937-E421-43D0-A400-83C97C022A16',1,'0ED87C96-D14D-4AEC-B650-BBE4CEDE91EF'),(558,'鞋宽',NULL,NULL,NULL,NULL,NULL,NULL,114,'08FA2DB4-E2A0-4FDD-A55C-8644233073D7',4,'8CDA2CA0-9687-48F5-81AC-F245440776F9'),(559,'内长',NULL,NULL,NULL,NULL,NULL,NULL,114,'08FA2DB4-E2A0-4FDD-A55C-8644233073D7',3,'8CDA2CA0-9687-48F5-81AC-F245440776F9'),(560,'鞋跟高',NULL,NULL,NULL,NULL,NULL,NULL,114,'08FA2DB4-E2A0-4FDD-A55C-8644233073D7',1,'8CDA2CA0-9687-48F5-81AC-F245440776F9'),(561,'中国码',NULL,NULL,NULL,NULL,NULL,NULL,114,'08FA2DB4-E2A0-4FDD-A55C-8644233073D7',5,'8CDA2CA0-9687-48F5-81AC-F245440776F9'),(562,'鞋帮高',NULL,NULL,NULL,NULL,NULL,NULL,114,'08FA2DB4-E2A0-4FDD-A55C-8644233073D7',2,'8CDA2CA0-9687-48F5-81AC-F245440776F9'),(563,'腰带全长',NULL,NULL,NULL,NULL,NULL,NULL,116,'EB80D9EB-D942-46AF-926A-8934823397D2',4,'EA05C5F2-E7A2-42C5-A517-93CE761440A7'),(564,'最小腰围',NULL,NULL,NULL,NULL,NULL,NULL,116,'EB80D9EB-D942-46AF-926A-8934823397D2',6,'EA05C5F2-E7A2-42C5-A517-93CE761440A7'),(565,'最大腰围',NULL,NULL,NULL,NULL,NULL,NULL,116,'EB80D9EB-D942-46AF-926A-8934823397D2',5,'EA05C5F2-E7A2-42C5-A517-93CE761440A7'),(566,'带头长',NULL,NULL,NULL,NULL,NULL,NULL,116,'EB80D9EB-D942-46AF-926A-8934823397D2',1,'EA05C5F2-E7A2-42C5-A517-93CE761440A7'),(567,'中国码',NULL,NULL,NULL,NULL,NULL,NULL,116,'EB80D9EB-D942-46AF-926A-8934823397D2',7,'EA05C5F2-E7A2-42C5-A517-93CE761440A7'),(568,'带头宽',NULL,NULL,NULL,NULL,NULL,NULL,116,'EB80D9EB-D942-46AF-926A-8934823397D2',2,'EA05C5F2-E7A2-42C5-A517-93CE761440A7'),(569,'带体宽',NULL,NULL,NULL,NULL,NULL,NULL,116,'EB80D9EB-D942-46AF-926A-8934823397D2',3,'EA05C5F2-E7A2-42C5-A517-93CE761440A7'),(570,'腰围(周长)',NULL,NULL,NULL,NULL,NULL,NULL,118,'42A3D558-5119-46F5-ABE2-8A77F0E64509',4,'3AE6EA4B-473C-471F-B3FD-5AA158CE9F18'),(571,'胸围(周长)',NULL,NULL,NULL,NULL,NULL,NULL,118,'42A3D558-5119-46F5-ABE2-8A77F0E64509',2,'3AE6EA4B-473C-471F-B3FD-5AA158CE9F18'),(572,'中国码',NULL,NULL,NULL,NULL,NULL,NULL,118,'42A3D558-5119-46F5-ABE2-8A77F0E64509',7,'3AE6EA4B-473C-471F-B3FD-5AA158CE9F18'),(573,'衣长',NULL,NULL,NULL,NULL,NULL,NULL,118,'42A3D558-5119-46F5-ABE2-8A77F0E64509',4,'3AE6EA4B-473C-471F-B3FD-5AA158CE9F18'),(574,'肩宽',NULL,NULL,NULL,NULL,NULL,NULL,118,'42A3D558-5119-46F5-ABE2-8A77F0E64509',1,'3AE6EA4B-473C-471F-B3FD-5AA158CE9F18'),(575,'袖长',NULL,NULL,NULL,NULL,NULL,NULL,118,'42A3D558-5119-46F5-ABE2-8A77F0E64509',5,'3AE6EA4B-473C-471F-B3FD-5AA158CE9F18'),(576,'中国码',NULL,NULL,NULL,NULL,NULL,NULL,119,'3F3D0EDB-A1D7-40C6-9AA0-8DBBC5762C42',7,'F77B05C8-BA34-4E52-9DF9-BFDE96A664D0'),(577,'裤脚围(周长)',NULL,NULL,NULL,NULL,NULL,NULL,119,'3F3D0EDB-A1D7-40C6-9AA0-8DBBC5762C42',6,'F77B05C8-BA34-4E52-9DF9-BFDE96A664D0'),(578,'臀围(周长)',NULL,NULL,NULL,NULL,NULL,NULL,119,'3F3D0EDB-A1D7-40C6-9AA0-8DBBC5762C42',2,'F77B05C8-BA34-4E52-9DF9-BFDE96A664D0'),(579,'裤腰围(周长)',NULL,NULL,NULL,NULL,NULL,NULL,119,'3F3D0EDB-A1D7-40C6-9AA0-8DBBC5762C42',1,'F77B05C8-BA34-4E52-9DF9-BFDE96A664D0'),(580,'裤长',NULL,NULL,NULL,NULL,NULL,NULL,119,'3F3D0EDB-A1D7-40C6-9AA0-8DBBC5762C42',5,'F77B05C8-BA34-4E52-9DF9-BFDE96A664D0'),(581,'大腿围',NULL,NULL,NULL,NULL,NULL,NULL,119,'3F3D0EDB-A1D7-40C6-9AA0-8DBBC5762C42',4,'F77B05C8-BA34-4E52-9DF9-BFDE96A664D0'),(582,'前立裆',NULL,NULL,NULL,NULL,NULL,NULL,119,'3F3D0EDB-A1D7-40C6-9AA0-8DBBC5762C42',3,'F77B05C8-BA34-4E52-9DF9-BFDE96A664D0'),(583,'长度',NULL,NULL,NULL,NULL,NULL,NULL,120,'5FB4696C-AB3C-4801-B386-8E28B43EAFA8',1,'ADC10A71-BCEB-4EDD-B609-B739C9BC3DA7'),(584,'伞面直径',NULL,NULL,NULL,NULL,NULL,NULL,120,'5FB4696C-AB3C-4801-B386-8E28B43EAFA8',2,'ADC10A71-BCEB-4EDD-B609-B739C9BC3DA7'),(585,'腰围(周长)',NULL,NULL,NULL,NULL,NULL,NULL,121,'E3B402C2-2355-4F7D-AA21-8EC99A995DFD',3,'C10B1633-E157-46BA-9F31-254366E44ACA'),(586,'前领深',NULL,NULL,NULL,NULL,NULL,NULL,121,'E3B402C2-2355-4F7D-AA21-8EC99A995DFD',6,'C10B1633-E157-46BA-9F31-254366E44ACA'),(587,'肩宽',NULL,NULL,NULL,NULL,NULL,NULL,121,'E3B402C2-2355-4F7D-AA21-8EC99A995DFD',1,'C10B1633-E157-46BA-9F31-254366E44ACA'),(588,'衣长',NULL,NULL,NULL,NULL,NULL,NULL,121,'E3B402C2-2355-4F7D-AA21-8EC99A995DFD',5,'C10B1633-E157-46BA-9F31-254366E44ACA'),(589,'下摆围(周长)',NULL,NULL,NULL,NULL,NULL,NULL,121,'E3B402C2-2355-4F7D-AA21-8EC99A995DFD',4,'C10B1633-E157-46BA-9F31-254366E44ACA'),(590,'中国码',NULL,NULL,NULL,NULL,NULL,NULL,121,'E3B402C2-2355-4F7D-AA21-8EC99A995DFD',7,'C10B1633-E157-46BA-9F31-254366E44ACA'),(591,'胸围(周长)',NULL,NULL,NULL,NULL,NULL,NULL,121,'E3B402C2-2355-4F7D-AA21-8EC99A995DFD',2,'C10B1633-E157-46BA-9F31-254366E44ACA'),(592,'长度',NULL,NULL,NULL,NULL,NULL,NULL,122,'9A2D6F99-4677-4088-82B8-92AC4524AE59',1,'DF51A227-76D1-43C0-8AE9-F4354DBCED18'),(593,'宽度',NULL,NULL,NULL,NULL,NULL,NULL,122,'9A2D6F99-4677-4088-82B8-92AC4524AE59',2,'DF51A227-76D1-43C0-8AE9-F4354DBCED18'),(594,'厚度',NULL,NULL,NULL,NULL,NULL,NULL,122,'9A2D6F99-4677-4088-82B8-92AC4524AE59',3,'DF51A227-76D1-43C0-8AE9-F4354DBCED18'),(595,'中国码',NULL,NULL,NULL,NULL,NULL,NULL,123,'E5EE94A8-E6F6-42D3-962D-92BF4B264D93',7,'F77B05C8-BA34-4E52-9DF9-BFDE96A664D0'),(596,'裤脚围(周长)',NULL,NULL,NULL,NULL,NULL,NULL,123,'E5EE94A8-E6F6-42D3-962D-92BF4B264D93',6,'F77B05C8-BA34-4E52-9DF9-BFDE96A664D0'),(597,'臀围(周长)',NULL,NULL,NULL,NULL,NULL,NULL,123,'E5EE94A8-E6F6-42D3-962D-92BF4B264D93',2,'F77B05C8-BA34-4E52-9DF9-BFDE96A664D0'),(598,'裤腰围(周长)',NULL,NULL,NULL,NULL,NULL,NULL,123,'E5EE94A8-E6F6-42D3-962D-92BF4B264D93',1,'F77B05C8-BA34-4E52-9DF9-BFDE96A664D0'),(599,'裤长',NULL,NULL,NULL,NULL,NULL,NULL,123,'E5EE94A8-E6F6-42D3-962D-92BF4B264D93',5,'F77B05C8-BA34-4E52-9DF9-BFDE96A664D0'),(600,'大腿围',NULL,NULL,NULL,NULL,NULL,NULL,123,'E5EE94A8-E6F6-42D3-962D-92BF4B264D93',4,'F77B05C8-BA34-4E52-9DF9-BFDE96A664D0'),(601,'前立裆',NULL,NULL,NULL,NULL,NULL,NULL,123,'E5EE94A8-E6F6-42D3-962D-92BF4B264D93',3,'F77B05C8-BA34-4E52-9DF9-BFDE96A664D0'),(602,'腰围',NULL,NULL,NULL,NULL,NULL,NULL,124,'1883BB04-8F86-480B-BB9D-93359D07F487',3,'EEB06EEE-5A0B-401E-912F-3FC296FE1DC0'),(603,'肩宽',NULL,NULL,NULL,NULL,NULL,NULL,124,'1883BB04-8F86-480B-BB9D-93359D07F487',1,'EEB06EEE-5A0B-401E-912F-3FC296FE1DC0'),(604,'胸围',NULL,NULL,NULL,NULL,NULL,NULL,124,'1883BB04-8F86-480B-BB9D-93359D07F487',2,'EEB06EEE-5A0B-401E-912F-3FC296FE1DC0'),(605,'中国码',NULL,NULL,NULL,NULL,NULL,NULL,124,'1883BB04-8F86-480B-BB9D-93359D07F487',7,'EEB06EEE-5A0B-401E-912F-3FC296FE1DC0'),(606,'下摆围',NULL,NULL,NULL,NULL,NULL,NULL,124,'1883BB04-8F86-480B-BB9D-93359D07F487',4,'EEB06EEE-5A0B-401E-912F-3FC296FE1DC0'),(607,'衣长',NULL,NULL,NULL,NULL,NULL,NULL,124,'1883BB04-8F86-480B-BB9D-93359D07F487',5,'EEB06EEE-5A0B-401E-912F-3FC296FE1DC0'),(608,'袖长',NULL,NULL,NULL,NULL,NULL,NULL,124,'1883BB04-8F86-480B-BB9D-93359D07F487',6,'EEB06EEE-5A0B-401E-912F-3FC296FE1DC0'),(609,'袖长',NULL,NULL,NULL,NULL,NULL,NULL,125,'1F846DC7-E6C1-4F12-B2E3-95BB25A340F7',6,'0BCBF9AE-1E59-4BD3-8FE5-1545C95313D0'),(610,'肩宽',NULL,NULL,NULL,NULL,NULL,NULL,125,'1F846DC7-E6C1-4F12-B2E3-95BB25A340F7',1,'0BCBF9AE-1E59-4BD3-8FE5-1545C95313D0'),(611,'衣长',NULL,NULL,NULL,NULL,NULL,NULL,125,'1F846DC7-E6C1-4F12-B2E3-95BB25A340F7',5,'0BCBF9AE-1E59-4BD3-8FE5-1545C95313D0'),(612,'袖口围(周长)',NULL,NULL,NULL,NULL,NULL,NULL,125,'1F846DC7-E6C1-4F12-B2E3-95BB25A340F7',7,'0BCBF9AE-1E59-4BD3-8FE5-1545C95313D0'),(613,'胸围(周长)',NULL,NULL,NULL,NULL,NULL,NULL,125,'1F846DC7-E6C1-4F12-B2E3-95BB25A340F7',2,'0BCBF9AE-1E59-4BD3-8FE5-1545C95313D0'),(614,'中国码',NULL,NULL,NULL,NULL,NULL,NULL,125,'1F846DC7-E6C1-4F12-B2E3-95BB25A340F7',8,'0BCBF9AE-1E59-4BD3-8FE5-1545C95313D0'),(615,'领围(周长)',NULL,NULL,NULL,NULL,NULL,NULL,125,'1F846DC7-E6C1-4F12-B2E3-95BB25A340F7',4,'0BCBF9AE-1E59-4BD3-8FE5-1545C95313D0'),(616,'腰围(周长)',NULL,NULL,NULL,NULL,NULL,NULL,125,'1F846DC7-E6C1-4F12-B2E3-95BB25A340F7',3,'0BCBF9AE-1E59-4BD3-8FE5-1545C95313D0'),(617,'下摆围',NULL,NULL,NULL,NULL,NULL,NULL,126,'5ACD151B-07D8-4A7B-BF6B-9728F13B558C',5,'5509A2B4-C5BA-45AA-80CB-EB990370E431'),(618,'袖长',NULL,NULL,NULL,NULL,NULL,NULL,126,'5ACD151B-07D8-4A7B-BF6B-9728F13B558C',4,'5509A2B4-C5BA-45AA-80CB-EB990370E431'),(619,'肩宽',NULL,NULL,NULL,NULL,NULL,NULL,126,'5ACD151B-07D8-4A7B-BF6B-9728F13B558C',1,'5509A2B4-C5BA-45AA-80CB-EB990370E431'),(620,'胸围',NULL,NULL,NULL,NULL,NULL,NULL,126,'5ACD151B-07D8-4A7B-BF6B-9728F13B558C',2,'5509A2B4-C5BA-45AA-80CB-EB990370E431'),(621,'中国码',NULL,NULL,NULL,NULL,NULL,NULL,126,'5ACD151B-07D8-4A7B-BF6B-9728F13B558C',6,'5509A2B4-C5BA-45AA-80CB-EB990370E431'),(622,'衣长',NULL,NULL,NULL,NULL,NULL,NULL,126,'5ACD151B-07D8-4A7B-BF6B-9728F13B558C',3,'5509A2B4-C5BA-45AA-80CB-EB990370E431'),(623,'下摆围',NULL,NULL,NULL,NULL,NULL,NULL,127,'E32113F0-DC70-43C6-9D40-9793F19AFB2C',5,'5509A2B4-C5BA-45AA-80CB-EB990370E431'),(624,'袖长',NULL,NULL,NULL,NULL,NULL,NULL,127,'E32113F0-DC70-43C6-9D40-9793F19AFB2C',4,'5509A2B4-C5BA-45AA-80CB-EB990370E431'),(625,'肩宽',NULL,NULL,NULL,NULL,NULL,NULL,127,'E32113F0-DC70-43C6-9D40-9793F19AFB2C',1,'5509A2B4-C5BA-45AA-80CB-EB990370E431'),(626,'胸围',NULL,NULL,NULL,NULL,NULL,NULL,127,'E32113F0-DC70-43C6-9D40-9793F19AFB2C',2,'5509A2B4-C5BA-45AA-80CB-EB990370E431'),(627,'中国码',NULL,NULL,NULL,NULL,NULL,NULL,127,'E32113F0-DC70-43C6-9D40-9793F19AFB2C',6,'5509A2B4-C5BA-45AA-80CB-EB990370E431'),(628,'衣长',NULL,NULL,NULL,NULL,NULL,NULL,127,'E32113F0-DC70-43C6-9D40-9793F19AFB2C',3,'5509A2B4-C5BA-45AA-80CB-EB990370E431'),(629,'镜片宽度',NULL,NULL,NULL,NULL,NULL,NULL,128,'5CBEEC1F-627A-4A8E-8350-9859AC810098',4,'70B102D1-7B0A-436B-908B-A32EEA369C15'),(630,'镜脚长度',NULL,NULL,NULL,NULL,NULL,NULL,128,'5CBEEC1F-627A-4A8E-8350-9859AC810098',5,'70B102D1-7B0A-436B-908B-A32EEA369C15'),(631,'鼻梁宽度',NULL,NULL,NULL,NULL,NULL,NULL,128,'5CBEEC1F-627A-4A8E-8350-9859AC810098',2,'70B102D1-7B0A-436B-908B-A32EEA369C15'),(632,'总宽度',NULL,NULL,NULL,NULL,NULL,NULL,128,'5CBEEC1F-627A-4A8E-8350-9859AC810098',1,'70B102D1-7B0A-436B-908B-A32EEA369C15'),(633,'总高度',NULL,NULL,NULL,NULL,NULL,NULL,128,'5CBEEC1F-627A-4A8E-8350-9859AC810098',3,'70B102D1-7B0A-436B-908B-A32EEA369C15'),(634,'中指长',NULL,NULL,NULL,NULL,NULL,NULL,129,'0B5FFDCC-EC5C-4C53-B67C-996673A9241E',1,'BB99FC02-5D51-45C2-87B9-ADFF43EB716D'),(635,'全长',NULL,NULL,NULL,NULL,NULL,NULL,129,'0B5FFDCC-EC5C-4C53-B67C-996673A9241E',3,'BB99FC02-5D51-45C2-87B9-ADFF43EB716D'),(636,'手掌宽',NULL,NULL,NULL,NULL,NULL,NULL,129,'0B5FFDCC-EC5C-4C53-B67C-996673A9241E',2,'BB99FC02-5D51-45C2-87B9-ADFF43EB716D'),(637,'袖长',NULL,NULL,NULL,NULL,NULL,NULL,130,'739329B3-86DD-4C92-A47B-998E520536E4',6,'89448EA5-A31D-4023-9F9A-0E48F9B1686B'),(638,'肩宽',NULL,NULL,NULL,NULL,NULL,NULL,130,'739329B3-86DD-4C92-A47B-998E520536E4',1,'89448EA5-A31D-4023-9F9A-0E48F9B1686B'),(639,'腰围(周长)',NULL,NULL,NULL,NULL,NULL,NULL,130,'739329B3-86DD-4C92-A47B-998E520536E4',3,'89448EA5-A31D-4023-9F9A-0E48F9B1686B'),(640,'中国码',NULL,NULL,NULL,NULL,NULL,NULL,130,'739329B3-86DD-4C92-A47B-998E520536E4',7,'89448EA5-A31D-4023-9F9A-0E48F9B1686B'),(641,'衣长',NULL,NULL,NULL,NULL,NULL,NULL,130,'739329B3-86DD-4C92-A47B-998E520536E4',5,'89448EA5-A31D-4023-9F9A-0E48F9B1686B'),(642,'下摆围(周长)',NULL,NULL,NULL,NULL,NULL,NULL,130,'739329B3-86DD-4C92-A47B-998E520536E4',4,'89448EA5-A31D-4023-9F9A-0E48F9B1686B'),(643,'胸围(周长)',NULL,NULL,NULL,NULL,NULL,NULL,130,'739329B3-86DD-4C92-A47B-998E520536E4',2,'89448EA5-A31D-4023-9F9A-0E48F9B1686B'),(644,'长度',NULL,NULL,NULL,NULL,NULL,NULL,131,'4983E89C-9170-4C1C-B711-9B6DBD7C3611',1,'DF51A227-76D1-43C0-8AE9-F4354DBCED18'),(645,'宽度',NULL,NULL,NULL,NULL,NULL,NULL,131,'4983E89C-9170-4C1C-B711-9B6DBD7C3611',2,'DF51A227-76D1-43C0-8AE9-F4354DBCED18'),(646,'厚度',NULL,NULL,NULL,NULL,NULL,NULL,131,'4983E89C-9170-4C1C-B711-9B6DBD7C3611',3,'DF51A227-76D1-43C0-8AE9-F4354DBCED18'),(647,'肩带宽度',NULL,NULL,NULL,NULL,NULL,NULL,132,'7A302F55-5628-4407-A34C-9B8B90BAB97C',6,'06311FAC-9E9D-4E9E-9DD6-346E0BB5F2BF'),(648,'宽度',NULL,NULL,NULL,NULL,NULL,NULL,132,'7A302F55-5628-4407-A34C-9B8B90BAB97C',1,'06311FAC-9E9D-4E9E-9DD6-346E0BB5F2BF'),(649,'高度',NULL,NULL,NULL,NULL,NULL,NULL,132,'7A302F55-5628-4407-A34C-9B8B90BAB97C',2,'06311FAC-9E9D-4E9E-9DD6-346E0BB5F2BF'),(650,'厚度',NULL,NULL,NULL,NULL,NULL,NULL,132,'7A302F55-5628-4407-A34C-9B8B90BAB97C',3,'06311FAC-9E9D-4E9E-9DD6-346E0BB5F2BF'),(651,'肩带长度',NULL,NULL,NULL,NULL,NULL,NULL,132,'7A302F55-5628-4407-A34C-9B8B90BAB97C',5,'06311FAC-9E9D-4E9E-9DD6-346E0BB5F2BF'),(652,'提把高',NULL,NULL,NULL,NULL,NULL,NULL,132,'7A302F55-5628-4407-A34C-9B8B90BAB97C',4,'06311FAC-9E9D-4E9E-9DD6-346E0BB5F2BF'),(653,'腰围(周长)',NULL,NULL,NULL,NULL,NULL,NULL,133,'F60B9F5A-1EEB-40AF-98AA-9D537DC8482B',3,'C10B1633-E157-46BA-9F31-254366E44ACA'),(654,'前领深',NULL,NULL,NULL,NULL,NULL,NULL,133,'F60B9F5A-1EEB-40AF-98AA-9D537DC8482B',6,'C10B1633-E157-46BA-9F31-254366E44ACA'),(655,'肩宽',NULL,NULL,NULL,NULL,NULL,NULL,133,'F60B9F5A-1EEB-40AF-98AA-9D537DC8482B',1,'C10B1633-E157-46BA-9F31-254366E44ACA'),(656,'衣长',NULL,NULL,NULL,NULL,NULL,NULL,133,'F60B9F5A-1EEB-40AF-98AA-9D537DC8482B',5,'C10B1633-E157-46BA-9F31-254366E44ACA'),(657,'下摆围(周长)',NULL,NULL,NULL,NULL,NULL,NULL,133,'F60B9F5A-1EEB-40AF-98AA-9D537DC8482B',4,'C10B1633-E157-46BA-9F31-254366E44ACA'),(658,'中国码',NULL,NULL,NULL,NULL,NULL,NULL,133,'F60B9F5A-1EEB-40AF-98AA-9D537DC8482B',7,'C10B1633-E157-46BA-9F31-254366E44ACA'),(659,'胸围(周长)',NULL,NULL,NULL,NULL,NULL,NULL,133,'F60B9F5A-1EEB-40AF-98AA-9D537DC8482B',2,'C10B1633-E157-46BA-9F31-254366E44ACA'),(660,'脚踝围(周长)',NULL,NULL,NULL,NULL,NULL,NULL,134,'A74873F5-C8BD-434E-8413-9F784EF6AE86',3,'03524953-BB55-474F-A039-640EA5157F4F'),(661,'鞋宽',NULL,NULL,NULL,NULL,NULL,NULL,134,'A74873F5-C8BD-434E-8413-9F784EF6AE86',7,'03524953-BB55-474F-A039-640EA5157F4F'),(662,'内长',NULL,NULL,NULL,NULL,NULL,NULL,134,'A74873F5-C8BD-434E-8413-9F784EF6AE86',6,'03524953-BB55-474F-A039-640EA5157F4F'),(663,'防水台',NULL,NULL,NULL,NULL,NULL,NULL,134,'A74873F5-C8BD-434E-8413-9F784EF6AE86',5,'03524953-BB55-474F-A039-640EA5157F4F'),(664,'鞋跟',NULL,NULL,NULL,NULL,NULL,NULL,134,'A74873F5-C8BD-434E-8413-9F784EF6AE86',4,'03524953-BB55-474F-A039-640EA5157F4F'),(665,'筒围(周长)',NULL,NULL,NULL,NULL,NULL,NULL,134,'A74873F5-C8BD-434E-8413-9F784EF6AE86',2,'03524953-BB55-474F-A039-640EA5157F4F'),(666,'中国码',NULL,NULL,NULL,NULL,NULL,NULL,134,'A74873F5-C8BD-434E-8413-9F784EF6AE86',8,'03524953-BB55-474F-A039-640EA5157F4F'),(667,'筒高',NULL,NULL,NULL,NULL,NULL,NULL,134,'A74873F5-C8BD-434E-8413-9F784EF6AE86',1,'03524953-BB55-474F-A039-640EA5157F4F'),(668,'内长',NULL,NULL,NULL,NULL,NULL,NULL,135,'D22542DD-A139-4361-8844-A0638FCCF3D7',2,'6477FA9D-89A2-46A8-956D-93810174D0E6'),(669,'鞋宽',NULL,NULL,NULL,NULL,NULL,NULL,135,'D22542DD-A139-4361-8844-A0638FCCF3D7',3,'6477FA9D-89A2-46A8-956D-93810174D0E6'),(670,'鞋跟高',NULL,NULL,NULL,NULL,NULL,NULL,135,'D22542DD-A139-4361-8844-A0638FCCF3D7',1,'6477FA9D-89A2-46A8-956D-93810174D0E6'),(671,'中国码',NULL,NULL,NULL,NULL,NULL,NULL,135,'D22542DD-A139-4361-8844-A0638FCCF3D7',4,'6477FA9D-89A2-46A8-956D-93810174D0E6'),(672,'腰带全长',NULL,NULL,NULL,NULL,NULL,NULL,137,'465735E6-D129-444F-BA2B-A0DE55ACD1A5',4,'EA05C5F2-E7A2-42C5-A517-93CE761440A7'),(673,'最小腰围',NULL,NULL,NULL,NULL,NULL,NULL,137,'465735E6-D129-444F-BA2B-A0DE55ACD1A5',6,'EA05C5F2-E7A2-42C5-A517-93CE761440A7'),(674,'最大腰围',NULL,NULL,NULL,NULL,NULL,NULL,137,'465735E6-D129-444F-BA2B-A0DE55ACD1A5',5,'EA05C5F2-E7A2-42C5-A517-93CE761440A7'),(675,'带头长',NULL,NULL,NULL,NULL,NULL,NULL,137,'465735E6-D129-444F-BA2B-A0DE55ACD1A5',1,'EA05C5F2-E7A2-42C5-A517-93CE761440A7'),(676,'中国码',NULL,NULL,NULL,NULL,NULL,NULL,137,'465735E6-D129-444F-BA2B-A0DE55ACD1A5',7,'EA05C5F2-E7A2-42C5-A517-93CE761440A7'),(677,'带头宽',NULL,NULL,NULL,NULL,NULL,NULL,137,'465735E6-D129-444F-BA2B-A0DE55ACD1A5',2,'EA05C5F2-E7A2-42C5-A517-93CE761440A7'),(678,'带体宽',NULL,NULL,NULL,NULL,NULL,NULL,137,'465735E6-D129-444F-BA2B-A0DE55ACD1A5',3,'EA05C5F2-E7A2-42C5-A517-93CE761440A7'),(679,'鞋宽',NULL,NULL,NULL,NULL,NULL,NULL,138,'07FFD468-A93C-4C66-925B-A0E74696975B',4,'C2BE7484-81AB-4DCB-B829-F720525B93F4'),(680,'鞋帮高',NULL,NULL,NULL,NULL,NULL,NULL,138,'07FFD468-A93C-4C66-925B-A0E74696975B',2,'C2BE7484-81AB-4DCB-B829-F720525B93F4'),(681,'中国码',NULL,NULL,NULL,NULL,NULL,NULL,138,'07FFD468-A93C-4C66-925B-A0E74696975B',5,'C2BE7484-81AB-4DCB-B829-F720525B93F4'),(682,'内长',NULL,NULL,NULL,NULL,NULL,NULL,138,'07FFD468-A93C-4C66-925B-A0E74696975B',3,'C2BE7484-81AB-4DCB-B829-F720525B93F4'),(683,'鞋跟高',NULL,NULL,NULL,NULL,NULL,NULL,138,'07FFD468-A93C-4C66-925B-A0E74696975B',1,'C2BE7484-81AB-4DCB-B829-F720525B93F4'),(684,'下摆围(周长)',NULL,NULL,NULL,NULL,NULL,NULL,139,'A8786384-173C-43A3-9C6B-A1BA6B104435',4,'CCC9BEC4-EEC8-4153-9019-F1E85ED12432'),(685,'肩宽',NULL,NULL,NULL,NULL,NULL,NULL,139,'A8786384-173C-43A3-9C6B-A1BA6B104435',1,'CCC9BEC4-EEC8-4153-9019-F1E85ED12432'),(686,'胸围(周长)',NULL,NULL,NULL,NULL,NULL,NULL,139,'A8786384-173C-43A3-9C6B-A1BA6B104435',2,'CCC9BEC4-EEC8-4153-9019-F1E85ED12432'),(687,'中国码',NULL,NULL,NULL,NULL,NULL,NULL,139,'A8786384-173C-43A3-9C6B-A1BA6B104435',8,'CCC9BEC4-EEC8-4153-9019-F1E85ED12432'),(688,'袖长',NULL,NULL,NULL,NULL,NULL,NULL,139,'A8786384-173C-43A3-9C6B-A1BA6B104435',6,'CCC9BEC4-EEC8-4153-9019-F1E85ED12432'),(689,'袖口围',NULL,NULL,NULL,NULL,NULL,NULL,139,'A8786384-173C-43A3-9C6B-A1BA6B104435',7,'CCC9BEC4-EEC8-4153-9019-F1E85ED12432'),(690,'腰围(周长)',NULL,NULL,NULL,NULL,NULL,NULL,139,'A8786384-173C-43A3-9C6B-A1BA6B104435',3,'CCC9BEC4-EEC8-4153-9019-F1E85ED12432'),(691,'衣长',NULL,NULL,NULL,NULL,NULL,NULL,139,'A8786384-173C-43A3-9C6B-A1BA6B104435',5,'CCC9BEC4-EEC8-4153-9019-F1E85ED12432'),(692,'厚度',NULL,NULL,NULL,NULL,NULL,NULL,140,'C7650D57-9D61-40E3-A687-A235C6133577',3,'B6918CED-7372-4388-8662-CD7C1769C73D'),(693,'宽度',NULL,NULL,NULL,NULL,NULL,NULL,140,'C7650D57-9D61-40E3-A687-A235C6133577',2,'B6918CED-7372-4388-8662-CD7C1769C73D'),(694,'高度',NULL,NULL,NULL,NULL,NULL,NULL,140,'C7650D57-9D61-40E3-A687-A235C6133577',1,'B6918CED-7372-4388-8662-CD7C1769C73D'),(695,'高度',NULL,NULL,NULL,NULL,NULL,NULL,141,'45623584-436B-4214-9669-A2D29CF517AD',1,'6BBA15B2-24B0-40F3-85C1-B2F4F36B5AF0'),(696,'宽度',NULL,NULL,NULL,NULL,NULL,NULL,141,'45623584-436B-4214-9669-A2D29CF517AD',2,'6BBA15B2-24B0-40F3-85C1-B2F4F36B5AF0'),(697,'长度',NULL,NULL,NULL,NULL,NULL,NULL,142,'35D0692B-2399-4A12-ABBB-A54BEC0E0441',1,'B118D9CD-00C3-4FC2-A460-28C2852EE82F'),(698,'宽度',NULL,NULL,NULL,NULL,NULL,NULL,142,'35D0692B-2399-4A12-ABBB-A54BEC0E0441',2,'B118D9CD-00C3-4FC2-A460-28C2852EE82F'),(699,'厚度',NULL,NULL,NULL,NULL,NULL,NULL,142,'35D0692B-2399-4A12-ABBB-A54BEC0E0441',3,'B118D9CD-00C3-4FC2-A460-28C2852EE82F'),(700,'高度',NULL,NULL,NULL,NULL,NULL,NULL,144,'55C587BB-B7CA-42F8-8148-A9AE971DEF74',1,'6BBA15B2-24B0-40F3-85C1-B2F4F36B5AF0'),(701,'宽度',NULL,NULL,NULL,NULL,NULL,NULL,144,'55C587BB-B7CA-42F8-8148-A9AE971DEF74',2,'6BBA15B2-24B0-40F3-85C1-B2F4F36B5AF0'),(702,'项链坠长度',NULL,NULL,NULL,NULL,NULL,NULL,146,'D68162A4-A075-4E57-AD88-ABEF7BC569A0',2,'09BBEF5D-0805-4B3B-BB77-6C24A522B0FD'),(703,'项链坠厚度',NULL,NULL,NULL,NULL,NULL,NULL,146,'D68162A4-A075-4E57-AD88-ABEF7BC569A0',4,'09BBEF5D-0805-4B3B-BB77-6C24A522B0FD'),(704,'项链坠宽度',NULL,NULL,NULL,NULL,NULL,NULL,146,'D68162A4-A075-4E57-AD88-ABEF7BC569A0',3,'09BBEF5D-0805-4B3B-BB77-6C24A522B0FD'),(705,'周长',NULL,NULL,NULL,NULL,NULL,NULL,146,'D68162A4-A075-4E57-AD88-ABEF7BC569A0',1,'09BBEF5D-0805-4B3B-BB77-6C24A522B0FD'),(706,'内长',NULL,NULL,NULL,NULL,NULL,NULL,147,'30ED0FE0-EB01-4A27-8193-AF57317C635B',2,'6477FA9D-89A2-46A8-956D-93810174D0E6'),(707,'鞋宽',NULL,NULL,NULL,NULL,NULL,NULL,147,'30ED0FE0-EB01-4A27-8193-AF57317C635B',3,'6477FA9D-89A2-46A8-956D-93810174D0E6'),(708,'鞋跟高',NULL,NULL,NULL,NULL,NULL,NULL,147,'30ED0FE0-EB01-4A27-8193-AF57317C635B',1,'6477FA9D-89A2-46A8-956D-93810174D0E6'),(709,'中国码',NULL,NULL,NULL,NULL,NULL,NULL,147,'30ED0FE0-EB01-4A27-8193-AF57317C635B',4,'6477FA9D-89A2-46A8-956D-93810174D0E6'),(710,'衣长',NULL,NULL,NULL,NULL,NULL,NULL,148,'A0CECF46-188E-4A80-B722-B106AEAA7600',5,'0ED87C96-D14D-4AEC-B650-BBE4CEDE91EF'),(711,'腰围（周长）',NULL,NULL,NULL,NULL,NULL,NULL,148,'A0CECF46-188E-4A80-B722-B106AEAA7600',3,'0ED87C96-D14D-4AEC-B650-BBE4CEDE91EF'),(712,'胸围（周长）',NULL,NULL,NULL,NULL,NULL,NULL,148,'A0CECF46-188E-4A80-B722-B106AEAA7600',2,'0ED87C96-D14D-4AEC-B650-BBE4CEDE91EF'),(713,'裤口（周长）',NULL,NULL,NULL,NULL,NULL,NULL,148,'A0CECF46-188E-4A80-B722-B106AEAA7600',7,'0ED87C96-D14D-4AEC-B650-BBE4CEDE91EF'),(714,'中国码',NULL,NULL,NULL,NULL,NULL,NULL,148,'A0CECF46-188E-4A80-B722-B106AEAA7600',8,'0ED87C96-D14D-4AEC-B650-BBE4CEDE91EF'),(715,'肩到裆',NULL,NULL,NULL,NULL,NULL,NULL,148,'A0CECF46-188E-4A80-B722-B106AEAA7600',4,'0ED87C96-D14D-4AEC-B650-BBE4CEDE91EF'),(716,'袖长',NULL,NULL,NULL,NULL,NULL,NULL,148,'A0CECF46-188E-4A80-B722-B106AEAA7600',6,'0ED87C96-D14D-4AEC-B650-BBE4CEDE91EF'),(717,'肩宽',NULL,NULL,NULL,NULL,NULL,NULL,148,'A0CECF46-188E-4A80-B722-B106AEAA7600',1,'0ED87C96-D14D-4AEC-B650-BBE4CEDE91EF'),(718,'长度',NULL,NULL,NULL,NULL,NULL,NULL,149,'6C8A6D50-9202-45FE-A009-B16D7BE56F21',1,'40473357-AEE1-4880-AC52-98451EFC0013'),(719,'直径',NULL,NULL,NULL,NULL,NULL,NULL,150,'1734EC7D-FD18-4AE8-8BEC-B34B9E8A037D',2,'22FD3AD1-2468-4E08-9026-742CF9220EEC'),(720,'长度',NULL,NULL,NULL,NULL,NULL,NULL,150,'1734EC7D-FD18-4AE8-8BEC-B34B9E8A037D',1,'22FD3AD1-2468-4E08-9026-742CF9220EEC'),(721,'系带宽',NULL,NULL,NULL,NULL,NULL,NULL,151,'CDDB2221-A195-4505-8E10-B3AB3DD5B37D',4,'A3B9F889-A539-4600-A99C-8BB2B3D5DA17'),(722,'宽度',NULL,NULL,NULL,NULL,NULL,NULL,151,'CDDB2221-A195-4505-8E10-B3AB3DD5B37D',2,'A3B9F889-A539-4600-A99C-8BB2B3D5DA17'),(723,'长度',NULL,NULL,NULL,NULL,NULL,NULL,151,'CDDB2221-A195-4505-8E10-B3AB3DD5B37D',1,'A3B9F889-A539-4600-A99C-8BB2B3D5DA17'),(724,'系带长',NULL,NULL,NULL,NULL,NULL,NULL,151,'CDDB2221-A195-4505-8E10-B3AB3DD5B37D',3,'A3B9F889-A539-4600-A99C-8BB2B3D5DA17'),(725,'袖长',NULL,NULL,NULL,NULL,NULL,NULL,152,'C70CB947-2C23-4176-878A-B42A3ABA63AE',5,'1018D69C-B6B1-4E4A-960B-ADB54F48A51E'),(726,'衣长',NULL,NULL,NULL,NULL,NULL,NULL,152,'C70CB947-2C23-4176-878A-B42A3ABA63AE',6,'1018D69C-B6B1-4E4A-960B-ADB54F48A51E'),(727,'裤长',NULL,NULL,NULL,NULL,NULL,NULL,152,'C70CB947-2C23-4176-878A-B42A3ABA63AE',10,'1018D69C-B6B1-4E4A-960B-ADB54F48A51E'),(728,'肩宽',NULL,NULL,NULL,NULL,NULL,NULL,152,'C70CB947-2C23-4176-878A-B42A3ABA63AE',1,'1018D69C-B6B1-4E4A-960B-ADB54F48A51E'),(729,'臀围（周长）',NULL,NULL,NULL,NULL,NULL,NULL,152,'C70CB947-2C23-4176-878A-B42A3ABA63AE',8,'1018D69C-B6B1-4E4A-960B-ADB54F48A51E'),(730,'下摆围（周长）',NULL,NULL,NULL,NULL,NULL,NULL,152,'C70CB947-2C23-4176-878A-B42A3ABA63AE',4,'1018D69C-B6B1-4E4A-960B-ADB54F48A51E'),(731,'中国码',NULL,NULL,NULL,NULL,NULL,NULL,152,'C70CB947-2C23-4176-878A-B42A3ABA63AE',11,'1018D69C-B6B1-4E4A-960B-ADB54F48A51E'),(732,'胸围（周长）',NULL,NULL,NULL,NULL,NULL,NULL,152,'C70CB947-2C23-4176-878A-B42A3ABA63AE',2,'1018D69C-B6B1-4E4A-960B-ADB54F48A51E'),(733,'前立裆',NULL,NULL,NULL,NULL,NULL,NULL,152,'C70CB947-2C23-4176-878A-B42A3ABA63AE',9,'1018D69C-B6B1-4E4A-960B-ADB54F48A51E'),(734,'腰围（周长）',NULL,NULL,NULL,NULL,NULL,NULL,152,'C70CB947-2C23-4176-878A-B42A3ABA63AE',3,'1018D69C-B6B1-4E4A-960B-ADB54F48A51E'),(735,'裤腰围（周长）',NULL,NULL,NULL,NULL,NULL,NULL,152,'C70CB947-2C23-4176-878A-B42A3ABA63AE',7,'1018D69C-B6B1-4E4A-960B-ADB54F48A51E'),(736,'袖长',NULL,NULL,NULL,NULL,NULL,NULL,153,'52BAC458-E218-4505-98C4-B48EACDCCFDD',6,'0BCBF9AE-1E59-4BD3-8FE5-1545C95313D0'),(737,'肩宽',NULL,NULL,NULL,NULL,NULL,NULL,153,'52BAC458-E218-4505-98C4-B48EACDCCFDD',1,'0BCBF9AE-1E59-4BD3-8FE5-1545C95313D0'),(738,'衣长',NULL,NULL,NULL,NULL,NULL,NULL,153,'52BAC458-E218-4505-98C4-B48EACDCCFDD',5,'0BCBF9AE-1E59-4BD3-8FE5-1545C95313D0'),(739,'袖口围(周长)',NULL,NULL,NULL,NULL,NULL,NULL,153,'52BAC458-E218-4505-98C4-B48EACDCCFDD',7,'0BCBF9AE-1E59-4BD3-8FE5-1545C95313D0'),(740,'胸围(周长)',NULL,NULL,NULL,NULL,NULL,NULL,153,'52BAC458-E218-4505-98C4-B48EACDCCFDD',2,'0BCBF9AE-1E59-4BD3-8FE5-1545C95313D0'),(741,'中国码',NULL,NULL,NULL,NULL,NULL,NULL,153,'52BAC458-E218-4505-98C4-B48EACDCCFDD',8,'0BCBF9AE-1E59-4BD3-8FE5-1545C95313D0'),(742,'领围(周长)',NULL,NULL,NULL,NULL,NULL,NULL,153,'52BAC458-E218-4505-98C4-B48EACDCCFDD',4,'0BCBF9AE-1E59-4BD3-8FE5-1545C95313D0'),(743,'腰围(周长)',NULL,NULL,NULL,NULL,NULL,NULL,153,'52BAC458-E218-4505-98C4-B48EACDCCFDD',3,'0BCBF9AE-1E59-4BD3-8FE5-1545C95313D0'),(744,'内长',NULL,NULL,NULL,NULL,NULL,NULL,154,'800EA2C1-B252-4619-8A63-B502A865DC21',2,'6477FA9D-89A2-46A8-956D-93810174D0E6'),(745,'鞋宽',NULL,NULL,NULL,NULL,NULL,NULL,154,'800EA2C1-B252-4619-8A63-B502A865DC21',3,'6477FA9D-89A2-46A8-956D-93810174D0E6'),(746,'鞋跟高',NULL,NULL,NULL,NULL,NULL,NULL,154,'800EA2C1-B252-4619-8A63-B502A865DC21',1,'6477FA9D-89A2-46A8-956D-93810174D0E6'),(747,'中国码',NULL,NULL,NULL,NULL,NULL,NULL,154,'800EA2C1-B252-4619-8A63-B502A865DC21',4,'6477FA9D-89A2-46A8-956D-93810174D0E6'),(748,'脚踝围(周长)',NULL,NULL,NULL,NULL,NULL,NULL,155,'1946DDF1-2A77-45D0-B7DA-BAC5E61AE138',3,'03524953-BB55-474F-A039-640EA5157F4F'),(749,'鞋宽',NULL,NULL,NULL,NULL,NULL,NULL,155,'1946DDF1-2A77-45D0-B7DA-BAC5E61AE138',7,'03524953-BB55-474F-A039-640EA5157F4F'),(750,'内长',NULL,NULL,NULL,NULL,NULL,NULL,155,'1946DDF1-2A77-45D0-B7DA-BAC5E61AE138',6,'03524953-BB55-474F-A039-640EA5157F4F'),(751,'防水台',NULL,NULL,NULL,NULL,NULL,NULL,155,'1946DDF1-2A77-45D0-B7DA-BAC5E61AE138',5,'03524953-BB55-474F-A039-640EA5157F4F'),(752,'鞋跟',NULL,NULL,NULL,NULL,NULL,NULL,155,'1946DDF1-2A77-45D0-B7DA-BAC5E61AE138',4,'03524953-BB55-474F-A039-640EA5157F4F'),(753,'筒围(周长)',NULL,NULL,NULL,NULL,NULL,NULL,155,'1946DDF1-2A77-45D0-B7DA-BAC5E61AE138',2,'03524953-BB55-474F-A039-640EA5157F4F'),(754,'中国码',NULL,NULL,NULL,NULL,NULL,NULL,155,'1946DDF1-2A77-45D0-B7DA-BAC5E61AE138',8,'03524953-BB55-474F-A039-640EA5157F4F'),(755,'筒高',NULL,NULL,NULL,NULL,NULL,NULL,155,'1946DDF1-2A77-45D0-B7DA-BAC5E61AE138',1,'03524953-BB55-474F-A039-640EA5157F4F'),(756,'肩带宽度',NULL,NULL,NULL,NULL,NULL,NULL,156,'BDAFB665-A6E1-4AAE-AD8C-BADEEEBBDBA8',6,'D4ADF8A3-CFA4-4541-9C7D-341A6896CE0C'),(757,'提把高',NULL,NULL,NULL,NULL,NULL,NULL,156,'BDAFB665-A6E1-4AAE-AD8C-BADEEEBBDBA8',4,'D4ADF8A3-CFA4-4541-9C7D-341A6896CE0C'),(758,'肩带长度',NULL,NULL,NULL,NULL,NULL,NULL,156,'BDAFB665-A6E1-4AAE-AD8C-BADEEEBBDBA8',5,'D4ADF8A3-CFA4-4541-9C7D-341A6896CE0C'),(759,'厚度',NULL,NULL,NULL,NULL,NULL,NULL,156,'BDAFB665-A6E1-4AAE-AD8C-BADEEEBBDBA8',3,'D4ADF8A3-CFA4-4541-9C7D-341A6896CE0C'),(760,'宽度',NULL,NULL,NULL,NULL,NULL,NULL,156,'BDAFB665-A6E1-4AAE-AD8C-BADEEEBBDBA8',1,'D4ADF8A3-CFA4-4541-9C7D-341A6896CE0C'),(761,'高度',NULL,NULL,NULL,NULL,NULL,NULL,156,'BDAFB665-A6E1-4AAE-AD8C-BADEEEBBDBA8',2,'D4ADF8A3-CFA4-4541-9C7D-341A6896CE0C'),(762,'筒高',NULL,NULL,NULL,NULL,NULL,NULL,157,'780AE8F9-6D9A-4474-B92C-BB0AC6BE02A4',2,'8C596E58-EC4D-468A-A7EF-FF874D920B54'),(763,'袜长',NULL,NULL,NULL,NULL,NULL,NULL,157,'780AE8F9-6D9A-4474-B92C-BB0AC6BE02A4',1,'8C596E58-EC4D-468A-A7EF-FF874D920B54'),(764,'直径',NULL,NULL,NULL,NULL,NULL,NULL,158,'6D54BD06-2189-41CF-9C3E-BDA08B3B1393',2,'22FD3AD1-2468-4E08-9026-742CF9220EEC'),(765,'长度',NULL,NULL,NULL,NULL,NULL,NULL,158,'6D54BD06-2189-41CF-9C3E-BDA08B3B1393',1,'22FD3AD1-2468-4E08-9026-742CF9220EEC'),(766,'下摆围(周长)',NULL,NULL,NULL,NULL,NULL,NULL,159,'8C2F7B79-2288-4F6E-B40D-BFB53B8395A9',4,'1D4A7BE3-1341-45D8-A04B-1F04E944CFB0'),(767,'胸围(周长)',NULL,NULL,NULL,NULL,NULL,NULL,159,'8C2F7B79-2288-4F6E-B40D-BFB53B8395A9',2,'1D4A7BE3-1341-45D8-A04B-1F04E944CFB0'),(768,'衣长',NULL,NULL,NULL,NULL,NULL,NULL,159,'8C2F7B79-2288-4F6E-B40D-BFB53B8395A9',5,'1D4A7BE3-1341-45D8-A04B-1F04E944CFB0'),(769,'中国码',NULL,NULL,NULL,NULL,NULL,NULL,159,'8C2F7B79-2288-4F6E-B40D-BFB53B8395A9',7,'1D4A7BE3-1341-45D8-A04B-1F04E944CFB0'),(770,'肩宽',NULL,NULL,NULL,NULL,NULL,NULL,159,'8C2F7B79-2288-4F6E-B40D-BFB53B8395A9',1,'1D4A7BE3-1341-45D8-A04B-1F04E944CFB0'),(771,'袖长',NULL,NULL,NULL,NULL,NULL,NULL,159,'8C2F7B79-2288-4F6E-B40D-BFB53B8395A9',6,'1D4A7BE3-1341-45D8-A04B-1F04E944CFB0'),(772,'腰围(周长)',NULL,NULL,NULL,NULL,NULL,NULL,159,'8C2F7B79-2288-4F6E-B40D-BFB53B8395A9',3,'1D4A7BE3-1341-45D8-A04B-1F04E944CFB0'),(773,'鞋跟高',NULL,NULL,NULL,NULL,NULL,NULL,160,'44E71FEF-2396-4E18-BC0C-C004F20493D5',1,'47597A31-3B97-46C5-B280-F8044FB79BCE'),(774,'内长',NULL,NULL,NULL,NULL,NULL,NULL,160,'44E71FEF-2396-4E18-BC0C-C004F20493D5',3,'47597A31-3B97-46C5-B280-F8044FB79BCE'),(775,'中国码',NULL,NULL,NULL,NULL,NULL,NULL,160,'44E71FEF-2396-4E18-BC0C-C004F20493D5',5,'47597A31-3B97-46C5-B280-F8044FB79BCE'),(776,'鞋宽',NULL,NULL,NULL,NULL,NULL,NULL,160,'44E71FEF-2396-4E18-BC0C-C004F20493D5',4,'47597A31-3B97-46C5-B280-F8044FB79BCE'),(777,'鞋帮高',NULL,NULL,NULL,NULL,NULL,NULL,160,'44E71FEF-2396-4E18-BC0C-C004F20493D5',2,'47597A31-3B97-46C5-B280-F8044FB79BCE'),(778,'系带宽',NULL,NULL,NULL,NULL,NULL,NULL,161,'2376660C-B00A-4562-85D3-C00B92A8F91E',4,'A3B9F889-A539-4600-A99C-8BB2B3D5DA17'),(779,'宽度',NULL,NULL,NULL,NULL,NULL,NULL,161,'2376660C-B00A-4562-85D3-C00B92A8F91E',2,'A3B9F889-A539-4600-A99C-8BB2B3D5DA17'),(780,'长度',NULL,NULL,NULL,NULL,NULL,NULL,161,'2376660C-B00A-4562-85D3-C00B92A8F91E',1,'A3B9F889-A539-4600-A99C-8BB2B3D5DA17'),(781,'系带长',NULL,NULL,NULL,NULL,NULL,NULL,161,'2376660C-B00A-4562-85D3-C00B92A8F91E',3,'A3B9F889-A539-4600-A99C-8BB2B3D5DA17'),(782,'内长',NULL,NULL,NULL,NULL,NULL,NULL,162,'FF2F8D46-7800-445F-97F1-C04F500BCBCF',2,'6477FA9D-89A2-46A8-956D-93810174D0E6'),(783,'鞋宽',NULL,NULL,NULL,NULL,NULL,NULL,162,'FF2F8D46-7800-445F-97F1-C04F500BCBCF',3,'6477FA9D-89A2-46A8-956D-93810174D0E6'),(784,'鞋跟高',NULL,NULL,NULL,NULL,NULL,NULL,162,'FF2F8D46-7800-445F-97F1-C04F500BCBCF',1,'6477FA9D-89A2-46A8-956D-93810174D0E6'),(785,'中国码',NULL,NULL,NULL,NULL,NULL,NULL,162,'FF2F8D46-7800-445F-97F1-C04F500BCBCF',4,'6477FA9D-89A2-46A8-956D-93810174D0E6'),(786,'筒高',NULL,NULL,NULL,NULL,NULL,NULL,163,'074B0EA3-52E4-4F1D-9149-C0D78863683F',2,'8C596E58-EC4D-468A-A7EF-FF874D920B54'),(787,'袜长',NULL,NULL,NULL,NULL,NULL,NULL,163,'074B0EA3-52E4-4F1D-9149-C0D78863683F',1,'8C596E58-EC4D-468A-A7EF-FF874D920B54'),(788,'腰围',NULL,NULL,NULL,NULL,NULL,NULL,164,'FAFE9548-6306-4477-8268-C1FCFF09A235',3,'EEB06EEE-5A0B-401E-912F-3FC296FE1DC0'),(789,'肩宽',NULL,NULL,NULL,NULL,NULL,NULL,164,'FAFE9548-6306-4477-8268-C1FCFF09A235',1,'EEB06EEE-5A0B-401E-912F-3FC296FE1DC0'),(790,'胸围',NULL,NULL,NULL,NULL,NULL,NULL,164,'FAFE9548-6306-4477-8268-C1FCFF09A235',2,'EEB06EEE-5A0B-401E-912F-3FC296FE1DC0'),(791,'中国码',NULL,NULL,NULL,NULL,NULL,NULL,164,'FAFE9548-6306-4477-8268-C1FCFF09A235',7,'EEB06EEE-5A0B-401E-912F-3FC296FE1DC0'),(792,'下摆围',NULL,NULL,NULL,NULL,NULL,NULL,164,'FAFE9548-6306-4477-8268-C1FCFF09A235',4,'EEB06EEE-5A0B-401E-912F-3FC296FE1DC0'),(793,'衣长',NULL,NULL,NULL,NULL,NULL,NULL,164,'FAFE9548-6306-4477-8268-C1FCFF09A235',5,'EEB06EEE-5A0B-401E-912F-3FC296FE1DC0'),(794,'袖长',NULL,NULL,NULL,NULL,NULL,NULL,164,'FAFE9548-6306-4477-8268-C1FCFF09A235',6,'EEB06EEE-5A0B-401E-912F-3FC296FE1DC0'),(795,'中国码',NULL,NULL,NULL,NULL,NULL,NULL,165,'A135640D-1F2C-4D8E-BCA3-C385A91F3974',7,'F77B05C8-BA34-4E52-9DF9-BFDE96A664D0'),(796,'裤脚围(周长)',NULL,NULL,NULL,NULL,NULL,NULL,165,'A135640D-1F2C-4D8E-BCA3-C385A91F3974',6,'F77B05C8-BA34-4E52-9DF9-BFDE96A664D0'),(797,'臀围(周长)',NULL,NULL,NULL,NULL,NULL,NULL,165,'A135640D-1F2C-4D8E-BCA3-C385A91F3974',2,'F77B05C8-BA34-4E52-9DF9-BFDE96A664D0'),(798,'裤腰围(周长)',NULL,NULL,NULL,NULL,NULL,NULL,165,'A135640D-1F2C-4D8E-BCA3-C385A91F3974',1,'F77B05C8-BA34-4E52-9DF9-BFDE96A664D0'),(799,'裤长',NULL,NULL,NULL,NULL,NULL,NULL,165,'A135640D-1F2C-4D8E-BCA3-C385A91F3974',5,'F77B05C8-BA34-4E52-9DF9-BFDE96A664D0'),(800,'大腿围',NULL,NULL,NULL,NULL,NULL,NULL,165,'A135640D-1F2C-4D8E-BCA3-C385A91F3974',4,'F77B05C8-BA34-4E52-9DF9-BFDE96A664D0'),(801,'前立裆',NULL,NULL,NULL,NULL,NULL,NULL,165,'A135640D-1F2C-4D8E-BCA3-C385A91F3974',3,'F77B05C8-BA34-4E52-9DF9-BFDE96A664D0'),(802,'跟高',NULL,NULL,NULL,NULL,NULL,NULL,166,'2E1FB0D8-7A18-46B1-8EA5-C39CED029B7A',1,'D2EF2FD2-7783-4DC4-A3E4-169C07CAED2F'),(803,'内长',NULL,NULL,NULL,NULL,NULL,NULL,166,'2E1FB0D8-7A18-46B1-8EA5-C39CED029B7A',3,'D2EF2FD2-7783-4DC4-A3E4-169C07CAED2F'),(804,'防水台',NULL,NULL,NULL,NULL,NULL,NULL,166,'2E1FB0D8-7A18-46B1-8EA5-C39CED029B7A',2,'D2EF2FD2-7783-4DC4-A3E4-169C07CAED2F'),(805,'鞋宽',NULL,NULL,NULL,NULL,NULL,NULL,166,'2E1FB0D8-7A18-46B1-8EA5-C39CED029B7A',4,'D2EF2FD2-7783-4DC4-A3E4-169C07CAED2F'),(806,'中国码',NULL,NULL,NULL,NULL,NULL,NULL,166,'2E1FB0D8-7A18-46B1-8EA5-C39CED029B7A',5,'D2EF2FD2-7783-4DC4-A3E4-169C07CAED2F'),(807,'袖长',NULL,NULL,NULL,NULL,NULL,NULL,168,'92F2D920-1B3F-4C97-9674-C52145F269E8',6,'89448EA5-A31D-4023-9F9A-0E48F9B1686B'),(808,'肩宽',NULL,NULL,NULL,NULL,NULL,NULL,168,'92F2D920-1B3F-4C97-9674-C52145F269E8',1,'89448EA5-A31D-4023-9F9A-0E48F9B1686B'),(809,'腰围(周长)',NULL,NULL,NULL,NULL,NULL,NULL,168,'92F2D920-1B3F-4C97-9674-C52145F269E8',3,'89448EA5-A31D-4023-9F9A-0E48F9B1686B'),(810,'中国码',NULL,NULL,NULL,NULL,NULL,NULL,168,'92F2D920-1B3F-4C97-9674-C52145F269E8',7,'89448EA5-A31D-4023-9F9A-0E48F9B1686B'),(811,'衣长',NULL,NULL,NULL,NULL,NULL,NULL,168,'92F2D920-1B3F-4C97-9674-C52145F269E8',5,'89448EA5-A31D-4023-9F9A-0E48F9B1686B'),(812,'下摆围(周长)',NULL,NULL,NULL,NULL,NULL,NULL,168,'92F2D920-1B3F-4C97-9674-C52145F269E8',4,'89448EA5-A31D-4023-9F9A-0E48F9B1686B'),(813,'胸围(周长)',NULL,NULL,NULL,NULL,NULL,NULL,168,'92F2D920-1B3F-4C97-9674-C52145F269E8',2,'89448EA5-A31D-4023-9F9A-0E48F9B1686B'),(814,'高度',NULL,NULL,NULL,NULL,NULL,NULL,169,'7B814EB4-7482-4A47-81D8-C819454A83A7',3,'5A31C3E9-9B25-4EFC-B2BB-AF7F3DD0D4D6'),(815,'距地面高',NULL,NULL,NULL,NULL,NULL,NULL,169,'7B814EB4-7482-4A47-81D8-C819454A83A7',5,'5A31C3E9-9B25-4EFC-B2BB-AF7F3DD0D4D6'),(816,'宽度',NULL,NULL,NULL,NULL,NULL,NULL,169,'7B814EB4-7482-4A47-81D8-C819454A83A7',2,'5A31C3E9-9B25-4EFC-B2BB-AF7F3DD0D4D6'),(817,'长度',NULL,NULL,NULL,NULL,NULL,NULL,169,'7B814EB4-7482-4A47-81D8-C819454A83A7',1,'5A31C3E9-9B25-4EFC-B2BB-AF7F3DD0D4D6'),(818,'深度',NULL,NULL,NULL,NULL,NULL,NULL,169,'7B814EB4-7482-4A47-81D8-C819454A83A7',4,'5A31C3E9-9B25-4EFC-B2BB-AF7F3DD0D4D6'),(819,'跟高',NULL,NULL,NULL,NULL,NULL,NULL,170,'F6AC5B12-EBF2-4765-A8AD-C918D86D3F6D',1,'D2EF2FD2-7783-4DC4-A3E4-169C07CAED2F'),(820,'内长',NULL,NULL,NULL,NULL,NULL,NULL,170,'F6AC5B12-EBF2-4765-A8AD-C918D86D3F6D',3,'D2EF2FD2-7783-4DC4-A3E4-169C07CAED2F'),(821,'防水台',NULL,NULL,NULL,NULL,NULL,NULL,170,'F6AC5B12-EBF2-4765-A8AD-C918D86D3F6D',2,'D2EF2FD2-7783-4DC4-A3E4-169C07CAED2F'),(822,'鞋宽',NULL,NULL,NULL,NULL,NULL,NULL,170,'F6AC5B12-EBF2-4765-A8AD-C918D86D3F6D',4,'D2EF2FD2-7783-4DC4-A3E4-169C07CAED2F'),(823,'中国码',NULL,NULL,NULL,NULL,NULL,NULL,170,'F6AC5B12-EBF2-4765-A8AD-C918D86D3F6D',5,'D2EF2FD2-7783-4DC4-A3E4-169C07CAED2F'),(824,'长度',NULL,NULL,NULL,NULL,NULL,NULL,172,'AB1E2EAC-4ABC-4876-AADF-CACA08E9E5DC',1,'A11E9A33-177E-4D18-99F1-28E5685C56AE'),(825,'宽度',NULL,NULL,NULL,NULL,NULL,NULL,172,'AB1E2EAC-4ABC-4876-AADF-CACA08E9E5DC',2,'A11E9A33-177E-4D18-99F1-28E5685C56AE'),(826,'臀围(周长)',NULL,NULL,NULL,NULL,NULL,NULL,173,'07A49811-1C26-400B-8810-CC0348ECFD4B',4,'FFC692C8-1DBA-4AA5-BD09-FD8A6DEEFA31'),(827,'腰围(周长)',NULL,NULL,NULL,NULL,NULL,NULL,173,'07A49811-1C26-400B-8810-CC0348ECFD4B',3,'FFC692C8-1DBA-4AA5-BD09-FD8A6DEEFA31'),(828,'肩宽',NULL,NULL,NULL,NULL,NULL,NULL,173,'07A49811-1C26-400B-8810-CC0348ECFD4B',1,'FFC692C8-1DBA-4AA5-BD09-FD8A6DEEFA31'),(829,'袖长',NULL,NULL,NULL,NULL,NULL,NULL,173,'07A49811-1C26-400B-8810-CC0348ECFD4B',7,'FFC692C8-1DBA-4AA5-BD09-FD8A6DEEFA31'),(830,'中国码',NULL,NULL,NULL,NULL,NULL,NULL,173,'07A49811-1C26-400B-8810-CC0348ECFD4B',10,'FFC692C8-1DBA-4AA5-BD09-FD8A6DEEFA31'),(831,'上衣长',NULL,NULL,NULL,NULL,NULL,NULL,173,'07A49811-1C26-400B-8810-CC0348ECFD4B',8,'FFC692C8-1DBA-4AA5-BD09-FD8A6DEEFA31'),(832,'裤脚围(周长)',NULL,NULL,NULL,NULL,NULL,NULL,173,'07A49811-1C26-400B-8810-CC0348ECFD4B',5,'FFC692C8-1DBA-4AA5-BD09-FD8A6DEEFA31'),(833,'胸围(周长)',NULL,NULL,NULL,NULL,NULL,NULL,173,'07A49811-1C26-400B-8810-CC0348ECFD4B',2,'FFC692C8-1DBA-4AA5-BD09-FD8A6DEEFA31'),(834,'裤长',NULL,NULL,NULL,NULL,NULL,NULL,173,'07A49811-1C26-400B-8810-CC0348ECFD4B',9,'FFC692C8-1DBA-4AA5-BD09-FD8A6DEEFA31'),(835,'前立裆',NULL,NULL,NULL,NULL,NULL,NULL,173,'07A49811-1C26-400B-8810-CC0348ECFD4B',6,'FFC692C8-1DBA-4AA5-BD09-FD8A6DEEFA31'),(836,'厚度',NULL,NULL,NULL,NULL,NULL,NULL,174,'D0127A90-544B-4201-9FBE-CCE0915A3881',3,'B6918CED-7372-4388-8662-CD7C1769C73D'),(837,'宽度',NULL,NULL,NULL,NULL,NULL,NULL,174,'D0127A90-544B-4201-9FBE-CCE0915A3881',2,'B6918CED-7372-4388-8662-CD7C1769C73D'),(838,'高度',NULL,NULL,NULL,NULL,NULL,NULL,174,'D0127A90-544B-4201-9FBE-CCE0915A3881',1,'B6918CED-7372-4388-8662-CD7C1769C73D'),(839,'裤腰围（周长）',NULL,NULL,NULL,NULL,NULL,NULL,175,'01B610F4-5C39-49D7-BB00-CDAA92426510',8,'8879ABBA-8C05-4534-8386-5CF2C893D406'),(840,'肩宽',NULL,NULL,NULL,NULL,NULL,NULL,175,'01B610F4-5C39-49D7-BB00-CDAA92426510',1,'8879ABBA-8C05-4534-8386-5CF2C893D406'),(841,'腰围(周长)',NULL,NULL,NULL,NULL,NULL,NULL,175,'01B610F4-5C39-49D7-BB00-CDAA92426510',3,'8879ABBA-8C05-4534-8386-5CF2C893D406'),(842,'下摆围(周长)',NULL,NULL,NULL,NULL,NULL,NULL,175,'01B610F4-5C39-49D7-BB00-CDAA92426510',4,'8879ABBA-8C05-4534-8386-5CF2C893D406'),(843,'裤脚围(周长)',NULL,NULL,NULL,NULL,NULL,NULL,175,'01B610F4-5C39-49D7-BB00-CDAA92426510',10,'8879ABBA-8C05-4534-8386-5CF2C893D406'),(844,'袖长',NULL,NULL,NULL,NULL,NULL,NULL,175,'01B610F4-5C39-49D7-BB00-CDAA92426510',6,'8879ABBA-8C05-4534-8386-5CF2C893D406'),(845,'衣长',NULL,NULL,NULL,NULL,NULL,NULL,175,'01B610F4-5C39-49D7-BB00-CDAA92426510',5,'8879ABBA-8C05-4534-8386-5CF2C893D406'),(846,'臀围(周长)',NULL,NULL,NULL,NULL,NULL,NULL,175,'01B610F4-5C39-49D7-BB00-CDAA92426510',9,'8879ABBA-8C05-4534-8386-5CF2C893D406'),(847,'胸围(周长)',NULL,NULL,NULL,NULL,NULL,NULL,175,'01B610F4-5C39-49D7-BB00-CDAA92426510',2,'8879ABBA-8C05-4534-8386-5CF2C893D406'),(848,'中国码',NULL,NULL,NULL,NULL,NULL,NULL,175,'01B610F4-5C39-49D7-BB00-CDAA92426510',11,'8879ABBA-8C05-4534-8386-5CF2C893D406'),(849,'裤长',NULL,NULL,NULL,NULL,NULL,NULL,175,'01B610F4-5C39-49D7-BB00-CDAA92426510',7,'8879ABBA-8C05-4534-8386-5CF2C893D406'),(850,'宽度',NULL,NULL,NULL,NULL,NULL,NULL,177,'809C3645-D22A-4427-A3FD-CE795A4ADD08',2,'7590A392-2744-4C6A-95C8-B9B68045B8C1'),(851,'长度',NULL,NULL,NULL,NULL,NULL,NULL,177,'809C3645-D22A-4427-A3FD-CE795A4ADD08',1,'7590A392-2744-4C6A-95C8-B9B68045B8C1'),(852,'厚度',NULL,NULL,NULL,NULL,NULL,NULL,177,'809C3645-D22A-4427-A3FD-CE795A4ADD08',3,'7590A392-2744-4C6A-95C8-B9B68045B8C1'),(853,'厚度',NULL,NULL,NULL,NULL,NULL,NULL,178,'34F32CC3-011C-42E0-9431-CE7D0B2C8C93',3,'B6918CED-7372-4388-8662-CD7C1769C73D'),(854,'宽度',NULL,NULL,NULL,NULL,NULL,NULL,178,'34F32CC3-011C-42E0-9431-CE7D0B2C8C93',2,'B6918CED-7372-4388-8662-CD7C1769C73D'),(855,'高度',NULL,NULL,NULL,NULL,NULL,NULL,178,'34F32CC3-011C-42E0-9431-CE7D0B2C8C93',1,'B6918CED-7372-4388-8662-CD7C1769C73D'),(856,'镜片宽度',NULL,NULL,NULL,NULL,NULL,NULL,179,'1886AB15-EAC6-489E-B45C-CF3B36A34519',4,'70B102D1-7B0A-436B-908B-A32EEA369C15'),(857,'镜脚长度',NULL,NULL,NULL,NULL,NULL,NULL,179,'1886AB15-EAC6-489E-B45C-CF3B36A34519',5,'70B102D1-7B0A-436B-908B-A32EEA369C15'),(858,'鼻梁宽度',NULL,NULL,NULL,NULL,NULL,NULL,179,'1886AB15-EAC6-489E-B45C-CF3B36A34519',2,'70B102D1-7B0A-436B-908B-A32EEA369C15'),(859,'总宽度',NULL,NULL,NULL,NULL,NULL,NULL,179,'1886AB15-EAC6-489E-B45C-CF3B36A34519',1,'70B102D1-7B0A-436B-908B-A32EEA369C15'),(860,'总高度',NULL,NULL,NULL,NULL,NULL,NULL,179,'1886AB15-EAC6-489E-B45C-CF3B36A34519',3,'70B102D1-7B0A-436B-908B-A32EEA369C15'),(861,'宽度',NULL,NULL,NULL,NULL,NULL,NULL,180,'BF72CF27-878E-405F-9449-D3159B9B4BB4',1,'62CB1CA1-C029-40F0-BC20-B8933B308C4E'),(862,'肩带宽度',NULL,NULL,NULL,NULL,NULL,NULL,180,'BF72CF27-878E-405F-9449-D3159B9B4BB4',6,'62CB1CA1-C029-40F0-BC20-B8933B308C4E'),(863,'提把高',NULL,NULL,NULL,NULL,NULL,NULL,180,'BF72CF27-878E-405F-9449-D3159B9B4BB4',4,'62CB1CA1-C029-40F0-BC20-B8933B308C4E'),(864,'厚度',NULL,NULL,NULL,NULL,NULL,NULL,180,'BF72CF27-878E-405F-9449-D3159B9B4BB4',3,'62CB1CA1-C029-40F0-BC20-B8933B308C4E'),(865,'肩带长度',NULL,NULL,NULL,NULL,NULL,NULL,180,'BF72CF27-878E-405F-9449-D3159B9B4BB4',5,'62CB1CA1-C029-40F0-BC20-B8933B308C4E'),(866,'高度',NULL,NULL,NULL,NULL,NULL,NULL,180,'BF72CF27-878E-405F-9449-D3159B9B4BB4',2,'62CB1CA1-C029-40F0-BC20-B8933B308C4E'),(867,'腰围(周长)',NULL,NULL,NULL,NULL,NULL,NULL,181,'9D726201-DFD6-43A4-B70C-D34B28906F33',3,'4BC4302C-5772-4F98-BB48-52617A58BBBC'),(868,'下摆围(周长)',NULL,NULL,NULL,NULL,NULL,NULL,181,'9D726201-DFD6-43A4-B70C-D34B28906F33',4,'4BC4302C-5772-4F98-BB48-52617A58BBBC'),(869,'袖长',NULL,NULL,NULL,NULL,NULL,NULL,181,'9D726201-DFD6-43A4-B70C-D34B28906F33',6,'4BC4302C-5772-4F98-BB48-52617A58BBBC'),(870,'胸围(周长)',NULL,NULL,NULL,NULL,NULL,NULL,181,'9D726201-DFD6-43A4-B70C-D34B28906F33',2,'4BC4302C-5772-4F98-BB48-52617A58BBBC'),(871,'衣长',NULL,NULL,NULL,NULL,NULL,NULL,181,'9D726201-DFD6-43A4-B70C-D34B28906F33',5,'4BC4302C-5772-4F98-BB48-52617A58BBBC'),(872,'中国码',NULL,NULL,NULL,NULL,NULL,NULL,181,'9D726201-DFD6-43A4-B70C-D34B28906F33',7,'4BC4302C-5772-4F98-BB48-52617A58BBBC'),(873,'肩宽',NULL,NULL,NULL,NULL,NULL,NULL,181,'9D726201-DFD6-43A4-B70C-D34B28906F33',1,'4BC4302C-5772-4F98-BB48-52617A58BBBC'),(874,'鞋宽',NULL,NULL,NULL,NULL,NULL,NULL,182,'BDC8D122-D804-4B92-9DFE-D526EAF51E3B',4,'C2BE7484-81AB-4DCB-B829-F720525B93F4'),(875,'鞋帮高',NULL,NULL,NULL,NULL,NULL,NULL,182,'BDC8D122-D804-4B92-9DFE-D526EAF51E3B',2,'C2BE7484-81AB-4DCB-B829-F720525B93F4'),(876,'中国码',NULL,NULL,NULL,NULL,NULL,NULL,182,'BDC8D122-D804-4B92-9DFE-D526EAF51E3B',5,'C2BE7484-81AB-4DCB-B829-F720525B93F4'),(877,'内长',NULL,NULL,NULL,NULL,NULL,NULL,182,'BDC8D122-D804-4B92-9DFE-D526EAF51E3B',3,'C2BE7484-81AB-4DCB-B829-F720525B93F4'),(878,'鞋跟高',NULL,NULL,NULL,NULL,NULL,NULL,182,'BDC8D122-D804-4B92-9DFE-D526EAF51E3B',1,'C2BE7484-81AB-4DCB-B829-F720525B93F4'),(879,'长度',NULL,NULL,NULL,NULL,NULL,NULL,183,'3EDC155B-C2BA-4219-8E57-D6E1F49B2814',1,'A11E9A33-177E-4D18-99F1-28E5685C56AE'),(880,'宽度',NULL,NULL,NULL,NULL,NULL,NULL,183,'3EDC155B-C2BA-4219-8E57-D6E1F49B2814',2,'A11E9A33-177E-4D18-99F1-28E5685C56AE'),(881,'鞋宽',NULL,NULL,NULL,NULL,NULL,NULL,184,'0C17D09A-3E0A-4A37-AEB3-D7246DDC8412',4,'8CDA2CA0-9687-48F5-81AC-F245440776F9'),(882,'内长',NULL,NULL,NULL,NULL,NULL,NULL,184,'0C17D09A-3E0A-4A37-AEB3-D7246DDC8412',3,'8CDA2CA0-9687-48F5-81AC-F245440776F9'),(883,'鞋跟高',NULL,NULL,NULL,NULL,NULL,NULL,184,'0C17D09A-3E0A-4A37-AEB3-D7246DDC8412',1,'8CDA2CA0-9687-48F5-81AC-F245440776F9'),(884,'中国码',NULL,NULL,NULL,NULL,NULL,NULL,184,'0C17D09A-3E0A-4A37-AEB3-D7246DDC8412',5,'8CDA2CA0-9687-48F5-81AC-F245440776F9'),(885,'鞋帮高',NULL,NULL,NULL,NULL,NULL,NULL,184,'0C17D09A-3E0A-4A37-AEB3-D7246DDC8412',2,'8CDA2CA0-9687-48F5-81AC-F245440776F9'),(886,'中国码',NULL,NULL,NULL,NULL,NULL,NULL,185,'26969070-CD83-4905-BAAA-D72ACC84DA30',3,'E6D9D190-1357-4FDB-A605-DD07C973B77B'),(887,'腰围',NULL,NULL,NULL,NULL,NULL,NULL,185,'26969070-CD83-4905-BAAA-D72ACC84DA30',1,'E6D9D190-1357-4FDB-A605-DD07C973B77B'),(888,'立裆深度',NULL,NULL,NULL,NULL,NULL,NULL,185,'26969070-CD83-4905-BAAA-D72ACC84DA30',2,'E6D9D190-1357-4FDB-A605-DD07C973B77B'),(889,'袖长',NULL,NULL,NULL,NULL,NULL,NULL,186,'0FB54922-1E3B-496D-AA2C-D77202E46A4B',6,'89448EA5-A31D-4023-9F9A-0E48F9B1686B'),(890,'肩宽',NULL,NULL,NULL,NULL,NULL,NULL,186,'0FB54922-1E3B-496D-AA2C-D77202E46A4B',1,'89448EA5-A31D-4023-9F9A-0E48F9B1686B'),(891,'腰围(周长)',NULL,NULL,NULL,NULL,NULL,NULL,186,'0FB54922-1E3B-496D-AA2C-D77202E46A4B',3,'89448EA5-A31D-4023-9F9A-0E48F9B1686B'),(892,'中国码',NULL,NULL,NULL,NULL,NULL,NULL,186,'0FB54922-1E3B-496D-AA2C-D77202E46A4B',7,'89448EA5-A31D-4023-9F9A-0E48F9B1686B'),(893,'衣长',NULL,NULL,NULL,NULL,NULL,NULL,186,'0FB54922-1E3B-496D-AA2C-D77202E46A4B',5,'89448EA5-A31D-4023-9F9A-0E48F9B1686B'),(894,'下摆围(周长)',NULL,NULL,NULL,NULL,NULL,NULL,186,'0FB54922-1E3B-496D-AA2C-D77202E46A4B',4,'89448EA5-A31D-4023-9F9A-0E48F9B1686B'),(895,'胸围(周长)',NULL,NULL,NULL,NULL,NULL,NULL,186,'0FB54922-1E3B-496D-AA2C-D77202E46A4B',2,'89448EA5-A31D-4023-9F9A-0E48F9B1686B'),(896,'跟高',NULL,NULL,NULL,NULL,NULL,NULL,187,'8474A587-E6F9-474C-99CF-D81DF3603CEE',1,'D2EF2FD2-7783-4DC4-A3E4-169C07CAED2F'),(897,'内长',NULL,NULL,NULL,NULL,NULL,NULL,187,'8474A587-E6F9-474C-99CF-D81DF3603CEE',3,'D2EF2FD2-7783-4DC4-A3E4-169C07CAED2F'),(898,'防水台',NULL,NULL,NULL,NULL,NULL,NULL,187,'8474A587-E6F9-474C-99CF-D81DF3603CEE',2,'D2EF2FD2-7783-4DC4-A3E4-169C07CAED2F'),(899,'鞋宽',NULL,NULL,NULL,NULL,NULL,NULL,187,'8474A587-E6F9-474C-99CF-D81DF3603CEE',4,'D2EF2FD2-7783-4DC4-A3E4-169C07CAED2F'),(900,'中国码',NULL,NULL,NULL,NULL,NULL,NULL,187,'8474A587-E6F9-474C-99CF-D81DF3603CEE',5,'D2EF2FD2-7783-4DC4-A3E4-169C07CAED2F'),(901,'直径',NULL,NULL,NULL,NULL,NULL,NULL,188,'B095D5C7-6FE1-40D1-8A9C-D8543280C924',2,'22FD3AD1-2468-4E08-9026-742CF9220EEC'),(902,'长度',NULL,NULL,NULL,NULL,NULL,NULL,188,'B095D5C7-6FE1-40D1-8A9C-D8543280C924',1,'22FD3AD1-2468-4E08-9026-742CF9220EEC'),(903,'脚踝围(周长)',NULL,NULL,NULL,NULL,NULL,NULL,189,'102194B2-C5F5-47A0-A2C5-D8C0B8117A08',3,'03524953-BB55-474F-A039-640EA5157F4F'),(904,'鞋宽',NULL,NULL,NULL,NULL,NULL,NULL,189,'102194B2-C5F5-47A0-A2C5-D8C0B8117A08',7,'03524953-BB55-474F-A039-640EA5157F4F'),(905,'内长',NULL,NULL,NULL,NULL,NULL,NULL,189,'102194B2-C5F5-47A0-A2C5-D8C0B8117A08',6,'03524953-BB55-474F-A039-640EA5157F4F'),(906,'防水台',NULL,NULL,NULL,NULL,NULL,NULL,189,'102194B2-C5F5-47A0-A2C5-D8C0B8117A08',5,'03524953-BB55-474F-A039-640EA5157F4F'),(907,'鞋跟',NULL,NULL,NULL,NULL,NULL,NULL,189,'102194B2-C5F5-47A0-A2C5-D8C0B8117A08',4,'03524953-BB55-474F-A039-640EA5157F4F'),(908,'筒围(周长)',NULL,NULL,NULL,NULL,NULL,NULL,189,'102194B2-C5F5-47A0-A2C5-D8C0B8117A08',2,'03524953-BB55-474F-A039-640EA5157F4F'),(909,'中国码',NULL,NULL,NULL,NULL,NULL,NULL,189,'102194B2-C5F5-47A0-A2C5-D8C0B8117A08',8,'03524953-BB55-474F-A039-640EA5157F4F'),(910,'筒高',NULL,NULL,NULL,NULL,NULL,NULL,189,'102194B2-C5F5-47A0-A2C5-D8C0B8117A08',1,'03524953-BB55-474F-A039-640EA5157F4F'),(911,'衣长',NULL,NULL,NULL,NULL,NULL,NULL,190,'281E2D2F-095C-42C4-B11C-D914270FDE38',5,'0ED87C96-D14D-4AEC-B650-BBE4CEDE91EF'),(912,'腰围（周长）',NULL,NULL,NULL,NULL,NULL,NULL,190,'281E2D2F-095C-42C4-B11C-D914270FDE38',3,'0ED87C96-D14D-4AEC-B650-BBE4CEDE91EF'),(913,'胸围（周长）',NULL,NULL,NULL,NULL,NULL,NULL,190,'281E2D2F-095C-42C4-B11C-D914270FDE38',2,'0ED87C96-D14D-4AEC-B650-BBE4CEDE91EF'),(914,'裤口（周长）',NULL,NULL,NULL,NULL,NULL,NULL,190,'281E2D2F-095C-42C4-B11C-D914270FDE38',7,'0ED87C96-D14D-4AEC-B650-BBE4CEDE91EF'),(915,'中国码',NULL,NULL,NULL,NULL,NULL,NULL,190,'281E2D2F-095C-42C4-B11C-D914270FDE38',8,'0ED87C96-D14D-4AEC-B650-BBE4CEDE91EF'),(916,'肩到裆',NULL,NULL,NULL,NULL,NULL,NULL,190,'281E2D2F-095C-42C4-B11C-D914270FDE38',4,'0ED87C96-D14D-4AEC-B650-BBE4CEDE91EF'),(917,'袖长',NULL,NULL,NULL,NULL,NULL,NULL,190,'281E2D2F-095C-42C4-B11C-D914270FDE38',6,'0ED87C96-D14D-4AEC-B650-BBE4CEDE91EF'),(918,'肩宽',NULL,NULL,NULL,NULL,NULL,NULL,190,'281E2D2F-095C-42C4-B11C-D914270FDE38',1,'0ED87C96-D14D-4AEC-B650-BBE4CEDE91EF'),(919,'腰围(周长)',NULL,NULL,NULL,NULL,NULL,NULL,191,'96032868-1023-477F-AC16-DA0450B3F6E3',3,'9E1A5D97-37D9-444C-80ED-5DA2482FA3F8'),(920,'下摆围(周长)',NULL,NULL,NULL,NULL,NULL,NULL,191,'96032868-1023-477F-AC16-DA0450B3F6E3',4,'9E1A5D97-37D9-444C-80ED-5DA2482FA3F8'),(921,'中国码',NULL,NULL,NULL,NULL,NULL,NULL,191,'96032868-1023-477F-AC16-DA0450B3F6E3',7,'9E1A5D97-37D9-444C-80ED-5DA2482FA3F8'),(922,'衣长',NULL,NULL,NULL,NULL,NULL,NULL,191,'96032868-1023-477F-AC16-DA0450B3F6E3',5,'9E1A5D97-37D9-444C-80ED-5DA2482FA3F8'),(923,'胸围(周长)',NULL,NULL,NULL,NULL,NULL,NULL,191,'96032868-1023-477F-AC16-DA0450B3F6E3',2,'9E1A5D97-37D9-444C-80ED-5DA2482FA3F8'),(924,'袖长',NULL,NULL,NULL,NULL,NULL,NULL,191,'96032868-1023-477F-AC16-DA0450B3F6E3',6,'9E1A5D97-37D9-444C-80ED-5DA2482FA3F8'),(925,'肩宽',NULL,NULL,NULL,NULL,NULL,NULL,191,'96032868-1023-477F-AC16-DA0450B3F6E3',1,'9E1A5D97-37D9-444C-80ED-5DA2482FA3F8'),(926,'高度',NULL,NULL,NULL,NULL,NULL,NULL,192,'1A2572F3-3C21-4180-8889-DC035B4219F3',1,'6BBA15B2-24B0-40F3-85C1-B2F4F36B5AF0'),(927,'宽度',NULL,NULL,NULL,NULL,NULL,NULL,192,'1A2572F3-3C21-4180-8889-DC035B4219F3',2,'6BBA15B2-24B0-40F3-85C1-B2F4F36B5AF0'),(928,'袖长',NULL,NULL,NULL,NULL,NULL,NULL,193,'0C06E65C-A726-47AA-B8A2-DC4BCCCA0867',6,'0BCBF9AE-1E59-4BD3-8FE5-1545C95313D0'),(929,'肩宽',NULL,NULL,NULL,NULL,NULL,NULL,193,'0C06E65C-A726-47AA-B8A2-DC4BCCCA0867',1,'0BCBF9AE-1E59-4BD3-8FE5-1545C95313D0'),(930,'衣长',NULL,NULL,NULL,NULL,NULL,NULL,193,'0C06E65C-A726-47AA-B8A2-DC4BCCCA0867',5,'0BCBF9AE-1E59-4BD3-8FE5-1545C95313D0'),(931,'袖口围(周长)',NULL,NULL,NULL,NULL,NULL,NULL,193,'0C06E65C-A726-47AA-B8A2-DC4BCCCA0867',7,'0BCBF9AE-1E59-4BD3-8FE5-1545C95313D0'),(932,'胸围(周长)',NULL,NULL,NULL,NULL,NULL,NULL,193,'0C06E65C-A726-47AA-B8A2-DC4BCCCA0867',2,'0BCBF9AE-1E59-4BD3-8FE5-1545C95313D0'),(933,'中国码',NULL,NULL,NULL,NULL,NULL,NULL,193,'0C06E65C-A726-47AA-B8A2-DC4BCCCA0867',8,'0BCBF9AE-1E59-4BD3-8FE5-1545C95313D0'),(934,'领围(周长)',NULL,NULL,NULL,NULL,NULL,NULL,193,'0C06E65C-A726-47AA-B8A2-DC4BCCCA0867',4,'0BCBF9AE-1E59-4BD3-8FE5-1545C95313D0'),(935,'腰围(周长)',NULL,NULL,NULL,NULL,NULL,NULL,193,'0C06E65C-A726-47AA-B8A2-DC4BCCCA0867',3,'0BCBF9AE-1E59-4BD3-8FE5-1545C95313D0'),(936,'高度',NULL,NULL,NULL,NULL,NULL,NULL,194,'08D549B4-4359-4C0C-954C-DD549258116C',1,'ADD54E4D-F93B-4360-B6A0-F5B730735E15'),(937,'拉杆最高度',NULL,NULL,NULL,NULL,NULL,NULL,194,'08D549B4-4359-4C0C-954C-DD549258116C',4,'ADD54E4D-F93B-4360-B6A0-F5B730735E15'),(938,'宽度',NULL,NULL,NULL,NULL,NULL,NULL,194,'08D549B4-4359-4C0C-954C-DD549258116C',2,'ADD54E4D-F93B-4360-B6A0-F5B730735E15'),(939,'厚度',NULL,NULL,NULL,NULL,NULL,NULL,194,'08D549B4-4359-4C0C-954C-DD549258116C',3,'ADD54E4D-F93B-4360-B6A0-F5B730735E15'),(940,'鞋宽',NULL,NULL,NULL,NULL,NULL,NULL,195,'510C895E-B180-4813-8BA3-DD785A9F415E',4,'C2BE7484-81AB-4DCB-B829-F720525B93F4'),(941,'鞋帮高',NULL,NULL,NULL,NULL,NULL,NULL,195,'510C895E-B180-4813-8BA3-DD785A9F415E',2,'C2BE7484-81AB-4DCB-B829-F720525B93F4'),(942,'中国码',NULL,NULL,NULL,NULL,NULL,NULL,195,'510C895E-B180-4813-8BA3-DD785A9F415E',5,'C2BE7484-81AB-4DCB-B829-F720525B93F4'),(943,'内长',NULL,NULL,NULL,NULL,NULL,NULL,195,'510C895E-B180-4813-8BA3-DD785A9F415E',3,'C2BE7484-81AB-4DCB-B829-F720525B93F4'),(944,'鞋跟高',NULL,NULL,NULL,NULL,NULL,NULL,195,'510C895E-B180-4813-8BA3-DD785A9F415E',1,'C2BE7484-81AB-4DCB-B829-F720525B93F4'),(945,'臀围(周长)',NULL,NULL,NULL,NULL,NULL,NULL,196,'4A9B4C55-9325-4D8D-9B0A-DDDACFE942DF',2,'6F361B54-8AA7-4898-AA40-10EE7F1EE746'),(946,'腰围(周长)',NULL,NULL,NULL,NULL,NULL,NULL,196,'4A9B4C55-9325-4D8D-9B0A-DDDACFE942DF',1,'6F361B54-8AA7-4898-AA40-10EE7F1EE746'),(947,'裙摆围(周长)',NULL,NULL,NULL,NULL,NULL,NULL,196,'4A9B4C55-9325-4D8D-9B0A-DDDACFE942DF',3,'6F361B54-8AA7-4898-AA40-10EE7F1EE746'),(948,'中国码',NULL,NULL,NULL,NULL,NULL,NULL,196,'4A9B4C55-9325-4D8D-9B0A-DDDACFE942DF',5,'6F361B54-8AA7-4898-AA40-10EE7F1EE746'),(949,'裙长',NULL,NULL,NULL,NULL,NULL,NULL,196,'4A9B4C55-9325-4D8D-9B0A-DDDACFE942DF',4,'6F361B54-8AA7-4898-AA40-10EE7F1EE746'),(950,'腰围(周长)',NULL,NULL,NULL,NULL,NULL,NULL,197,'8DD6726C-F7FF-4AE8-AD70-DED49BA102B7',3,'C10B1633-E157-46BA-9F31-254366E44ACA'),(951,'前领深',NULL,NULL,NULL,NULL,NULL,NULL,197,'8DD6726C-F7FF-4AE8-AD70-DED49BA102B7',6,'C10B1633-E157-46BA-9F31-254366E44ACA'),(952,'肩宽',NULL,NULL,NULL,NULL,NULL,NULL,197,'8DD6726C-F7FF-4AE8-AD70-DED49BA102B7',1,'C10B1633-E157-46BA-9F31-254366E44ACA'),(953,'衣长',NULL,NULL,NULL,NULL,NULL,NULL,197,'8DD6726C-F7FF-4AE8-AD70-DED49BA102B7',5,'C10B1633-E157-46BA-9F31-254366E44ACA'),(954,'下摆围(周长)',NULL,NULL,NULL,NULL,NULL,NULL,197,'8DD6726C-F7FF-4AE8-AD70-DED49BA102B7',4,'C10B1633-E157-46BA-9F31-254366E44ACA'),(955,'中国码',NULL,NULL,NULL,NULL,NULL,NULL,197,'8DD6726C-F7FF-4AE8-AD70-DED49BA102B7',7,'C10B1633-E157-46BA-9F31-254366E44ACA'),(956,'胸围(周长)',NULL,NULL,NULL,NULL,NULL,NULL,197,'8DD6726C-F7FF-4AE8-AD70-DED49BA102B7',2,'C10B1633-E157-46BA-9F31-254366E44ACA'),(957,'腰围',NULL,NULL,NULL,NULL,NULL,NULL,198,'B4B8B828-4A81-48C6-8D6B-E02D01090AA2',3,'EEB06EEE-5A0B-401E-912F-3FC296FE1DC0'),(958,'肩宽',NULL,NULL,NULL,NULL,NULL,NULL,198,'B4B8B828-4A81-48C6-8D6B-E02D01090AA2',1,'EEB06EEE-5A0B-401E-912F-3FC296FE1DC0'),(959,'胸围',NULL,NULL,NULL,NULL,NULL,NULL,198,'B4B8B828-4A81-48C6-8D6B-E02D01090AA2',2,'EEB06EEE-5A0B-401E-912F-3FC296FE1DC0'),(960,'中国码',NULL,NULL,NULL,NULL,NULL,NULL,198,'B4B8B828-4A81-48C6-8D6B-E02D01090AA2',7,'EEB06EEE-5A0B-401E-912F-3FC296FE1DC0'),(961,'下摆围',NULL,NULL,NULL,NULL,NULL,NULL,198,'B4B8B828-4A81-48C6-8D6B-E02D01090AA2',4,'EEB06EEE-5A0B-401E-912F-3FC296FE1DC0'),(962,'衣长',NULL,NULL,NULL,NULL,NULL,NULL,198,'B4B8B828-4A81-48C6-8D6B-E02D01090AA2',5,'EEB06EEE-5A0B-401E-912F-3FC296FE1DC0'),(963,'袖长',NULL,NULL,NULL,NULL,NULL,NULL,198,'B4B8B828-4A81-48C6-8D6B-E02D01090AA2',6,'EEB06EEE-5A0B-401E-912F-3FC296FE1DC0'),(964,'鞋宽',NULL,NULL,NULL,NULL,NULL,NULL,199,'E343B298-ED39-4BEA-B6F3-E35FAA6CE489',4,'8CDA2CA0-9687-48F5-81AC-F245440776F9'),(965,'内长',NULL,NULL,NULL,NULL,NULL,NULL,199,'E343B298-ED39-4BEA-B6F3-E35FAA6CE489',3,'8CDA2CA0-9687-48F5-81AC-F245440776F9'),(966,'鞋跟高',NULL,NULL,NULL,NULL,NULL,NULL,199,'E343B298-ED39-4BEA-B6F3-E35FAA6CE489',1,'8CDA2CA0-9687-48F5-81AC-F245440776F9'),(967,'中国码',NULL,NULL,NULL,NULL,NULL,NULL,199,'E343B298-ED39-4BEA-B6F3-E35FAA6CE489',5,'8CDA2CA0-9687-48F5-81AC-F245440776F9'),(968,'鞋帮高',NULL,NULL,NULL,NULL,NULL,NULL,199,'E343B298-ED39-4BEA-B6F3-E35FAA6CE489',2,'8CDA2CA0-9687-48F5-81AC-F245440776F9'),(969,'表头厚度',NULL,NULL,NULL,NULL,NULL,NULL,200,'6D279BDE-AF9C-4493-B0BF-E54728351A89',4,'2FD1490D-25B1-456A-8551-F1B8698FF809'),(970,'表带长度',NULL,NULL,NULL,NULL,NULL,NULL,200,'6D279BDE-AF9C-4493-B0BF-E54728351A89',2,'2FD1490D-25B1-456A-8551-F1B8698FF809'),(971,'表头直径',NULL,NULL,NULL,NULL,NULL,NULL,200,'6D279BDE-AF9C-4493-B0BF-E54728351A89',3,'2FD1490D-25B1-456A-8551-F1B8698FF809'),(972,'表带宽度',NULL,NULL,NULL,NULL,NULL,NULL,200,'6D279BDE-AF9C-4493-B0BF-E54728351A89',1,'2FD1490D-25B1-456A-8551-F1B8698FF809'),(973,'内长',NULL,NULL,NULL,NULL,NULL,NULL,202,'3BAFBD68-CE29-4E1A-A201-E7DEB6796639',2,'6477FA9D-89A2-46A8-956D-93810174D0E6'),(974,'鞋宽',NULL,NULL,NULL,NULL,NULL,NULL,202,'3BAFBD68-CE29-4E1A-A201-E7DEB6796639',3,'6477FA9D-89A2-46A8-956D-93810174D0E6'),(975,'鞋跟高',NULL,NULL,NULL,NULL,NULL,NULL,202,'3BAFBD68-CE29-4E1A-A201-E7DEB6796639',1,'6477FA9D-89A2-46A8-956D-93810174D0E6'),(976,'中国码',NULL,NULL,NULL,NULL,NULL,NULL,202,'3BAFBD68-CE29-4E1A-A201-E7DEB6796639',4,'6477FA9D-89A2-46A8-956D-93810174D0E6'),(977,'袖长',NULL,NULL,NULL,NULL,NULL,NULL,203,'E4D55E7D-B06E-43A1-9CBF-E81D592537F2',6,'89448EA5-A31D-4023-9F9A-0E48F9B1686B'),(978,'肩宽',NULL,NULL,NULL,NULL,NULL,NULL,203,'E4D55E7D-B06E-43A1-9CBF-E81D592537F2',1,'89448EA5-A31D-4023-9F9A-0E48F9B1686B'),(979,'腰围(周长)',NULL,NULL,NULL,NULL,NULL,NULL,203,'E4D55E7D-B06E-43A1-9CBF-E81D592537F2',3,'89448EA5-A31D-4023-9F9A-0E48F9B1686B'),(980,'中国码',NULL,NULL,NULL,NULL,NULL,NULL,203,'E4D55E7D-B06E-43A1-9CBF-E81D592537F2',7,'89448EA5-A31D-4023-9F9A-0E48F9B1686B'),(981,'衣长',NULL,NULL,NULL,NULL,NULL,NULL,203,'E4D55E7D-B06E-43A1-9CBF-E81D592537F2',5,'89448EA5-A31D-4023-9F9A-0E48F9B1686B'),(982,'下摆围(周长)',NULL,NULL,NULL,NULL,NULL,NULL,203,'E4D55E7D-B06E-43A1-9CBF-E81D592537F2',4,'89448EA5-A31D-4023-9F9A-0E48F9B1686B'),(983,'胸围(周长)',NULL,NULL,NULL,NULL,NULL,NULL,203,'E4D55E7D-B06E-43A1-9CBF-E81D592537F2',2,'89448EA5-A31D-4023-9F9A-0E48F9B1686B'),(984,'臀围(周长)',NULL,NULL,NULL,NULL,NULL,NULL,204,'6A96D2DD-A9F3-4FF6-B438-E94FD9B02CD5',2,'6F361B54-8AA7-4898-AA40-10EE7F1EE746'),(985,'腰围(周长)',NULL,NULL,NULL,NULL,NULL,NULL,204,'6A96D2DD-A9F3-4FF6-B438-E94FD9B02CD5',1,'6F361B54-8AA7-4898-AA40-10EE7F1EE746'),(986,'裙摆围(周长)',NULL,NULL,NULL,NULL,NULL,NULL,204,'6A96D2DD-A9F3-4FF6-B438-E94FD9B02CD5',3,'6F361B54-8AA7-4898-AA40-10EE7F1EE746'),(987,'中国码',NULL,NULL,NULL,NULL,NULL,NULL,204,'6A96D2DD-A9F3-4FF6-B438-E94FD9B02CD5',5,'6F361B54-8AA7-4898-AA40-10EE7F1EE746'),(988,'裙长',NULL,NULL,NULL,NULL,NULL,NULL,204,'6A96D2DD-A9F3-4FF6-B438-E94FD9B02CD5',4,'6F361B54-8AA7-4898-AA40-10EE7F1EE746'),(989,'帽沿长',NULL,NULL,NULL,NULL,NULL,NULL,205,'57C5B8B0-6B20-446D-82B2-E9F81BC4FBC6',2,'58DBBA71-6EF3-42AE-A63B-14A09DD98434'),(990,'头围(周长)',NULL,NULL,NULL,NULL,NULL,NULL,205,'57C5B8B0-6B20-446D-82B2-E9F81BC4FBC6',1,'58DBBA71-6EF3-42AE-A63B-14A09DD98434'),(991,'下摆围(周长)',NULL,NULL,NULL,NULL,NULL,NULL,206,'F53B95F8-45A0-44CF-A0D7-EF41A842F436',4,'CCC9BEC4-EEC8-4153-9019-F1E85ED12432'),(992,'肩宽',NULL,NULL,NULL,NULL,NULL,NULL,206,'F53B95F8-45A0-44CF-A0D7-EF41A842F436',1,'CCC9BEC4-EEC8-4153-9019-F1E85ED12432'),(993,'胸围(周长)',NULL,NULL,NULL,NULL,NULL,NULL,206,'F53B95F8-45A0-44CF-A0D7-EF41A842F436',2,'CCC9BEC4-EEC8-4153-9019-F1E85ED12432'),(994,'中国码',NULL,NULL,NULL,NULL,NULL,NULL,206,'F53B95F8-45A0-44CF-A0D7-EF41A842F436',8,'CCC9BEC4-EEC8-4153-9019-F1E85ED12432'),(995,'袖长',NULL,NULL,NULL,NULL,NULL,NULL,206,'F53B95F8-45A0-44CF-A0D7-EF41A842F436',6,'CCC9BEC4-EEC8-4153-9019-F1E85ED12432'),(996,'袖口围',NULL,NULL,NULL,NULL,NULL,NULL,206,'F53B95F8-45A0-44CF-A0D7-EF41A842F436',7,'CCC9BEC4-EEC8-4153-9019-F1E85ED12432'),(997,'腰围(周长)',NULL,NULL,NULL,NULL,NULL,NULL,206,'F53B95F8-45A0-44CF-A0D7-EF41A842F436',3,'CCC9BEC4-EEC8-4153-9019-F1E85ED12432'),(998,'衣长',NULL,NULL,NULL,NULL,NULL,NULL,206,'F53B95F8-45A0-44CF-A0D7-EF41A842F436',5,'CCC9BEC4-EEC8-4153-9019-F1E85ED12432'),(999,'直径',NULL,NULL,NULL,NULL,NULL,NULL,207,'BA4091B7-4A5F-4DFC-89BE-F20948E8E0A2',2,'22FD3AD1-2468-4E08-9026-742CF9220EEC'),(1000,'长度',NULL,NULL,NULL,NULL,NULL,NULL,207,'BA4091B7-4A5F-4DFC-89BE-F20948E8E0A2',1,'22FD3AD1-2468-4E08-9026-742CF9220EEC'),(1001,'内长',NULL,NULL,NULL,NULL,NULL,NULL,208,'B5EA6495-5BC1-465C-B15D-F25BD6D22960',2,'6477FA9D-89A2-46A8-956D-93810174D0E6'),(1002,'鞋宽',NULL,NULL,NULL,NULL,NULL,NULL,208,'B5EA6495-5BC1-465C-B15D-F25BD6D22960',3,'6477FA9D-89A2-46A8-956D-93810174D0E6'),(1003,'鞋跟高',NULL,NULL,NULL,NULL,NULL,NULL,208,'B5EA6495-5BC1-465C-B15D-F25BD6D22960',1,'6477FA9D-89A2-46A8-956D-93810174D0E6'),(1004,'中国码',NULL,NULL,NULL,NULL,NULL,NULL,208,'B5EA6495-5BC1-465C-B15D-F25BD6D22960',4,'6477FA9D-89A2-46A8-956D-93810174D0E6'),(1005,'宽度',NULL,NULL,NULL,NULL,NULL,NULL,209,'0F63DFAA-0570-4586-80B9-F4E78E2F59B3',2,'A7D5B21C-9731-4740-9B2A-E9465907C4D2'),(1006,'长度',NULL,NULL,NULL,NULL,NULL,NULL,209,'0F63DFAA-0570-4586-80B9-F4E78E2F59B3',1,'A7D5B21C-9731-4740-9B2A-E9465907C4D2'),(1007,'厚度',NULL,NULL,NULL,NULL,NULL,NULL,209,'0F63DFAA-0570-4586-80B9-F4E78E2F59B3',3,'A7D5B21C-9731-4740-9B2A-E9465907C4D2'),(1008,'腰围(周长)',NULL,NULL,NULL,NULL,NULL,NULL,210,'EF2D2CBB-788D-419D-A0E0-F648F13A7073',4,'3AE6EA4B-473C-471F-B3FD-5AA158CE9F18'),(1009,'胸围(周长)',NULL,NULL,NULL,NULL,NULL,NULL,210,'EF2D2CBB-788D-419D-A0E0-F648F13A7073',2,'3AE6EA4B-473C-471F-B3FD-5AA158CE9F18'),(1010,'中国码',NULL,NULL,NULL,NULL,NULL,NULL,210,'EF2D2CBB-788D-419D-A0E0-F648F13A7073',7,'3AE6EA4B-473C-471F-B3FD-5AA158CE9F18'),(1011,'衣长',NULL,NULL,NULL,NULL,NULL,NULL,210,'EF2D2CBB-788D-419D-A0E0-F648F13A7073',4,'3AE6EA4B-473C-471F-B3FD-5AA158CE9F18'),(1012,'肩宽',NULL,NULL,NULL,NULL,NULL,NULL,210,'EF2D2CBB-788D-419D-A0E0-F648F13A7073',1,'3AE6EA4B-473C-471F-B3FD-5AA158CE9F18'),(1013,'袖长',NULL,NULL,NULL,NULL,NULL,NULL,210,'EF2D2CBB-788D-419D-A0E0-F648F13A7073',5,'3AE6EA4B-473C-471F-B3FD-5AA158CE9F18'),(1014,'长度',NULL,NULL,NULL,NULL,NULL,NULL,211,'A4EE2886-7266-4C62-AFA2-F7310CDF2688',1,'A11E9A33-177E-4D18-99F1-28E5685C56AE'),(1015,'宽度',NULL,NULL,NULL,NULL,NULL,NULL,211,'A4EE2886-7266-4C62-AFA2-F7310CDF2688',2,'A11E9A33-177E-4D18-99F1-28E5685C56AE'),(1016,'腰围(周长)',NULL,NULL,NULL,NULL,NULL,NULL,212,'8D14AB90-C80A-4C7C-BF21-F81B199F43E5',4,'3AE6EA4B-473C-471F-B3FD-5AA158CE9F18'),(1017,'胸围(周长)',NULL,NULL,NULL,NULL,NULL,NULL,212,'8D14AB90-C80A-4C7C-BF21-F81B199F43E5',2,'3AE6EA4B-473C-471F-B3FD-5AA158CE9F18'),(1018,'中国码',NULL,NULL,NULL,NULL,NULL,NULL,212,'8D14AB90-C80A-4C7C-BF21-F81B199F43E5',7,'3AE6EA4B-473C-471F-B3FD-5AA158CE9F18'),(1019,'衣长',NULL,NULL,NULL,NULL,NULL,NULL,212,'8D14AB90-C80A-4C7C-BF21-F81B199F43E5',4,'3AE6EA4B-473C-471F-B3FD-5AA158CE9F18'),(1020,'肩宽',NULL,NULL,NULL,NULL,NULL,NULL,212,'8D14AB90-C80A-4C7C-BF21-F81B199F43E5',1,'3AE6EA4B-473C-471F-B3FD-5AA158CE9F18'),(1021,'袖长',NULL,NULL,NULL,NULL,NULL,NULL,212,'8D14AB90-C80A-4C7C-BF21-F81B199F43E5',5,'3AE6EA4B-473C-471F-B3FD-5AA158CE9F18'),(1022,'中国码',NULL,NULL,NULL,NULL,NULL,NULL,213,'5AC1AC03-8D84-45AF-9428-F86A07536923',3,'E6D9D190-1357-4FDB-A605-DD07C973B77B'),(1023,'腰围',NULL,NULL,NULL,NULL,NULL,NULL,213,'5AC1AC03-8D84-45AF-9428-F86A07536923',1,'E6D9D190-1357-4FDB-A605-DD07C973B77B'),(1024,'立裆深度',NULL,NULL,NULL,NULL,NULL,NULL,213,'5AC1AC03-8D84-45AF-9428-F86A07536923',2,'E6D9D190-1357-4FDB-A605-DD07C973B77B'),(1025,'高度',NULL,NULL,NULL,NULL,NULL,NULL,214,'DE7B79ED-B62D-4D66-8DA9-FB5E35A68BEF',1,'6BBA15B2-24B0-40F3-85C1-B2F4F36B5AF0'),(1026,'宽度',NULL,NULL,NULL,NULL,NULL,NULL,214,'DE7B79ED-B62D-4D66-8DA9-FB5E35A68BEF',2,'6BBA15B2-24B0-40F3-85C1-B2F4F36B5AF0'),(1027,'腰围(周长)',NULL,NULL,NULL,NULL,NULL,NULL,215,'57EF1A72-F4AC-4963-AA66-FD0EEB64E832',4,'3AE6EA4B-473C-471F-B3FD-5AA158CE9F18'),(1028,'胸围(周长)',NULL,NULL,NULL,NULL,NULL,NULL,215,'57EF1A72-F4AC-4963-AA66-FD0EEB64E832',2,'3AE6EA4B-473C-471F-B3FD-5AA158CE9F18'),(1029,'中国码',NULL,NULL,NULL,NULL,NULL,NULL,215,'57EF1A72-F4AC-4963-AA66-FD0EEB64E832',7,'3AE6EA4B-473C-471F-B3FD-5AA158CE9F18'),(1030,'衣长',NULL,NULL,NULL,NULL,NULL,NULL,215,'57EF1A72-F4AC-4963-AA66-FD0EEB64E832',4,'3AE6EA4B-473C-471F-B3FD-5AA158CE9F18'),(1031,'肩宽',NULL,NULL,NULL,NULL,NULL,NULL,215,'57EF1A72-F4AC-4963-AA66-FD0EEB64E832',1,'3AE6EA4B-473C-471F-B3FD-5AA158CE9F18'),(1032,'袖长',NULL,NULL,NULL,NULL,NULL,NULL,215,'57EF1A72-F4AC-4963-AA66-FD0EEB64E832',5,'3AE6EA4B-473C-471F-B3FD-5AA158CE9F18'),(1033,'长度',NULL,NULL,NULL,NULL,NULL,NULL,216,'DEB9646D-571B-4BDB-B958-FD367A348B70',1,'B118D9CD-00C3-4FC2-A460-28C2852EE82F'),(1034,'宽度',NULL,NULL,NULL,NULL,NULL,NULL,216,'DEB9646D-571B-4BDB-B958-FD367A348B70',2,'B118D9CD-00C3-4FC2-A460-28C2852EE82F'),(1035,'厚度',NULL,NULL,NULL,NULL,NULL,NULL,216,'DEB9646D-571B-4BDB-B958-FD367A348B70',3,'B118D9CD-00C3-4FC2-A460-28C2852EE82F'),(1036,'直径',NULL,NULL,NULL,NULL,NULL,NULL,217,'5732816F-357A-49C4-9112-FD396DD233F9',2,'22FD3AD1-2468-4E08-9026-742CF9220EEC'),(1037,'长度',NULL,NULL,NULL,NULL,NULL,NULL,217,'5732816F-357A-49C4-9112-FD396DD233F9',1,'22FD3AD1-2468-4E08-9026-742CF9220EEC'),(1038,'长度',NULL,NULL,NULL,NULL,NULL,NULL,220,'CD903A13-6971-41F9-A2AF-034D65FCD490',1,'A11E9A33-177E-4D18-99F1-28E5685C56AE'),(1039,'宽度',NULL,NULL,NULL,NULL,NULL,NULL,220,'CD903A13-6971-41F9-A2AF-034D65FCD490',2,'A11E9A33-177E-4D18-99F1-28E5685C56AE'),(1040,'项链坠长度',NULL,NULL,NULL,NULL,NULL,NULL,221,'558E1E0F-26D6-4A90-B4EC-049E580BB0EF',2,'09BBEF5D-0805-4B3B-BB77-6C24A522B0FD'),(1041,'项链坠厚度',NULL,NULL,NULL,NULL,NULL,NULL,221,'558E1E0F-26D6-4A90-B4EC-049E580BB0EF',4,'09BBEF5D-0805-4B3B-BB77-6C24A522B0FD'),(1042,'项链坠宽度',NULL,NULL,NULL,NULL,NULL,NULL,221,'558E1E0F-26D6-4A90-B4EC-049E580BB0EF',3,'09BBEF5D-0805-4B3B-BB77-6C24A522B0FD'),(1043,'周长',NULL,NULL,NULL,NULL,NULL,NULL,221,'558E1E0F-26D6-4A90-B4EC-049E580BB0EF',1,'09BBEF5D-0805-4B3B-BB77-6C24A522B0FD'),(1044,'腰围(周长)',NULL,NULL,NULL,NULL,NULL,NULL,222,'490A6B28-05A0-4392-8A82-0533D41B45D1',3,'4BC4302C-5772-4F98-BB48-52617A58BBBC'),(1045,'下摆围(周长)',NULL,NULL,NULL,NULL,NULL,NULL,222,'490A6B28-05A0-4392-8A82-0533D41B45D1',4,'4BC4302C-5772-4F98-BB48-52617A58BBBC'),(1046,'袖长',NULL,NULL,NULL,NULL,NULL,NULL,222,'490A6B28-05A0-4392-8A82-0533D41B45D1',6,'4BC4302C-5772-4F98-BB48-52617A58BBBC'),(1047,'胸围(周长)',NULL,NULL,NULL,NULL,NULL,NULL,222,'490A6B28-05A0-4392-8A82-0533D41B45D1',2,'4BC4302C-5772-4F98-BB48-52617A58BBBC'),(1048,'衣长',NULL,NULL,NULL,NULL,NULL,NULL,222,'490A6B28-05A0-4392-8A82-0533D41B45D1',5,'4BC4302C-5772-4F98-BB48-52617A58BBBC'),(1049,'中国码',NULL,NULL,NULL,NULL,NULL,NULL,222,'490A6B28-05A0-4392-8A82-0533D41B45D1',7,'4BC4302C-5772-4F98-BB48-52617A58BBBC'),(1050,'肩宽',NULL,NULL,NULL,NULL,NULL,NULL,222,'490A6B28-05A0-4392-8A82-0533D41B45D1',1,'4BC4302C-5772-4F98-BB48-52617A58BBBC'),(1051,'直径',NULL,NULL,NULL,NULL,NULL,NULL,223,'7A6B65E3-0E6B-48CF-BD56-0848BAD6A546',2,'22FD3AD1-2468-4E08-9026-742CF9220EEC'),(1052,'长度',NULL,NULL,NULL,NULL,NULL,NULL,223,'7A6B65E3-0E6B-48CF-BD56-0848BAD6A546',1,'22FD3AD1-2468-4E08-9026-742CF9220EEC'),(1053,'中国码',NULL,NULL,NULL,NULL,NULL,NULL,224,'BBB4909D-8629-465A-A884-09745818BD63',7,'F77B05C8-BA34-4E52-9DF9-BFDE96A664D0'),(1054,'裤脚围(周长)',NULL,NULL,NULL,NULL,NULL,NULL,224,'BBB4909D-8629-465A-A884-09745818BD63',6,'F77B05C8-BA34-4E52-9DF9-BFDE96A664D0'),(1055,'臀围(周长)',NULL,NULL,NULL,NULL,NULL,NULL,224,'BBB4909D-8629-465A-A884-09745818BD63',2,'F77B05C8-BA34-4E52-9DF9-BFDE96A664D0'),(1056,'裤腰围(周长)',NULL,NULL,NULL,NULL,NULL,NULL,224,'BBB4909D-8629-465A-A884-09745818BD63',1,'F77B05C8-BA34-4E52-9DF9-BFDE96A664D0'),(1057,'裤长',NULL,NULL,NULL,NULL,NULL,NULL,224,'BBB4909D-8629-465A-A884-09745818BD63',5,'F77B05C8-BA34-4E52-9DF9-BFDE96A664D0'),(1058,'大腿围',NULL,NULL,NULL,NULL,NULL,NULL,224,'BBB4909D-8629-465A-A884-09745818BD63',4,'F77B05C8-BA34-4E52-9DF9-BFDE96A664D0'),(1059,'前立裆',NULL,NULL,NULL,NULL,NULL,NULL,224,'BBB4909D-8629-465A-A884-09745818BD63',3,'F77B05C8-BA34-4E52-9DF9-BFDE96A664D0'),(1060,'腰围',NULL,NULL,NULL,NULL,NULL,NULL,225,'F35C217F-B438-40C4-A0E6-097B1EA46F5D',3,'EEB06EEE-5A0B-401E-912F-3FC296FE1DC0'),(1061,'肩宽',NULL,NULL,NULL,NULL,NULL,NULL,225,'F35C217F-B438-40C4-A0E6-097B1EA46F5D',1,'EEB06EEE-5A0B-401E-912F-3FC296FE1DC0'),(1062,'胸围',NULL,NULL,NULL,NULL,NULL,NULL,225,'F35C217F-B438-40C4-A0E6-097B1EA46F5D',2,'EEB06EEE-5A0B-401E-912F-3FC296FE1DC0'),(1063,'中国码',NULL,NULL,NULL,NULL,NULL,NULL,225,'F35C217F-B438-40C4-A0E6-097B1EA46F5D',7,'EEB06EEE-5A0B-401E-912F-3FC296FE1DC0'),(1064,'下摆围',NULL,NULL,NULL,NULL,NULL,NULL,225,'F35C217F-B438-40C4-A0E6-097B1EA46F5D',4,'EEB06EEE-5A0B-401E-912F-3FC296FE1DC0'),(1065,'衣长',NULL,NULL,NULL,NULL,NULL,NULL,225,'F35C217F-B438-40C4-A0E6-097B1EA46F5D',5,'EEB06EEE-5A0B-401E-912F-3FC296FE1DC0'),(1066,'袖长',NULL,NULL,NULL,NULL,NULL,NULL,225,'F35C217F-B438-40C4-A0E6-097B1EA46F5D',6,'EEB06EEE-5A0B-401E-912F-3FC296FE1DC0'),(1067,'下摆围',NULL,NULL,NULL,NULL,NULL,NULL,226,'D630AAD2-D7FC-48B9-BB85-09A538257D2A',5,'5509A2B4-C5BA-45AA-80CB-EB990370E431'),(1068,'袖长',NULL,NULL,NULL,NULL,NULL,NULL,226,'D630AAD2-D7FC-48B9-BB85-09A538257D2A',4,'5509A2B4-C5BA-45AA-80CB-EB990370E431'),(1069,'肩宽',NULL,NULL,NULL,NULL,NULL,NULL,226,'D630AAD2-D7FC-48B9-BB85-09A538257D2A',1,'5509A2B4-C5BA-45AA-80CB-EB990370E431'),(1070,'胸围',NULL,NULL,NULL,NULL,NULL,NULL,226,'D630AAD2-D7FC-48B9-BB85-09A538257D2A',2,'5509A2B4-C5BA-45AA-80CB-EB990370E431'),(1071,'中国码',NULL,NULL,NULL,NULL,NULL,NULL,226,'D630AAD2-D7FC-48B9-BB85-09A538257D2A',6,'5509A2B4-C5BA-45AA-80CB-EB990370E431'),(1072,'衣长',NULL,NULL,NULL,NULL,NULL,NULL,226,'D630AAD2-D7FC-48B9-BB85-09A538257D2A',3,'5509A2B4-C5BA-45AA-80CB-EB990370E431'),(1073,'脚踝围(周长)',NULL,NULL,NULL,NULL,NULL,NULL,227,'49E16A50-ABF8-49AA-894E-0A461D2E5E97',3,'03524953-BB55-474F-A039-640EA5157F4F'),(1074,'鞋宽',NULL,NULL,NULL,NULL,NULL,NULL,227,'49E16A50-ABF8-49AA-894E-0A461D2E5E97',7,'03524953-BB55-474F-A039-640EA5157F4F'),(1075,'内长',NULL,NULL,NULL,NULL,NULL,NULL,227,'49E16A50-ABF8-49AA-894E-0A461D2E5E97',6,'03524953-BB55-474F-A039-640EA5157F4F'),(1076,'防水台',NULL,NULL,NULL,NULL,NULL,NULL,227,'49E16A50-ABF8-49AA-894E-0A461D2E5E97',5,'03524953-BB55-474F-A039-640EA5157F4F'),(1077,'鞋跟',NULL,NULL,NULL,NULL,NULL,NULL,227,'49E16A50-ABF8-49AA-894E-0A461D2E5E97',4,'03524953-BB55-474F-A039-640EA5157F4F'),(1078,'筒围(周长)',NULL,NULL,NULL,NULL,NULL,NULL,227,'49E16A50-ABF8-49AA-894E-0A461D2E5E97',2,'03524953-BB55-474F-A039-640EA5157F4F'),(1079,'中国码',NULL,NULL,NULL,NULL,NULL,NULL,227,'49E16A50-ABF8-49AA-894E-0A461D2E5E97',8,'03524953-BB55-474F-A039-640EA5157F4F'),(1080,'筒高',NULL,NULL,NULL,NULL,NULL,NULL,227,'49E16A50-ABF8-49AA-894E-0A461D2E5E97',1,'03524953-BB55-474F-A039-640EA5157F4F'),(1081,'中国码',NULL,NULL,NULL,NULL,NULL,NULL,228,'B8F270CF-5B67-41CE-A236-0D1802C7E67C',7,'F77B05C8-BA34-4E52-9DF9-BFDE96A664D0'),(1082,'裤脚围(周长)',NULL,NULL,NULL,NULL,NULL,NULL,228,'B8F270CF-5B67-41CE-A236-0D1802C7E67C',6,'F77B05C8-BA34-4E52-9DF9-BFDE96A664D0'),(1083,'臀围(周长)',NULL,NULL,NULL,NULL,NULL,NULL,228,'B8F270CF-5B67-41CE-A236-0D1802C7E67C',2,'F77B05C8-BA34-4E52-9DF9-BFDE96A664D0'),(1084,'裤腰围(周长)',NULL,NULL,NULL,NULL,NULL,NULL,228,'B8F270CF-5B67-41CE-A236-0D1802C7E67C',1,'F77B05C8-BA34-4E52-9DF9-BFDE96A664D0'),(1085,'裤长',NULL,NULL,NULL,NULL,NULL,NULL,228,'B8F270CF-5B67-41CE-A236-0D1802C7E67C',5,'F77B05C8-BA34-4E52-9DF9-BFDE96A664D0'),(1086,'大腿围',NULL,NULL,NULL,NULL,NULL,NULL,228,'B8F270CF-5B67-41CE-A236-0D1802C7E67C',4,'F77B05C8-BA34-4E52-9DF9-BFDE96A664D0'),(1087,'前立裆',NULL,NULL,NULL,NULL,NULL,NULL,228,'B8F270CF-5B67-41CE-A236-0D1802C7E67C',3,'F77B05C8-BA34-4E52-9DF9-BFDE96A664D0'),(1088,'下摆围(周长)',NULL,NULL,NULL,NULL,NULL,NULL,230,'437BDDF6-4552-4B4B-A3B6-0E87A849C93A',4,'1D4A7BE3-1341-45D8-A04B-1F04E944CFB0'),(1089,'胸围(周长)',NULL,NULL,NULL,NULL,NULL,NULL,230,'437BDDF6-4552-4B4B-A3B6-0E87A849C93A',2,'1D4A7BE3-1341-45D8-A04B-1F04E944CFB0'),(1090,'衣长',NULL,NULL,NULL,NULL,NULL,NULL,230,'437BDDF6-4552-4B4B-A3B6-0E87A849C93A',5,'1D4A7BE3-1341-45D8-A04B-1F04E944CFB0'),(1091,'中国码',NULL,NULL,NULL,NULL,NULL,NULL,230,'437BDDF6-4552-4B4B-A3B6-0E87A849C93A',7,'1D4A7BE3-1341-45D8-A04B-1F04E944CFB0'),(1092,'肩宽',NULL,NULL,NULL,NULL,NULL,NULL,230,'437BDDF6-4552-4B4B-A3B6-0E87A849C93A',1,'1D4A7BE3-1341-45D8-A04B-1F04E944CFB0'),(1093,'袖长',NULL,NULL,NULL,NULL,NULL,NULL,230,'437BDDF6-4552-4B4B-A3B6-0E87A849C93A',6,'1D4A7BE3-1341-45D8-A04B-1F04E944CFB0'),(1094,'腰围(周长)',NULL,NULL,NULL,NULL,NULL,NULL,230,'437BDDF6-4552-4B4B-A3B6-0E87A849C93A',3,'1D4A7BE3-1341-45D8-A04B-1F04E944CFB0'),(1095,'鞋宽',NULL,NULL,NULL,NULL,NULL,NULL,231,'9071EE79-4D1F-4C61-94EB-1075261C09C5',4,'C2BE7484-81AB-4DCB-B829-F720525B93F4'),(1096,'鞋帮高',NULL,NULL,NULL,NULL,NULL,NULL,231,'9071EE79-4D1F-4C61-94EB-1075261C09C5',2,'C2BE7484-81AB-4DCB-B829-F720525B93F4'),(1097,'中国码',NULL,NULL,NULL,NULL,NULL,NULL,231,'9071EE79-4D1F-4C61-94EB-1075261C09C5',5,'C2BE7484-81AB-4DCB-B829-F720525B93F4'),(1098,'内长',NULL,NULL,NULL,NULL,NULL,NULL,231,'9071EE79-4D1F-4C61-94EB-1075261C09C5',3,'C2BE7484-81AB-4DCB-B829-F720525B93F4'),(1099,'鞋跟高',NULL,NULL,NULL,NULL,NULL,NULL,231,'9071EE79-4D1F-4C61-94EB-1075261C09C5',1,'C2BE7484-81AB-4DCB-B829-F720525B93F4'),(1100,'镜片宽度',NULL,NULL,NULL,NULL,NULL,NULL,232,'C42FA8B7-B33B-4F4A-A8A7-12F5B6DFB12A',4,'70B102D1-7B0A-436B-908B-A32EEA369C15'),(1101,'镜脚长度',NULL,NULL,NULL,NULL,NULL,NULL,232,'C42FA8B7-B33B-4F4A-A8A7-12F5B6DFB12A',5,'70B102D1-7B0A-436B-908B-A32EEA369C15'),(1102,'鼻梁宽度',NULL,NULL,NULL,NULL,NULL,NULL,232,'C42FA8B7-B33B-4F4A-A8A7-12F5B6DFB12A',2,'70B102D1-7B0A-436B-908B-A32EEA369C15'),(1103,'总宽度',NULL,NULL,NULL,NULL,NULL,NULL,232,'C42FA8B7-B33B-4F4A-A8A7-12F5B6DFB12A',1,'70B102D1-7B0A-436B-908B-A32EEA369C15'),(1104,'总高度',NULL,NULL,NULL,NULL,NULL,NULL,232,'C42FA8B7-B33B-4F4A-A8A7-12F5B6DFB12A',3,'70B102D1-7B0A-436B-908B-A32EEA369C15'),(1105,'臀围(周长)',NULL,NULL,NULL,NULL,NULL,NULL,233,'041438DB-B92E-4ECD-95E9-1323549C267F',2,'6F361B54-8AA7-4898-AA40-10EE7F1EE746'),(1106,'腰围(周长)',NULL,NULL,NULL,NULL,NULL,NULL,233,'041438DB-B92E-4ECD-95E9-1323549C267F',1,'6F361B54-8AA7-4898-AA40-10EE7F1EE746'),(1107,'裙摆围(周长)',NULL,NULL,NULL,NULL,NULL,NULL,233,'041438DB-B92E-4ECD-95E9-1323549C267F',3,'6F361B54-8AA7-4898-AA40-10EE7F1EE746'),(1108,'中国码',NULL,NULL,NULL,NULL,NULL,NULL,233,'041438DB-B92E-4ECD-95E9-1323549C267F',5,'6F361B54-8AA7-4898-AA40-10EE7F1EE746'),(1109,'裙长',NULL,NULL,NULL,NULL,NULL,NULL,233,'041438DB-B92E-4ECD-95E9-1323549C267F',4,'6F361B54-8AA7-4898-AA40-10EE7F1EE746'),(1110,'项链坠长度',NULL,NULL,NULL,NULL,NULL,NULL,234,'65005D45-E4DE-4E4E-B378-14035C81E6D7',2,'09BBEF5D-0805-4B3B-BB77-6C24A522B0FD'),(1111,'项链坠厚度',NULL,NULL,NULL,NULL,NULL,NULL,234,'65005D45-E4DE-4E4E-B378-14035C81E6D7',4,'09BBEF5D-0805-4B3B-BB77-6C24A522B0FD'),(1112,'项链坠宽度',NULL,NULL,NULL,NULL,NULL,NULL,234,'65005D45-E4DE-4E4E-B378-14035C81E6D7',3,'09BBEF5D-0805-4B3B-BB77-6C24A522B0FD'),(1113,'周长',NULL,NULL,NULL,NULL,NULL,NULL,234,'65005D45-E4DE-4E4E-B378-14035C81E6D7',1,'09BBEF5D-0805-4B3B-BB77-6C24A522B0FD'),(1114,'腰带全长',NULL,NULL,NULL,NULL,NULL,NULL,235,'AB3D0B09-6A92-49FC-8284-141362FDBA30',4,'EA05C5F2-E7A2-42C5-A517-93CE761440A7'),(1115,'最小腰围',NULL,NULL,NULL,NULL,NULL,NULL,235,'AB3D0B09-6A92-49FC-8284-141362FDBA30',6,'EA05C5F2-E7A2-42C5-A517-93CE761440A7'),(1116,'最大腰围',NULL,NULL,NULL,NULL,NULL,NULL,235,'AB3D0B09-6A92-49FC-8284-141362FDBA30',5,'EA05C5F2-E7A2-42C5-A517-93CE761440A7'),(1117,'带头长',NULL,NULL,NULL,NULL,NULL,NULL,235,'AB3D0B09-6A92-49FC-8284-141362FDBA30',1,'EA05C5F2-E7A2-42C5-A517-93CE761440A7'),(1118,'中国码',NULL,NULL,NULL,NULL,NULL,NULL,235,'AB3D0B09-6A92-49FC-8284-141362FDBA30',7,'EA05C5F2-E7A2-42C5-A517-93CE761440A7'),(1119,'带头宽',NULL,NULL,NULL,NULL,NULL,NULL,235,'AB3D0B09-6A92-49FC-8284-141362FDBA30',2,'EA05C5F2-E7A2-42C5-A517-93CE761440A7'),(1120,'带体宽',NULL,NULL,NULL,NULL,NULL,NULL,235,'AB3D0B09-6A92-49FC-8284-141362FDBA30',3,'EA05C5F2-E7A2-42C5-A517-93CE761440A7'),(1121,'高度',NULL,NULL,NULL,NULL,NULL,NULL,236,'3F2E1D00-2A83-407D-ABAF-1421F8608004',1,'6BBA15B2-24B0-40F3-85C1-B2F4F36B5AF0'),(1122,'宽度',NULL,NULL,NULL,NULL,NULL,NULL,236,'3F2E1D00-2A83-407D-ABAF-1421F8608004',2,'6BBA15B2-24B0-40F3-85C1-B2F4F36B5AF0'),(1123,'内长',NULL,NULL,NULL,NULL,NULL,NULL,237,'B7AFEBD4-ADBC-405C-82C2-148C8293E8FC',2,'6477FA9D-89A2-46A8-956D-93810174D0E6'),(1124,'鞋宽',NULL,NULL,NULL,NULL,NULL,NULL,237,'B7AFEBD4-ADBC-405C-82C2-148C8293E8FC',3,'6477FA9D-89A2-46A8-956D-93810174D0E6'),(1125,'鞋跟高',NULL,NULL,NULL,NULL,NULL,NULL,237,'B7AFEBD4-ADBC-405C-82C2-148C8293E8FC',1,'6477FA9D-89A2-46A8-956D-93810174D0E6'),(1126,'中国码',NULL,NULL,NULL,NULL,NULL,NULL,237,'B7AFEBD4-ADBC-405C-82C2-148C8293E8FC',4,'6477FA9D-89A2-46A8-956D-93810174D0E6'),(1127,'高度',NULL,NULL,NULL,NULL,NULL,NULL,238,'36F7E3BD-B2DF-4A79-9C1E-1585492F387C',3,'7790FEAF-5834-437F-B41A-C5B3BCE65A2C'),(1128,'长度',NULL,NULL,NULL,NULL,NULL,NULL,238,'36F7E3BD-B2DF-4A79-9C1E-1585492F387C',1,'7790FEAF-5834-437F-B41A-C5B3BCE65A2C'),(1129,'宽度',NULL,NULL,NULL,NULL,NULL,NULL,238,'36F7E3BD-B2DF-4A79-9C1E-1585492F387C',2,'7790FEAF-5834-437F-B41A-C5B3BCE65A2C'),(1130,'肩带宽度',NULL,NULL,NULL,NULL,NULL,NULL,239,'98592CD7-D2A7-4C00-8807-161C76549D45',6,'06311FAC-9E9D-4E9E-9DD6-346E0BB5F2BF'),(1131,'宽度',NULL,NULL,NULL,NULL,NULL,NULL,239,'98592CD7-D2A7-4C00-8807-161C76549D45',1,'06311FAC-9E9D-4E9E-9DD6-346E0BB5F2BF'),(1132,'高度',NULL,NULL,NULL,NULL,NULL,NULL,239,'98592CD7-D2A7-4C00-8807-161C76549D45',2,'06311FAC-9E9D-4E9E-9DD6-346E0BB5F2BF'),(1133,'厚度',NULL,NULL,NULL,NULL,NULL,NULL,239,'98592CD7-D2A7-4C00-8807-161C76549D45',3,'06311FAC-9E9D-4E9E-9DD6-346E0BB5F2BF'),(1134,'肩带长度',NULL,NULL,NULL,NULL,NULL,NULL,239,'98592CD7-D2A7-4C00-8807-161C76549D45',5,'06311FAC-9E9D-4E9E-9DD6-346E0BB5F2BF'),(1135,'提把高',NULL,NULL,NULL,NULL,NULL,NULL,239,'98592CD7-D2A7-4C00-8807-161C76549D45',4,'06311FAC-9E9D-4E9E-9DD6-346E0BB5F2BF'),(1136,'长度',NULL,NULL,NULL,NULL,NULL,NULL,240,'5B1B3023-0BE5-47AB-A455-18AE30E641F1',1,'A11E9A33-177E-4D18-99F1-28E5685C56AE'),(1137,'宽度',NULL,NULL,NULL,NULL,NULL,NULL,240,'5B1B3023-0BE5-47AB-A455-18AE30E641F1',2,'A11E9A33-177E-4D18-99F1-28E5685C56AE'),(1138,'臀围(周长)',NULL,NULL,NULL,NULL,NULL,NULL,241,'EDBF5934-89DB-43D5-9B9B-1A3FF42F41DC',2,'6F361B54-8AA7-4898-AA40-10EE7F1EE746'),(1139,'腰围(周长)',NULL,NULL,NULL,NULL,NULL,NULL,241,'EDBF5934-89DB-43D5-9B9B-1A3FF42F41DC',1,'6F361B54-8AA7-4898-AA40-10EE7F1EE746'),(1140,'裙摆围(周长)',NULL,NULL,NULL,NULL,NULL,NULL,241,'EDBF5934-89DB-43D5-9B9B-1A3FF42F41DC',3,'6F361B54-8AA7-4898-AA40-10EE7F1EE746'),(1141,'中国码',NULL,NULL,NULL,NULL,NULL,NULL,241,'EDBF5934-89DB-43D5-9B9B-1A3FF42F41DC',5,'6F361B54-8AA7-4898-AA40-10EE7F1EE746'),(1142,'裙长',NULL,NULL,NULL,NULL,NULL,NULL,241,'EDBF5934-89DB-43D5-9B9B-1A3FF42F41DC',4,'6F361B54-8AA7-4898-AA40-10EE7F1EE746'),(1143,'背带宽',NULL,NULL,NULL,NULL,NULL,NULL,242,'7220BE36-74E9-416D-A2C1-1C49800977DE',5,'96C414C1-4C01-47BF-B7D3-2BCE4137B43F'),(1144,'厚度',NULL,NULL,NULL,NULL,NULL,NULL,242,'7220BE36-74E9-416D-A2C1-1C49800977DE',3,'96C414C1-4C01-47BF-B7D3-2BCE4137B43F'),(1145,'高度',NULL,NULL,NULL,NULL,NULL,NULL,242,'7220BE36-74E9-416D-A2C1-1C49800977DE',1,'96C414C1-4C01-47BF-B7D3-2BCE4137B43F'),(1146,'背带长',NULL,NULL,NULL,NULL,NULL,NULL,242,'7220BE36-74E9-416D-A2C1-1C49800977DE',4,'96C414C1-4C01-47BF-B7D3-2BCE4137B43F'),(1147,'宽度',NULL,NULL,NULL,NULL,NULL,NULL,242,'7220BE36-74E9-416D-A2C1-1C49800977DE',2,'96C414C1-4C01-47BF-B7D3-2BCE4137B43F'),(1148,'下摆围(周长)',NULL,NULL,NULL,NULL,NULL,NULL,243,'BFB5FDC2-4919-4BB6-8A82-1D31AFD2C6CA',4,'CCC9BEC4-EEC8-4153-9019-F1E85ED12432'),(1149,'肩宽',NULL,NULL,NULL,NULL,NULL,NULL,243,'BFB5FDC2-4919-4BB6-8A82-1D31AFD2C6CA',1,'CCC9BEC4-EEC8-4153-9019-F1E85ED12432'),(1150,'胸围(周长)',NULL,NULL,NULL,NULL,NULL,NULL,243,'BFB5FDC2-4919-4BB6-8A82-1D31AFD2C6CA',2,'CCC9BEC4-EEC8-4153-9019-F1E85ED12432'),(1151,'中国码',NULL,NULL,NULL,NULL,NULL,NULL,243,'BFB5FDC2-4919-4BB6-8A82-1D31AFD2C6CA',8,'CCC9BEC4-EEC8-4153-9019-F1E85ED12432'),(1152,'袖长',NULL,NULL,NULL,NULL,NULL,NULL,243,'BFB5FDC2-4919-4BB6-8A82-1D31AFD2C6CA',6,'CCC9BEC4-EEC8-4153-9019-F1E85ED12432'),(1153,'袖口围',NULL,NULL,NULL,NULL,NULL,NULL,243,'BFB5FDC2-4919-4BB6-8A82-1D31AFD2C6CA',7,'CCC9BEC4-EEC8-4153-9019-F1E85ED12432'),(1154,'腰围(周长)',NULL,NULL,NULL,NULL,NULL,NULL,243,'BFB5FDC2-4919-4BB6-8A82-1D31AFD2C6CA',3,'CCC9BEC4-EEC8-4153-9019-F1E85ED12432'),(1155,'衣长',NULL,NULL,NULL,NULL,NULL,NULL,243,'BFB5FDC2-4919-4BB6-8A82-1D31AFD2C6CA',5,'CCC9BEC4-EEC8-4153-9019-F1E85ED12432'),(1156,'长度',NULL,NULL,NULL,NULL,NULL,NULL,244,'706F62CB-CABF-4DE0-9EE0-1D7A794F4482',1,'B118D9CD-00C3-4FC2-A460-28C2852EE82F'),(1157,'宽度',NULL,NULL,NULL,NULL,NULL,NULL,244,'706F62CB-CABF-4DE0-9EE0-1D7A794F4482',2,'B118D9CD-00C3-4FC2-A460-28C2852EE82F'),(1158,'厚度',NULL,NULL,NULL,NULL,NULL,NULL,244,'706F62CB-CABF-4DE0-9EE0-1D7A794F4482',3,'B118D9CD-00C3-4FC2-A460-28C2852EE82F'),(1159,'长度',NULL,NULL,NULL,NULL,NULL,NULL,245,'43262A4F-45E7-49FA-B791-1E5F696D0BF0',1,'B118D9CD-00C3-4FC2-A460-28C2852EE82F'),(1160,'宽度',NULL,NULL,NULL,NULL,NULL,NULL,245,'43262A4F-45E7-49FA-B791-1E5F696D0BF0',2,'B118D9CD-00C3-4FC2-A460-28C2852EE82F'),(1161,'厚度',NULL,NULL,NULL,NULL,NULL,NULL,245,'43262A4F-45E7-49FA-B791-1E5F696D0BF0',3,'B118D9CD-00C3-4FC2-A460-28C2852EE82F'),(1162,'袖长',NULL,NULL,NULL,NULL,NULL,NULL,246,'2ECB1769-2BD2-4A20-A3C2-202E62A2FBC6',6,'0BCBF9AE-1E59-4BD3-8FE5-1545C95313D0'),(1163,'肩宽',NULL,NULL,NULL,NULL,NULL,NULL,246,'2ECB1769-2BD2-4A20-A3C2-202E62A2FBC6',1,'0BCBF9AE-1E59-4BD3-8FE5-1545C95313D0'),(1164,'衣长',NULL,NULL,NULL,NULL,NULL,NULL,246,'2ECB1769-2BD2-4A20-A3C2-202E62A2FBC6',5,'0BCBF9AE-1E59-4BD3-8FE5-1545C95313D0'),(1165,'袖口围(周长)',NULL,NULL,NULL,NULL,NULL,NULL,246,'2ECB1769-2BD2-4A20-A3C2-202E62A2FBC6',7,'0BCBF9AE-1E59-4BD3-8FE5-1545C95313D0'),(1166,'胸围(周长)',NULL,NULL,NULL,NULL,NULL,NULL,246,'2ECB1769-2BD2-4A20-A3C2-202E62A2FBC6',2,'0BCBF9AE-1E59-4BD3-8FE5-1545C95313D0'),(1167,'中国码',NULL,NULL,NULL,NULL,NULL,NULL,246,'2ECB1769-2BD2-4A20-A3C2-202E62A2FBC6',8,'0BCBF9AE-1E59-4BD3-8FE5-1545C95313D0'),(1168,'领围(周长)',NULL,NULL,NULL,NULL,NULL,NULL,246,'2ECB1769-2BD2-4A20-A3C2-202E62A2FBC6',4,'0BCBF9AE-1E59-4BD3-8FE5-1545C95313D0'),(1169,'腰围(周长)',NULL,NULL,NULL,NULL,NULL,NULL,246,'2ECB1769-2BD2-4A20-A3C2-202E62A2FBC6',3,'0BCBF9AE-1E59-4BD3-8FE5-1545C95313D0'),(1170,'中国码',NULL,NULL,NULL,NULL,NULL,NULL,247,'43A22714-9FDA-4CDA-BEA7-22319738C004',7,'F77B05C8-BA34-4E52-9DF9-BFDE96A664D0'),(1171,'裤脚围(周长)',NULL,NULL,NULL,NULL,NULL,NULL,247,'43A22714-9FDA-4CDA-BEA7-22319738C004',6,'F77B05C8-BA34-4E52-9DF9-BFDE96A664D0'),(1172,'臀围(周长)',NULL,NULL,NULL,NULL,NULL,NULL,247,'43A22714-9FDA-4CDA-BEA7-22319738C004',2,'F77B05C8-BA34-4E52-9DF9-BFDE96A664D0'),(1173,'裤腰围(周长)',NULL,NULL,NULL,NULL,NULL,NULL,247,'43A22714-9FDA-4CDA-BEA7-22319738C004',1,'F77B05C8-BA34-4E52-9DF9-BFDE96A664D0'),(1174,'裤长',NULL,NULL,NULL,NULL,NULL,NULL,247,'43A22714-9FDA-4CDA-BEA7-22319738C004',5,'F77B05C8-BA34-4E52-9DF9-BFDE96A664D0'),(1175,'大腿围',NULL,NULL,NULL,NULL,NULL,NULL,247,'43A22714-9FDA-4CDA-BEA7-22319738C004',4,'F77B05C8-BA34-4E52-9DF9-BFDE96A664D0'),(1176,'前立裆',NULL,NULL,NULL,NULL,NULL,NULL,247,'43A22714-9FDA-4CDA-BEA7-22319738C004',3,'F77B05C8-BA34-4E52-9DF9-BFDE96A664D0'),(1177,'肩带宽度',NULL,NULL,NULL,NULL,NULL,NULL,248,'F0BDD523-6BE4-4D30-9EFA-22E77682AA04',6,'06311FAC-9E9D-4E9E-9DD6-346E0BB5F2BF'),(1178,'宽度',NULL,NULL,NULL,NULL,NULL,NULL,248,'F0BDD523-6BE4-4D30-9EFA-22E77682AA04',1,'06311FAC-9E9D-4E9E-9DD6-346E0BB5F2BF'),(1179,'高度',NULL,NULL,NULL,NULL,NULL,NULL,248,'F0BDD523-6BE4-4D30-9EFA-22E77682AA04',2,'06311FAC-9E9D-4E9E-9DD6-346E0BB5F2BF'),(1180,'厚度',NULL,NULL,NULL,NULL,NULL,NULL,248,'F0BDD523-6BE4-4D30-9EFA-22E77682AA04',3,'06311FAC-9E9D-4E9E-9DD6-346E0BB5F2BF'),(1181,'肩带长度',NULL,NULL,NULL,NULL,NULL,NULL,248,'F0BDD523-6BE4-4D30-9EFA-22E77682AA04',5,'06311FAC-9E9D-4E9E-9DD6-346E0BB5F2BF'),(1182,'提把高',NULL,NULL,NULL,NULL,NULL,NULL,248,'F0BDD523-6BE4-4D30-9EFA-22E77682AA04',4,'06311FAC-9E9D-4E9E-9DD6-346E0BB5F2BF'),(1183,'脚踝围(周长)',NULL,NULL,NULL,NULL,NULL,NULL,249,'AE436712-40C9-4D56-81A8-22E94AA55735',3,'03524953-BB55-474F-A039-640EA5157F4F'),(1184,'鞋宽',NULL,NULL,NULL,NULL,NULL,NULL,249,'AE436712-40C9-4D56-81A8-22E94AA55735',7,'03524953-BB55-474F-A039-640EA5157F4F'),(1185,'内长',NULL,NULL,NULL,NULL,NULL,NULL,249,'AE436712-40C9-4D56-81A8-22E94AA55735',6,'03524953-BB55-474F-A039-640EA5157F4F'),(1186,'防水台',NULL,NULL,NULL,NULL,NULL,NULL,249,'AE436712-40C9-4D56-81A8-22E94AA55735',5,'03524953-BB55-474F-A039-640EA5157F4F'),(1187,'鞋跟',NULL,NULL,NULL,NULL,NULL,NULL,249,'AE436712-40C9-4D56-81A8-22E94AA55735',4,'03524953-BB55-474F-A039-640EA5157F4F'),(1188,'筒围(周长)',NULL,NULL,NULL,NULL,NULL,NULL,249,'AE436712-40C9-4D56-81A8-22E94AA55735',2,'03524953-BB55-474F-A039-640EA5157F4F'),(1189,'中国码',NULL,NULL,NULL,NULL,NULL,NULL,249,'AE436712-40C9-4D56-81A8-22E94AA55735',8,'03524953-BB55-474F-A039-640EA5157F4F'),(1190,'筒高',NULL,NULL,NULL,NULL,NULL,NULL,249,'AE436712-40C9-4D56-81A8-22E94AA55735',1,'03524953-BB55-474F-A039-640EA5157F4F'),(1191,'长度',NULL,NULL,NULL,NULL,NULL,NULL,250,'89B27209-8041-457F-99DC-23808E4D9403',1,'B118D9CD-00C3-4FC2-A460-28C2852EE82F'),(1192,'宽度',NULL,NULL,NULL,NULL,NULL,NULL,250,'89B27209-8041-457F-99DC-23808E4D9403',2,'B118D9CD-00C3-4FC2-A460-28C2852EE82F'),(1193,'厚度',NULL,NULL,NULL,NULL,NULL,NULL,250,'89B27209-8041-457F-99DC-23808E4D9403',3,'B118D9CD-00C3-4FC2-A460-28C2852EE82F'),(1194,'衣长',NULL,NULL,NULL,NULL,NULL,NULL,251,'1FE033E9-2DBF-4927-8BF3-23FD780AFE26',5,'0ED87C96-D14D-4AEC-B650-BBE4CEDE91EF'),(1195,'腰围（周长）',NULL,NULL,NULL,NULL,NULL,NULL,251,'1FE033E9-2DBF-4927-8BF3-23FD780AFE26',3,'0ED87C96-D14D-4AEC-B650-BBE4CEDE91EF'),(1196,'胸围（周长）',NULL,NULL,NULL,NULL,NULL,NULL,251,'1FE033E9-2DBF-4927-8BF3-23FD780AFE26',2,'0ED87C96-D14D-4AEC-B650-BBE4CEDE91EF'),(1197,'裤口（周长）',NULL,NULL,NULL,NULL,NULL,NULL,251,'1FE033E9-2DBF-4927-8BF3-23FD780AFE26',7,'0ED87C96-D14D-4AEC-B650-BBE4CEDE91EF'),(1198,'中国码',NULL,NULL,NULL,NULL,NULL,NULL,251,'1FE033E9-2DBF-4927-8BF3-23FD780AFE26',8,'0ED87C96-D14D-4AEC-B650-BBE4CEDE91EF'),(1199,'肩到裆',NULL,NULL,NULL,NULL,NULL,NULL,251,'1FE033E9-2DBF-4927-8BF3-23FD780AFE26',4,'0ED87C96-D14D-4AEC-B650-BBE4CEDE91EF'),(1200,'袖长',NULL,NULL,NULL,NULL,NULL,NULL,251,'1FE033E9-2DBF-4927-8BF3-23FD780AFE26',6,'0ED87C96-D14D-4AEC-B650-BBE4CEDE91EF'),(1201,'肩宽',NULL,NULL,NULL,NULL,NULL,NULL,251,'1FE033E9-2DBF-4927-8BF3-23FD780AFE26',1,'0ED87C96-D14D-4AEC-B650-BBE4CEDE91EF'),(1202,'高度',NULL,NULL,NULL,NULL,NULL,NULL,252,'238AF08C-AEAF-4692-B580-241BB72F1151',1,'6BBA15B2-24B0-40F3-85C1-B2F4F36B5AF0'),(1203,'宽度',NULL,NULL,NULL,NULL,NULL,NULL,252,'238AF08C-AEAF-4692-B580-241BB72F1151',2,'6BBA15B2-24B0-40F3-85C1-B2F4F36B5AF0'),(1204,'袖长',NULL,NULL,NULL,NULL,NULL,NULL,253,'518725EB-887A-4805-8F84-24BDA2286C63',6,'89448EA5-A31D-4023-9F9A-0E48F9B1686B'),(1205,'肩宽',NULL,NULL,NULL,NULL,NULL,NULL,253,'518725EB-887A-4805-8F84-24BDA2286C63',1,'89448EA5-A31D-4023-9F9A-0E48F9B1686B'),(1206,'腰围(周长)',NULL,NULL,NULL,NULL,NULL,NULL,253,'518725EB-887A-4805-8F84-24BDA2286C63',3,'89448EA5-A31D-4023-9F9A-0E48F9B1686B'),(1207,'中国码',NULL,NULL,NULL,NULL,NULL,NULL,253,'518725EB-887A-4805-8F84-24BDA2286C63',7,'89448EA5-A31D-4023-9F9A-0E48F9B1686B'),(1208,'衣长',NULL,NULL,NULL,NULL,NULL,NULL,253,'518725EB-887A-4805-8F84-24BDA2286C63',5,'89448EA5-A31D-4023-9F9A-0E48F9B1686B'),(1209,'下摆围(周长)',NULL,NULL,NULL,NULL,NULL,NULL,253,'518725EB-887A-4805-8F84-24BDA2286C63',4,'89448EA5-A31D-4023-9F9A-0E48F9B1686B'),(1210,'胸围(周长)',NULL,NULL,NULL,NULL,NULL,NULL,253,'518725EB-887A-4805-8F84-24BDA2286C63',2,'89448EA5-A31D-4023-9F9A-0E48F9B1686B'),(1211,'表头厚度',NULL,NULL,NULL,NULL,NULL,NULL,254,'E9ABBE20-3A13-44CC-8301-26ADF9169842',4,'2FD1490D-25B1-456A-8551-F1B8698FF809'),(1212,'表带长度',NULL,NULL,NULL,NULL,NULL,NULL,254,'E9ABBE20-3A13-44CC-8301-26ADF9169842',2,'2FD1490D-25B1-456A-8551-F1B8698FF809'),(1213,'表头直径',NULL,NULL,NULL,NULL,NULL,NULL,254,'E9ABBE20-3A13-44CC-8301-26ADF9169842',3,'2FD1490D-25B1-456A-8551-F1B8698FF809'),(1214,'表带宽度',NULL,NULL,NULL,NULL,NULL,NULL,254,'E9ABBE20-3A13-44CC-8301-26ADF9169842',1,'2FD1490D-25B1-456A-8551-F1B8698FF809'),(1215,'宽度',NULL,NULL,NULL,NULL,NULL,NULL,255,'D3D7BE7C-D234-4613-B91B-2770514F74B7',2,'8BD3F952-FD49-4EA0-B8E2-2AD0AF1FB8F6'),(1216,'长度',NULL,NULL,NULL,NULL,NULL,NULL,255,'D3D7BE7C-D234-4613-B91B-2770514F74B7',1,'8BD3F952-FD49-4EA0-B8E2-2AD0AF1FB8F6'),(1217,'鞋宽',NULL,NULL,NULL,NULL,NULL,NULL,256,'7DBB9403-2E2F-41A3-8C54-27F968A7FB3A',4,'C2BE7484-81AB-4DCB-B829-F720525B93F4'),(1218,'鞋帮高',NULL,NULL,NULL,NULL,NULL,NULL,256,'7DBB9403-2E2F-41A3-8C54-27F968A7FB3A',2,'C2BE7484-81AB-4DCB-B829-F720525B93F4'),(1219,'中国码',NULL,NULL,NULL,NULL,NULL,NULL,256,'7DBB9403-2E2F-41A3-8C54-27F968A7FB3A',5,'C2BE7484-81AB-4DCB-B829-F720525B93F4'),(1220,'内长',NULL,NULL,NULL,NULL,NULL,NULL,256,'7DBB9403-2E2F-41A3-8C54-27F968A7FB3A',3,'C2BE7484-81AB-4DCB-B829-F720525B93F4'),(1221,'鞋跟高',NULL,NULL,NULL,NULL,NULL,NULL,256,'7DBB9403-2E2F-41A3-8C54-27F968A7FB3A',1,'C2BE7484-81AB-4DCB-B829-F720525B93F4'),(1222,'袖长',NULL,NULL,NULL,NULL,NULL,NULL,257,'FF97A0E4-600D-4549-8A2C-2904A1A02C83',6,'0BCBF9AE-1E59-4BD3-8FE5-1545C95313D0'),(1223,'肩宽',NULL,NULL,NULL,NULL,NULL,NULL,257,'FF97A0E4-600D-4549-8A2C-2904A1A02C83',1,'0BCBF9AE-1E59-4BD3-8FE5-1545C95313D0'),(1224,'衣长',NULL,NULL,NULL,NULL,NULL,NULL,257,'FF97A0E4-600D-4549-8A2C-2904A1A02C83',5,'0BCBF9AE-1E59-4BD3-8FE5-1545C95313D0'),(1225,'袖口围(周长)',NULL,NULL,NULL,NULL,NULL,NULL,257,'FF97A0E4-600D-4549-8A2C-2904A1A02C83',7,'0BCBF9AE-1E59-4BD3-8FE5-1545C95313D0'),(1226,'胸围(周长)',NULL,NULL,NULL,NULL,NULL,NULL,257,'FF97A0E4-600D-4549-8A2C-2904A1A02C83',2,'0BCBF9AE-1E59-4BD3-8FE5-1545C95313D0'),(1227,'中国码',NULL,NULL,NULL,NULL,NULL,NULL,257,'FF97A0E4-600D-4549-8A2C-2904A1A02C83',8,'0BCBF9AE-1E59-4BD3-8FE5-1545C95313D0'),(1228,'领围(周长)',NULL,NULL,NULL,NULL,NULL,NULL,257,'FF97A0E4-600D-4549-8A2C-2904A1A02C83',4,'0BCBF9AE-1E59-4BD3-8FE5-1545C95313D0'),(1229,'腰围(周长)',NULL,NULL,NULL,NULL,NULL,NULL,257,'FF97A0E4-600D-4549-8A2C-2904A1A02C83',3,'0BCBF9AE-1E59-4BD3-8FE5-1545C95313D0'),(1230,'袖长',NULL,NULL,NULL,NULL,NULL,NULL,258,'2C407C43-CA55-4E8C-9612-292C25CFBEF0',5,'1018D69C-B6B1-4E4A-960B-ADB54F48A51E'),(1231,'衣长',NULL,NULL,NULL,NULL,NULL,NULL,258,'2C407C43-CA55-4E8C-9612-292C25CFBEF0',6,'1018D69C-B6B1-4E4A-960B-ADB54F48A51E'),(1232,'裤长',NULL,NULL,NULL,NULL,NULL,NULL,258,'2C407C43-CA55-4E8C-9612-292C25CFBEF0',10,'1018D69C-B6B1-4E4A-960B-ADB54F48A51E'),(1233,'肩宽',NULL,NULL,NULL,NULL,NULL,NULL,258,'2C407C43-CA55-4E8C-9612-292C25CFBEF0',1,'1018D69C-B6B1-4E4A-960B-ADB54F48A51E'),(1234,'臀围（周长）',NULL,NULL,NULL,NULL,NULL,NULL,258,'2C407C43-CA55-4E8C-9612-292C25CFBEF0',8,'1018D69C-B6B1-4E4A-960B-ADB54F48A51E'),(1235,'下摆围（周长）',NULL,NULL,NULL,NULL,NULL,NULL,258,'2C407C43-CA55-4E8C-9612-292C25CFBEF0',4,'1018D69C-B6B1-4E4A-960B-ADB54F48A51E'),(1236,'中国码',NULL,NULL,NULL,NULL,NULL,NULL,258,'2C407C43-CA55-4E8C-9612-292C25CFBEF0',11,'1018D69C-B6B1-4E4A-960B-ADB54F48A51E'),(1237,'胸围（周长）',NULL,NULL,NULL,NULL,NULL,NULL,258,'2C407C43-CA55-4E8C-9612-292C25CFBEF0',2,'1018D69C-B6B1-4E4A-960B-ADB54F48A51E'),(1238,'前立裆',NULL,NULL,NULL,NULL,NULL,NULL,258,'2C407C43-CA55-4E8C-9612-292C25CFBEF0',9,'1018D69C-B6B1-4E4A-960B-ADB54F48A51E'),(1239,'腰围（周长）',NULL,NULL,NULL,NULL,NULL,NULL,258,'2C407C43-CA55-4E8C-9612-292C25CFBEF0',3,'1018D69C-B6B1-4E4A-960B-ADB54F48A51E'),(1240,'裤腰围（周长）',NULL,NULL,NULL,NULL,NULL,NULL,258,'2C407C43-CA55-4E8C-9612-292C25CFBEF0',7,'1018D69C-B6B1-4E4A-960B-ADB54F48A51E'),(1241,'袖长',NULL,NULL,NULL,NULL,NULL,NULL,259,'DB0FF951-8AE2-4F99-BDB0-293123C29D97',6,'89448EA5-A31D-4023-9F9A-0E48F9B1686B'),(1242,'肩宽',NULL,NULL,NULL,NULL,NULL,NULL,259,'DB0FF951-8AE2-4F99-BDB0-293123C29D97',1,'89448EA5-A31D-4023-9F9A-0E48F9B1686B'),(1243,'腰围(周长)',NULL,NULL,NULL,NULL,NULL,NULL,259,'DB0FF951-8AE2-4F99-BDB0-293123C29D97',3,'89448EA5-A31D-4023-9F9A-0E48F9B1686B'),(1244,'中国码',NULL,NULL,NULL,NULL,NULL,NULL,259,'DB0FF951-8AE2-4F99-BDB0-293123C29D97',7,'89448EA5-A31D-4023-9F9A-0E48F9B1686B'),(1245,'衣长',NULL,NULL,NULL,NULL,NULL,NULL,259,'DB0FF951-8AE2-4F99-BDB0-293123C29D97',5,'89448EA5-A31D-4023-9F9A-0E48F9B1686B'),(1246,'下摆围(周长)',NULL,NULL,NULL,NULL,NULL,NULL,259,'DB0FF951-8AE2-4F99-BDB0-293123C29D97',4,'89448EA5-A31D-4023-9F9A-0E48F9B1686B'),(1247,'胸围(周长)',NULL,NULL,NULL,NULL,NULL,NULL,259,'DB0FF951-8AE2-4F99-BDB0-293123C29D97',2,'89448EA5-A31D-4023-9F9A-0E48F9B1686B'),(1248,'帽沿长',NULL,NULL,NULL,NULL,NULL,NULL,260,'64FDA3EA-2218-4D1A-88F7-2A4084D60917',2,'58DBBA71-6EF3-42AE-A63B-14A09DD98434'),(1249,'头围(周长)',NULL,NULL,NULL,NULL,NULL,NULL,260,'64FDA3EA-2218-4D1A-88F7-2A4084D60917',1,'58DBBA71-6EF3-42AE-A63B-14A09DD98434'),(1250,'腰围',NULL,NULL,NULL,NULL,NULL,NULL,261,'1B010BEC-3B86-43F2-B9A5-2A5E712FD5B2',3,'EEB06EEE-5A0B-401E-912F-3FC296FE1DC0'),(1251,'肩宽',NULL,NULL,NULL,NULL,NULL,NULL,261,'1B010BEC-3B86-43F2-B9A5-2A5E712FD5B2',1,'EEB06EEE-5A0B-401E-912F-3FC296FE1DC0'),(1252,'胸围',NULL,NULL,NULL,NULL,NULL,NULL,261,'1B010BEC-3B86-43F2-B9A5-2A5E712FD5B2',2,'EEB06EEE-5A0B-401E-912F-3FC296FE1DC0'),(1253,'中国码',NULL,NULL,NULL,NULL,NULL,NULL,261,'1B010BEC-3B86-43F2-B9A5-2A5E712FD5B2',7,'EEB06EEE-5A0B-401E-912F-3FC296FE1DC0'),(1254,'下摆围',NULL,NULL,NULL,NULL,NULL,NULL,261,'1B010BEC-3B86-43F2-B9A5-2A5E712FD5B2',4,'EEB06EEE-5A0B-401E-912F-3FC296FE1DC0'),(1255,'衣长',NULL,NULL,NULL,NULL,NULL,NULL,261,'1B010BEC-3B86-43F2-B9A5-2A5E712FD5B2',5,'EEB06EEE-5A0B-401E-912F-3FC296FE1DC0'),(1256,'袖长',NULL,NULL,NULL,NULL,NULL,NULL,261,'1B010BEC-3B86-43F2-B9A5-2A5E712FD5B2',6,'EEB06EEE-5A0B-401E-912F-3FC296FE1DC0'),(1257,'高度',NULL,NULL,NULL,NULL,NULL,NULL,262,'4FFC1F9B-6EB4-4704-A28C-2BDFA61D54BC',1,'6BBA15B2-24B0-40F3-85C1-B2F4F36B5AF0'),(1258,'宽度',NULL,NULL,NULL,NULL,NULL,NULL,262,'4FFC1F9B-6EB4-4704-A28C-2BDFA61D54BC',2,'6BBA15B2-24B0-40F3-85C1-B2F4F36B5AF0'),(1259,'长度',NULL,NULL,NULL,NULL,NULL,NULL,263,'26720551-530B-4673-B134-2CED52ECC417',1,'A11E9A33-177E-4D18-99F1-28E5685C56AE'),(1260,'宽度',NULL,NULL,NULL,NULL,NULL,NULL,263,'26720551-530B-4673-B134-2CED52ECC417',2,'A11E9A33-177E-4D18-99F1-28E5685C56AE'),(1261,'腰围(周长)',NULL,NULL,NULL,NULL,NULL,NULL,264,'42D59CB2-6F9A-4826-A2B8-2D55411372DB',3,'C10B1633-E157-46BA-9F31-254366E44ACA'),(1262,'前领深',NULL,NULL,NULL,NULL,NULL,NULL,264,'42D59CB2-6F9A-4826-A2B8-2D55411372DB',6,'C10B1633-E157-46BA-9F31-254366E44ACA'),(1263,'肩宽',NULL,NULL,NULL,NULL,NULL,NULL,264,'42D59CB2-6F9A-4826-A2B8-2D55411372DB',1,'C10B1633-E157-46BA-9F31-254366E44ACA'),(1264,'衣长',NULL,NULL,NULL,NULL,NULL,NULL,264,'42D59CB2-6F9A-4826-A2B8-2D55411372DB',5,'C10B1633-E157-46BA-9F31-254366E44ACA'),(1265,'下摆围(周长)',NULL,NULL,NULL,NULL,NULL,NULL,264,'42D59CB2-6F9A-4826-A2B8-2D55411372DB',4,'C10B1633-E157-46BA-9F31-254366E44ACA'),(1266,'中国码',NULL,NULL,NULL,NULL,NULL,NULL,264,'42D59CB2-6F9A-4826-A2B8-2D55411372DB',7,'C10B1633-E157-46BA-9F31-254366E44ACA'),(1267,'胸围(周长)',NULL,NULL,NULL,NULL,NULL,NULL,264,'42D59CB2-6F9A-4826-A2B8-2D55411372DB',2,'C10B1633-E157-46BA-9F31-254366E44ACA'),(1268,'宽度',NULL,NULL,NULL,NULL,NULL,NULL,266,'B0C37B6E-A147-4D17-977E-320180D31108',2,'7590A392-2744-4C6A-95C8-B9B68045B8C1'),(1269,'长度',NULL,NULL,NULL,NULL,NULL,NULL,266,'B0C37B6E-A147-4D17-977E-320180D31108',1,'7590A392-2744-4C6A-95C8-B9B68045B8C1'),(1270,'厚度',NULL,NULL,NULL,NULL,NULL,NULL,266,'B0C37B6E-A147-4D17-977E-320180D31108',3,'7590A392-2744-4C6A-95C8-B9B68045B8C1'),(1271,'长度',NULL,NULL,NULL,NULL,NULL,NULL,267,'65294BCC-AA2B-4200-8558-3480E9689D82',1,'B118D9CD-00C3-4FC2-A460-28C2852EE82F'),(1272,'宽度',NULL,NULL,NULL,NULL,NULL,NULL,267,'65294BCC-AA2B-4200-8558-3480E9689D82',2,'B118D9CD-00C3-4FC2-A460-28C2852EE82F'),(1273,'厚度',NULL,NULL,NULL,NULL,NULL,NULL,267,'65294BCC-AA2B-4200-8558-3480E9689D82',3,'B118D9CD-00C3-4FC2-A460-28C2852EE82F'),(1274,'鞋宽',NULL,NULL,NULL,NULL,NULL,NULL,268,'827D56E5-0B06-4947-8C3B-37FC3828E348',4,'C2BE7484-81AB-4DCB-B829-F720525B93F4'),(1275,'鞋帮高',NULL,NULL,NULL,NULL,NULL,NULL,268,'827D56E5-0B06-4947-8C3B-37FC3828E348',2,'C2BE7484-81AB-4DCB-B829-F720525B93F4'),(1276,'中国码',NULL,NULL,NULL,NULL,NULL,NULL,268,'827D56E5-0B06-4947-8C3B-37FC3828E348',5,'C2BE7484-81AB-4DCB-B829-F720525B93F4'),(1277,'内长',NULL,NULL,NULL,NULL,NULL,NULL,268,'827D56E5-0B06-4947-8C3B-37FC3828E348',3,'C2BE7484-81AB-4DCB-B829-F720525B93F4'),(1278,'鞋跟高',NULL,NULL,NULL,NULL,NULL,NULL,268,'827D56E5-0B06-4947-8C3B-37FC3828E348',1,'C2BE7484-81AB-4DCB-B829-F720525B93F4'),(1279,'镜片宽度',NULL,NULL,NULL,NULL,NULL,NULL,269,'9375210F-73BD-4FB1-9378-39C9DAB4AFC1',4,'70B102D1-7B0A-436B-908B-A32EEA369C15'),(1280,'镜脚长度',NULL,NULL,NULL,NULL,NULL,NULL,269,'9375210F-73BD-4FB1-9378-39C9DAB4AFC1',5,'70B102D1-7B0A-436B-908B-A32EEA369C15'),(1281,'鼻梁宽度',NULL,NULL,NULL,NULL,NULL,NULL,269,'9375210F-73BD-4FB1-9378-39C9DAB4AFC1',2,'70B102D1-7B0A-436B-908B-A32EEA369C15'),(1282,'总宽度',NULL,NULL,NULL,NULL,NULL,NULL,269,'9375210F-73BD-4FB1-9378-39C9DAB4AFC1',1,'70B102D1-7B0A-436B-908B-A32EEA369C15'),(1283,'总高度',NULL,NULL,NULL,NULL,NULL,NULL,269,'9375210F-73BD-4FB1-9378-39C9DAB4AFC1',3,'70B102D1-7B0A-436B-908B-A32EEA369C15'),(1284,'宽度',NULL,NULL,NULL,NULL,NULL,NULL,270,'602E9E08-7BAA-41EA-B97E-39E23A57D49F',2,'327DFAF7-469C-44C4-8A17-B1A3A1826D18'),(1285,'长度',NULL,NULL,NULL,NULL,NULL,NULL,270,'602E9E08-7BAA-41EA-B97E-39E23A57D49F',1,'327DFAF7-469C-44C4-8A17-B1A3A1826D18'),(1286,'腰围(周长)',NULL,NULL,NULL,NULL,NULL,NULL,272,'CDF6188D-C5AA-4131-B04C-3BA2D05C11AB',3,'4BC4302C-5772-4F98-BB48-52617A58BBBC'),(1287,'下摆围(周长)',NULL,NULL,NULL,NULL,NULL,NULL,272,'CDF6188D-C5AA-4131-B04C-3BA2D05C11AB',4,'4BC4302C-5772-4F98-BB48-52617A58BBBC'),(1288,'袖长',NULL,NULL,NULL,NULL,NULL,NULL,272,'CDF6188D-C5AA-4131-B04C-3BA2D05C11AB',6,'4BC4302C-5772-4F98-BB48-52617A58BBBC'),(1289,'胸围(周长)',NULL,NULL,NULL,NULL,NULL,NULL,272,'CDF6188D-C5AA-4131-B04C-3BA2D05C11AB',2,'4BC4302C-5772-4F98-BB48-52617A58BBBC'),(1290,'衣长',NULL,NULL,NULL,NULL,NULL,NULL,272,'CDF6188D-C5AA-4131-B04C-3BA2D05C11AB',5,'4BC4302C-5772-4F98-BB48-52617A58BBBC'),(1291,'中国码',NULL,NULL,NULL,NULL,NULL,NULL,272,'CDF6188D-C5AA-4131-B04C-3BA2D05C11AB',7,'4BC4302C-5772-4F98-BB48-52617A58BBBC'),(1292,'肩宽',NULL,NULL,NULL,NULL,NULL,NULL,272,'CDF6188D-C5AA-4131-B04C-3BA2D05C11AB',1,'4BC4302C-5772-4F98-BB48-52617A58BBBC'),(1293,'鞋宽',NULL,NULL,NULL,NULL,NULL,NULL,273,'FBA8EA47-834D-4401-928C-3D078E37B0D6',4,'C2BE7484-81AB-4DCB-B829-F720525B93F4'),(1294,'鞋帮高',NULL,NULL,NULL,NULL,NULL,NULL,273,'FBA8EA47-834D-4401-928C-3D078E37B0D6',2,'C2BE7484-81AB-4DCB-B829-F720525B93F4'),(1295,'中国码',NULL,NULL,NULL,NULL,NULL,NULL,273,'FBA8EA47-834D-4401-928C-3D078E37B0D6',5,'C2BE7484-81AB-4DCB-B829-F720525B93F4'),(1296,'内长',NULL,NULL,NULL,NULL,NULL,NULL,273,'FBA8EA47-834D-4401-928C-3D078E37B0D6',3,'C2BE7484-81AB-4DCB-B829-F720525B93F4'),(1297,'鞋跟高',NULL,NULL,NULL,NULL,NULL,NULL,273,'FBA8EA47-834D-4401-928C-3D078E37B0D6',1,'C2BE7484-81AB-4DCB-B829-F720525B93F4'),(1298,'内长',NULL,NULL,NULL,NULL,NULL,NULL,274,'218500EA-A9D1-4127-9D5D-3F19D79A2547',2,'6477FA9D-89A2-46A8-956D-93810174D0E6'),(1299,'鞋宽',NULL,NULL,NULL,NULL,NULL,NULL,274,'218500EA-A9D1-4127-9D5D-3F19D79A2547',3,'6477FA9D-89A2-46A8-956D-93810174D0E6'),(1300,'鞋跟高',NULL,NULL,NULL,NULL,NULL,NULL,274,'218500EA-A9D1-4127-9D5D-3F19D79A2547',1,'6477FA9D-89A2-46A8-956D-93810174D0E6'),(1301,'中国码',NULL,NULL,NULL,NULL,NULL,NULL,274,'218500EA-A9D1-4127-9D5D-3F19D79A2547',4,'6477FA9D-89A2-46A8-956D-93810174D0E6'),(1302,'下摆围(周长)',NULL,NULL,NULL,NULL,NULL,NULL,275,'BE582D99-873A-4B93-B4B7-3FDD7FA8A22C',4,'CCC9BEC4-EEC8-4153-9019-F1E85ED12432'),(1303,'肩宽',NULL,NULL,NULL,NULL,NULL,NULL,275,'BE582D99-873A-4B93-B4B7-3FDD7FA8A22C',1,'CCC9BEC4-EEC8-4153-9019-F1E85ED12432'),(1304,'胸围(周长)',NULL,NULL,NULL,NULL,NULL,NULL,275,'BE582D99-873A-4B93-B4B7-3FDD7FA8A22C',2,'CCC9BEC4-EEC8-4153-9019-F1E85ED12432'),(1305,'中国码',NULL,NULL,NULL,NULL,NULL,NULL,275,'BE582D99-873A-4B93-B4B7-3FDD7FA8A22C',8,'CCC9BEC4-EEC8-4153-9019-F1E85ED12432'),(1306,'袖长',NULL,NULL,NULL,NULL,NULL,NULL,275,'BE582D99-873A-4B93-B4B7-3FDD7FA8A22C',6,'CCC9BEC4-EEC8-4153-9019-F1E85ED12432'),(1307,'袖口围',NULL,NULL,NULL,NULL,NULL,NULL,275,'BE582D99-873A-4B93-B4B7-3FDD7FA8A22C',7,'CCC9BEC4-EEC8-4153-9019-F1E85ED12432'),(1308,'腰围(周长)',NULL,NULL,NULL,NULL,NULL,NULL,275,'BE582D99-873A-4B93-B4B7-3FDD7FA8A22C',3,'CCC9BEC4-EEC8-4153-9019-F1E85ED12432'),(1309,'衣长',NULL,NULL,NULL,NULL,NULL,NULL,275,'BE582D99-873A-4B93-B4B7-3FDD7FA8A22C',5,'CCC9BEC4-EEC8-4153-9019-F1E85ED12432'),(1310,'中国码',NULL,NULL,NULL,NULL,NULL,NULL,277,'E8B18162-ACD1-4C63-93D2-4390EED7A111',3,'E6D9D190-1357-4FDB-A605-DD07C973B77B'),(1311,'腰围',NULL,NULL,NULL,NULL,NULL,NULL,277,'E8B18162-ACD1-4C63-93D2-4390EED7A111',1,'E6D9D190-1357-4FDB-A605-DD07C973B77B'),(1312,'立裆深度',NULL,NULL,NULL,NULL,NULL,NULL,277,'E8B18162-ACD1-4C63-93D2-4390EED7A111',2,'E6D9D190-1357-4FDB-A605-DD07C973B77B'),(1313,'内长',NULL,NULL,NULL,NULL,NULL,NULL,278,'F35AE319-0079-475B-9661-463A2FD84733',2,'6477FA9D-89A2-46A8-956D-93810174D0E6'),(1314,'鞋宽',NULL,NULL,NULL,NULL,NULL,NULL,278,'F35AE319-0079-475B-9661-463A2FD84733',3,'6477FA9D-89A2-46A8-956D-93810174D0E6'),(1315,'鞋跟高',NULL,NULL,NULL,NULL,NULL,NULL,278,'F35AE319-0079-475B-9661-463A2FD84733',1,'6477FA9D-89A2-46A8-956D-93810174D0E6'),(1316,'中国码',NULL,NULL,NULL,NULL,NULL,NULL,278,'F35AE319-0079-475B-9661-463A2FD84733',4,'6477FA9D-89A2-46A8-956D-93810174D0E6'),(1317,'腰带全长',NULL,NULL,NULL,NULL,NULL,NULL,279,'6967118E-0B96-4C5E-A1EA-4AB7A2055581',4,'EA05C5F2-E7A2-42C5-A517-93CE761440A7'),(1318,'最小腰围',NULL,NULL,NULL,NULL,NULL,NULL,279,'6967118E-0B96-4C5E-A1EA-4AB7A2055581',6,'EA05C5F2-E7A2-42C5-A517-93CE761440A7'),(1319,'最大腰围',NULL,NULL,NULL,NULL,NULL,NULL,279,'6967118E-0B96-4C5E-A1EA-4AB7A2055581',5,'EA05C5F2-E7A2-42C5-A517-93CE761440A7'),(1320,'带头长',NULL,NULL,NULL,NULL,NULL,NULL,279,'6967118E-0B96-4C5E-A1EA-4AB7A2055581',1,'EA05C5F2-E7A2-42C5-A517-93CE761440A7'),(1321,'中国码',NULL,NULL,NULL,NULL,NULL,NULL,279,'6967118E-0B96-4C5E-A1EA-4AB7A2055581',7,'EA05C5F2-E7A2-42C5-A517-93CE761440A7'),(1322,'带头宽',NULL,NULL,NULL,NULL,NULL,NULL,279,'6967118E-0B96-4C5E-A1EA-4AB7A2055581',2,'EA05C5F2-E7A2-42C5-A517-93CE761440A7'),(1323,'带体宽',NULL,NULL,NULL,NULL,NULL,NULL,279,'6967118E-0B96-4C5E-A1EA-4AB7A2055581',3,'EA05C5F2-E7A2-42C5-A517-93CE761440A7'),(1324,'宽度',NULL,NULL,NULL,NULL,NULL,NULL,280,'9E673EA1-600B-4BBE-A2D1-4B540D415B82',2,'9C5ACC30-5663-4B51-A94F-2EA5C9747898'),(1325,'长度',NULL,NULL,NULL,NULL,NULL,NULL,280,'9E673EA1-600B-4BBE-A2D1-4B540D415B82',1,'9C5ACC30-5663-4B51-A94F-2EA5C9747898'),(1326,'厚度',NULL,NULL,NULL,NULL,NULL,NULL,280,'9E673EA1-600B-4BBE-A2D1-4B540D415B82',3,'9C5ACC30-5663-4B51-A94F-2EA5C9747898'),(1327,'内长',NULL,NULL,NULL,NULL,NULL,NULL,281,'13705F2F-2BAB-4320-9E45-4C2C4059C08E',2,'6477FA9D-89A2-46A8-956D-93810174D0E6'),(1328,'鞋宽',NULL,NULL,NULL,NULL,NULL,NULL,281,'13705F2F-2BAB-4320-9E45-4C2C4059C08E',3,'6477FA9D-89A2-46A8-956D-93810174D0E6'),(1329,'鞋跟高',NULL,NULL,NULL,NULL,NULL,NULL,281,'13705F2F-2BAB-4320-9E45-4C2C4059C08E',1,'6477FA9D-89A2-46A8-956D-93810174D0E6'),(1330,'中国码',NULL,NULL,NULL,NULL,NULL,NULL,281,'13705F2F-2BAB-4320-9E45-4C2C4059C08E',4,'6477FA9D-89A2-46A8-956D-93810174D0E6'),(1331,'下摆围(周长)',NULL,NULL,NULL,NULL,NULL,NULL,282,'29A2EA6D-5F31-457C-9588-4ED37B780DBF',4,'1D4A7BE3-1341-45D8-A04B-1F04E944CFB0'),(1332,'胸围(周长)',NULL,NULL,NULL,NULL,NULL,NULL,282,'29A2EA6D-5F31-457C-9588-4ED37B780DBF',2,'1D4A7BE3-1341-45D8-A04B-1F04E944CFB0'),(1333,'衣长',NULL,NULL,NULL,NULL,NULL,NULL,282,'29A2EA6D-5F31-457C-9588-4ED37B780DBF',5,'1D4A7BE3-1341-45D8-A04B-1F04E944CFB0'),(1334,'中国码',NULL,NULL,NULL,NULL,NULL,NULL,282,'29A2EA6D-5F31-457C-9588-4ED37B780DBF',7,'1D4A7BE3-1341-45D8-A04B-1F04E944CFB0'),(1335,'肩宽',NULL,NULL,NULL,NULL,NULL,NULL,282,'29A2EA6D-5F31-457C-9588-4ED37B780DBF',1,'1D4A7BE3-1341-45D8-A04B-1F04E944CFB0'),(1336,'袖长',NULL,NULL,NULL,NULL,NULL,NULL,282,'29A2EA6D-5F31-457C-9588-4ED37B780DBF',6,'1D4A7BE3-1341-45D8-A04B-1F04E944CFB0'),(1337,'腰围(周长)',NULL,NULL,NULL,NULL,NULL,NULL,282,'29A2EA6D-5F31-457C-9588-4ED37B780DBF',3,'1D4A7BE3-1341-45D8-A04B-1F04E944CFB0'),(1338,'下摆围(周长)',NULL,NULL,NULL,NULL,NULL,NULL,283,'3B15FDFF-1DAB-4088-95D0-4FF8354E11DD',4,'1D4A7BE3-1341-45D8-A04B-1F04E944CFB0'),(1339,'胸围(周长)',NULL,NULL,NULL,NULL,NULL,NULL,283,'3B15FDFF-1DAB-4088-95D0-4FF8354E11DD',2,'1D4A7BE3-1341-45D8-A04B-1F04E944CFB0'),(1340,'衣长',NULL,NULL,NULL,NULL,NULL,NULL,283,'3B15FDFF-1DAB-4088-95D0-4FF8354E11DD',5,'1D4A7BE3-1341-45D8-A04B-1F04E944CFB0'),(1341,'中国码',NULL,NULL,NULL,NULL,NULL,NULL,283,'3B15FDFF-1DAB-4088-95D0-4FF8354E11DD',7,'1D4A7BE3-1341-45D8-A04B-1F04E944CFB0'),(1342,'肩宽',NULL,NULL,NULL,NULL,NULL,NULL,283,'3B15FDFF-1DAB-4088-95D0-4FF8354E11DD',1,'1D4A7BE3-1341-45D8-A04B-1F04E944CFB0'),(1343,'袖长',NULL,NULL,NULL,NULL,NULL,NULL,283,'3B15FDFF-1DAB-4088-95D0-4FF8354E11DD',6,'1D4A7BE3-1341-45D8-A04B-1F04E944CFB0'),(1344,'腰围(周长)',NULL,NULL,NULL,NULL,NULL,NULL,283,'3B15FDFF-1DAB-4088-95D0-4FF8354E11DD',3,'1D4A7BE3-1341-45D8-A04B-1F04E944CFB0'),(1345,'系带宽',NULL,NULL,NULL,NULL,NULL,NULL,284,'184CF0FD-91F6-4BB5-B840-53081F1A7642',4,'A3B9F889-A539-4600-A99C-8BB2B3D5DA17'),(1346,'宽度',NULL,NULL,NULL,NULL,NULL,NULL,284,'184CF0FD-91F6-4BB5-B840-53081F1A7642',2,'A3B9F889-A539-4600-A99C-8BB2B3D5DA17'),(1347,'长度',NULL,NULL,NULL,NULL,NULL,NULL,284,'184CF0FD-91F6-4BB5-B840-53081F1A7642',1,'A3B9F889-A539-4600-A99C-8BB2B3D5DA17'),(1348,'系带长',NULL,NULL,NULL,NULL,NULL,NULL,284,'184CF0FD-91F6-4BB5-B840-53081F1A7642',3,'A3B9F889-A539-4600-A99C-8BB2B3D5DA17'),(1349,'鞋宽',NULL,NULL,NULL,NULL,NULL,NULL,285,'3593E535-D5D7-4F5B-9CFC-53395AA2D785',4,'8CDA2CA0-9687-48F5-81AC-F245440776F9'),(1350,'内长',NULL,NULL,NULL,NULL,NULL,NULL,285,'3593E535-D5D7-4F5B-9CFC-53395AA2D785',3,'8CDA2CA0-9687-48F5-81AC-F245440776F9'),(1351,'鞋跟高',NULL,NULL,NULL,NULL,NULL,NULL,285,'3593E535-D5D7-4F5B-9CFC-53395AA2D785',1,'8CDA2CA0-9687-48F5-81AC-F245440776F9'),(1352,'中国码',NULL,NULL,NULL,NULL,NULL,NULL,285,'3593E535-D5D7-4F5B-9CFC-53395AA2D785',5,'8CDA2CA0-9687-48F5-81AC-F245440776F9'),(1353,'鞋帮高',NULL,NULL,NULL,NULL,NULL,NULL,285,'3593E535-D5D7-4F5B-9CFC-53395AA2D785',2,'8CDA2CA0-9687-48F5-81AC-F245440776F9'),(1354,'宽度',NULL,NULL,NULL,NULL,NULL,NULL,286,'80572AE6-22C5-4A7D-BC8C-54685AE04D3F',2,'9C5ACC30-5663-4B51-A94F-2EA5C9747898'),(1355,'长度',NULL,NULL,NULL,NULL,NULL,NULL,286,'80572AE6-22C5-4A7D-BC8C-54685AE04D3F',1,'9C5ACC30-5663-4B51-A94F-2EA5C9747898'),(1356,'厚度',NULL,NULL,NULL,NULL,NULL,NULL,286,'80572AE6-22C5-4A7D-BC8C-54685AE04D3F',3,'9C5ACC30-5663-4B51-A94F-2EA5C9747898'),(1357,'臀围(周长)',NULL,NULL,NULL,NULL,NULL,NULL,287,'C13E7E93-8099-4A12-9644-5546FFE4E894',4,'FFC692C8-1DBA-4AA5-BD09-FD8A6DEEFA31'),(1358,'腰围(周长)',NULL,NULL,NULL,NULL,NULL,NULL,287,'C13E7E93-8099-4A12-9644-5546FFE4E894',3,'FFC692C8-1DBA-4AA5-BD09-FD8A6DEEFA31'),(1359,'肩宽',NULL,NULL,NULL,NULL,NULL,NULL,287,'C13E7E93-8099-4A12-9644-5546FFE4E894',1,'FFC692C8-1DBA-4AA5-BD09-FD8A6DEEFA31'),(1360,'袖长',NULL,NULL,NULL,NULL,NULL,NULL,287,'C13E7E93-8099-4A12-9644-5546FFE4E894',7,'FFC692C8-1DBA-4AA5-BD09-FD8A6DEEFA31'),(1361,'中国码',NULL,NULL,NULL,NULL,NULL,NULL,287,'C13E7E93-8099-4A12-9644-5546FFE4E894',10,'FFC692C8-1DBA-4AA5-BD09-FD8A6DEEFA31'),(1362,'上衣长',NULL,NULL,NULL,NULL,NULL,NULL,287,'C13E7E93-8099-4A12-9644-5546FFE4E894',8,'FFC692C8-1DBA-4AA5-BD09-FD8A6DEEFA31'),(1363,'裤脚围(周长)',NULL,NULL,NULL,NULL,NULL,NULL,287,'C13E7E93-8099-4A12-9644-5546FFE4E894',5,'FFC692C8-1DBA-4AA5-BD09-FD8A6DEEFA31'),(1364,'胸围(周长)',NULL,NULL,NULL,NULL,NULL,NULL,287,'C13E7E93-8099-4A12-9644-5546FFE4E894',2,'FFC692C8-1DBA-4AA5-BD09-FD8A6DEEFA31'),(1365,'裤长',NULL,NULL,NULL,NULL,NULL,NULL,287,'C13E7E93-8099-4A12-9644-5546FFE4E894',9,'FFC692C8-1DBA-4AA5-BD09-FD8A6DEEFA31'),(1366,'前立裆',NULL,NULL,NULL,NULL,NULL,NULL,287,'C13E7E93-8099-4A12-9644-5546FFE4E894',6,'FFC692C8-1DBA-4AA5-BD09-FD8A6DEEFA31'),(1367,'腰围(周长)',NULL,NULL,NULL,NULL,NULL,NULL,288,'A6E252FB-5C22-4F54-B3DC-555BE29B44FB',3,'4BC4302C-5772-4F98-BB48-52617A58BBBC'),(1368,'下摆围(周长)',NULL,NULL,NULL,NULL,NULL,NULL,288,'A6E252FB-5C22-4F54-B3DC-555BE29B44FB',4,'4BC4302C-5772-4F98-BB48-52617A58BBBC'),(1369,'袖长',NULL,NULL,NULL,NULL,NULL,NULL,288,'A6E252FB-5C22-4F54-B3DC-555BE29B44FB',6,'4BC4302C-5772-4F98-BB48-52617A58BBBC'),(1370,'胸围(周长)',NULL,NULL,NULL,NULL,NULL,NULL,288,'A6E252FB-5C22-4F54-B3DC-555BE29B44FB',2,'4BC4302C-5772-4F98-BB48-52617A58BBBC'),(1371,'衣长',NULL,NULL,NULL,NULL,NULL,NULL,288,'A6E252FB-5C22-4F54-B3DC-555BE29B44FB',5,'4BC4302C-5772-4F98-BB48-52617A58BBBC'),(1372,'中国码',NULL,NULL,NULL,NULL,NULL,NULL,288,'A6E252FB-5C22-4F54-B3DC-555BE29B44FB',7,'4BC4302C-5772-4F98-BB48-52617A58BBBC'),(1373,'肩宽',NULL,NULL,NULL,NULL,NULL,NULL,288,'A6E252FB-5C22-4F54-B3DC-555BE29B44FB',1,'4BC4302C-5772-4F98-BB48-52617A58BBBC'),(1374,'宽度',NULL,NULL,NULL,NULL,NULL,NULL,289,'6A112131-8CCE-49D7-8DF0-5A8868C1292E',2,'7590A392-2744-4C6A-95C8-B9B68045B8C1'),(1375,'长度',NULL,NULL,NULL,NULL,NULL,NULL,289,'6A112131-8CCE-49D7-8DF0-5A8868C1292E',1,'7590A392-2744-4C6A-95C8-B9B68045B8C1'),(1376,'厚度',NULL,NULL,NULL,NULL,NULL,NULL,289,'6A112131-8CCE-49D7-8DF0-5A8868C1292E',3,'7590A392-2744-4C6A-95C8-B9B68045B8C1'),(1377,'高度',NULL,NULL,NULL,NULL,NULL,NULL,291,'5C51AF96-B012-4892-B972-5E1AF35D9E52',1,'6BBA15B2-24B0-40F3-85C1-B2F4F36B5AF0'),(1378,'宽度',NULL,NULL,NULL,NULL,NULL,NULL,291,'5C51AF96-B012-4892-B972-5E1AF35D9E52',2,'6BBA15B2-24B0-40F3-85C1-B2F4F36B5AF0'),(1379,'内长',NULL,NULL,NULL,NULL,NULL,NULL,292,'F7C5F30F-4299-4298-8083-5E571A8EECE2',2,'6477FA9D-89A2-46A8-956D-93810174D0E6'),(1380,'鞋宽',NULL,NULL,NULL,NULL,NULL,NULL,292,'F7C5F30F-4299-4298-8083-5E571A8EECE2',3,'6477FA9D-89A2-46A8-956D-93810174D0E6'),(1381,'鞋跟高',NULL,NULL,NULL,NULL,NULL,NULL,292,'F7C5F30F-4299-4298-8083-5E571A8EECE2',1,'6477FA9D-89A2-46A8-956D-93810174D0E6'),(1382,'中国码',NULL,NULL,NULL,NULL,NULL,NULL,292,'F7C5F30F-4299-4298-8083-5E571A8EECE2',4,'6477FA9D-89A2-46A8-956D-93810174D0E6'),(1383,'内长',NULL,NULL,NULL,NULL,NULL,NULL,293,'8F86E2B1-8938-4E84-813B-60E99AF85196',2,'6477FA9D-89A2-46A8-956D-93810174D0E6'),(1384,'鞋宽',NULL,NULL,NULL,NULL,NULL,NULL,293,'8F86E2B1-8938-4E84-813B-60E99AF85196',3,'6477FA9D-89A2-46A8-956D-93810174D0E6'),(1385,'鞋跟高',NULL,NULL,NULL,NULL,NULL,NULL,293,'8F86E2B1-8938-4E84-813B-60E99AF85196',1,'6477FA9D-89A2-46A8-956D-93810174D0E6'),(1386,'中国码',NULL,NULL,NULL,NULL,NULL,NULL,293,'8F86E2B1-8938-4E84-813B-60E99AF85196',4,'6477FA9D-89A2-46A8-956D-93810174D0E6'),(1387,'鞋宽',NULL,NULL,NULL,NULL,NULL,NULL,294,'C38CF698-F65C-4672-8ECE-614BD344F2BF',4,'C2BE7484-81AB-4DCB-B829-F720525B93F4'),(1388,'鞋帮高',NULL,NULL,NULL,NULL,NULL,NULL,294,'C38CF698-F65C-4672-8ECE-614BD344F2BF',2,'C2BE7484-81AB-4DCB-B829-F720525B93F4'),(1389,'中国码',NULL,NULL,NULL,NULL,NULL,NULL,294,'C38CF698-F65C-4672-8ECE-614BD344F2BF',5,'C2BE7484-81AB-4DCB-B829-F720525B93F4'),(1390,'内长',NULL,NULL,NULL,NULL,NULL,NULL,294,'C38CF698-F65C-4672-8ECE-614BD344F2BF',3,'C2BE7484-81AB-4DCB-B829-F720525B93F4'),(1391,'鞋跟高',NULL,NULL,NULL,NULL,NULL,NULL,294,'C38CF698-F65C-4672-8ECE-614BD344F2BF',1,'C2BE7484-81AB-4DCB-B829-F720525B93F4'),(1392,'长度',NULL,NULL,NULL,NULL,NULL,NULL,295,'2710C17A-9C4D-41DE-B4DE-62A6D04F67FD',1,'A11E9A33-177E-4D18-99F1-28E5685C56AE'),(1393,'宽度',NULL,NULL,NULL,NULL,NULL,NULL,295,'2710C17A-9C4D-41DE-B4DE-62A6D04F67FD',2,'A11E9A33-177E-4D18-99F1-28E5685C56AE'),(1394,'臀围(周长)',NULL,NULL,NULL,NULL,NULL,NULL,296,'CECBBBA2-8D94-44A2-8738-62BE507322CF',2,'6F361B54-8AA7-4898-AA40-10EE7F1EE746'),(1395,'腰围(周长)',NULL,NULL,NULL,NULL,NULL,NULL,296,'CECBBBA2-8D94-44A2-8738-62BE507322CF',1,'6F361B54-8AA7-4898-AA40-10EE7F1EE746'),(1396,'裙摆围(周长)',NULL,NULL,NULL,NULL,NULL,NULL,296,'CECBBBA2-8D94-44A2-8738-62BE507322CF',3,'6F361B54-8AA7-4898-AA40-10EE7F1EE746'),(1397,'中国码',NULL,NULL,NULL,NULL,NULL,NULL,296,'CECBBBA2-8D94-44A2-8738-62BE507322CF',5,'6F361B54-8AA7-4898-AA40-10EE7F1EE746'),(1398,'裙长',NULL,NULL,NULL,NULL,NULL,NULL,296,'CECBBBA2-8D94-44A2-8738-62BE507322CF',4,'6F361B54-8AA7-4898-AA40-10EE7F1EE746'),(1399,'腰围(周长)',NULL,NULL,NULL,NULL,NULL,NULL,297,'ED7EA77B-8069-4C5C-AB91-62D6E44660C0',3,'4BC4302C-5772-4F98-BB48-52617A58BBBC'),(1400,'下摆围(周长)',NULL,NULL,NULL,NULL,NULL,NULL,297,'ED7EA77B-8069-4C5C-AB91-62D6E44660C0',4,'4BC4302C-5772-4F98-BB48-52617A58BBBC'),(1401,'袖长',NULL,NULL,NULL,NULL,NULL,NULL,297,'ED7EA77B-8069-4C5C-AB91-62D6E44660C0',6,'4BC4302C-5772-4F98-BB48-52617A58BBBC'),(1402,'胸围(周长)',NULL,NULL,NULL,NULL,NULL,NULL,297,'ED7EA77B-8069-4C5C-AB91-62D6E44660C0',2,'4BC4302C-5772-4F98-BB48-52617A58BBBC'),(1403,'衣长',NULL,NULL,NULL,NULL,NULL,NULL,297,'ED7EA77B-8069-4C5C-AB91-62D6E44660C0',5,'4BC4302C-5772-4F98-BB48-52617A58BBBC'),(1404,'中国码',NULL,NULL,NULL,NULL,NULL,NULL,297,'ED7EA77B-8069-4C5C-AB91-62D6E44660C0',7,'4BC4302C-5772-4F98-BB48-52617A58BBBC'),(1405,'肩宽',NULL,NULL,NULL,NULL,NULL,NULL,297,'ED7EA77B-8069-4C5C-AB91-62D6E44660C0',1,'4BC4302C-5772-4F98-BB48-52617A58BBBC'),(1406,'高度',NULL,NULL,NULL,NULL,NULL,NULL,298,'B562507A-B0B4-4547-ACE6-637C27A63D7B',3,'5A31C3E9-9B25-4EFC-B2BB-AF7F3DD0D4D6'),(1407,'距地面高',NULL,NULL,NULL,NULL,NULL,NULL,298,'B562507A-B0B4-4547-ACE6-637C27A63D7B',5,'5A31C3E9-9B25-4EFC-B2BB-AF7F3DD0D4D6'),(1408,'宽度',NULL,NULL,NULL,NULL,NULL,NULL,298,'B562507A-B0B4-4547-ACE6-637C27A63D7B',2,'5A31C3E9-9B25-4EFC-B2BB-AF7F3DD0D4D6'),(1409,'长度',NULL,NULL,NULL,NULL,NULL,NULL,298,'B562507A-B0B4-4547-ACE6-637C27A63D7B',1,'5A31C3E9-9B25-4EFC-B2BB-AF7F3DD0D4D6'),(1410,'深度',NULL,NULL,NULL,NULL,NULL,NULL,298,'B562507A-B0B4-4547-ACE6-637C27A63D7B',4,'5A31C3E9-9B25-4EFC-B2BB-AF7F3DD0D4D6'),(1411,'长度',NULL,NULL,NULL,NULL,NULL,NULL,299,'FBE77B66-4BFB-4776-954A-65D1AAFBC1A2',1,'40473357-AEE1-4880-AC52-98451EFC0013'),(1412,'腰围',NULL,NULL,NULL,NULL,NULL,NULL,300,'62AA5452-D9DD-405E-A0F6-6652A96B7B08',3,'EEB06EEE-5A0B-401E-912F-3FC296FE1DC0'),(1413,'肩宽',NULL,NULL,NULL,NULL,NULL,NULL,300,'62AA5452-D9DD-405E-A0F6-6652A96B7B08',1,'EEB06EEE-5A0B-401E-912F-3FC296FE1DC0'),(1414,'胸围',NULL,NULL,NULL,NULL,NULL,NULL,300,'62AA5452-D9DD-405E-A0F6-6652A96B7B08',2,'EEB06EEE-5A0B-401E-912F-3FC296FE1DC0'),(1415,'中国码',NULL,NULL,NULL,NULL,NULL,NULL,300,'62AA5452-D9DD-405E-A0F6-6652A96B7B08',7,'EEB06EEE-5A0B-401E-912F-3FC296FE1DC0'),(1416,'下摆围',NULL,NULL,NULL,NULL,NULL,NULL,300,'62AA5452-D9DD-405E-A0F6-6652A96B7B08',4,'EEB06EEE-5A0B-401E-912F-3FC296FE1DC0'),(1417,'衣长',NULL,NULL,NULL,NULL,NULL,NULL,300,'62AA5452-D9DD-405E-A0F6-6652A96B7B08',5,'EEB06EEE-5A0B-401E-912F-3FC296FE1DC0'),(1418,'袖长',NULL,NULL,NULL,NULL,NULL,NULL,300,'62AA5452-D9DD-405E-A0F6-6652A96B7B08',6,'EEB06EEE-5A0B-401E-912F-3FC296FE1DC0'),(1419,'袖长',NULL,NULL,NULL,NULL,NULL,NULL,301,'8314F3E1-7DE9-476B-8F14-67F807BCABBC',5,'1018D69C-B6B1-4E4A-960B-ADB54F48A51E'),(1420,'衣长',NULL,NULL,NULL,NULL,NULL,NULL,301,'8314F3E1-7DE9-476B-8F14-67F807BCABBC',6,'1018D69C-B6B1-4E4A-960B-ADB54F48A51E'),(1421,'裤长',NULL,NULL,NULL,NULL,NULL,NULL,301,'8314F3E1-7DE9-476B-8F14-67F807BCABBC',10,'1018D69C-B6B1-4E4A-960B-ADB54F48A51E'),(1422,'肩宽',NULL,NULL,NULL,NULL,NULL,NULL,301,'8314F3E1-7DE9-476B-8F14-67F807BCABBC',1,'1018D69C-B6B1-4E4A-960B-ADB54F48A51E'),(1423,'臀围（周长）',NULL,NULL,NULL,NULL,NULL,NULL,301,'8314F3E1-7DE9-476B-8F14-67F807BCABBC',8,'1018D69C-B6B1-4E4A-960B-ADB54F48A51E'),(1424,'下摆围（周长）',NULL,NULL,NULL,NULL,NULL,NULL,301,'8314F3E1-7DE9-476B-8F14-67F807BCABBC',4,'1018D69C-B6B1-4E4A-960B-ADB54F48A51E'),(1425,'中国码',NULL,NULL,NULL,NULL,NULL,NULL,301,'8314F3E1-7DE9-476B-8F14-67F807BCABBC',11,'1018D69C-B6B1-4E4A-960B-ADB54F48A51E'),(1426,'胸围（周长）',NULL,NULL,NULL,NULL,NULL,NULL,301,'8314F3E1-7DE9-476B-8F14-67F807BCABBC',2,'1018D69C-B6B1-4E4A-960B-ADB54F48A51E'),(1427,'前立裆',NULL,NULL,NULL,NULL,NULL,NULL,301,'8314F3E1-7DE9-476B-8F14-67F807BCABBC',9,'1018D69C-B6B1-4E4A-960B-ADB54F48A51E'),(1428,'腰围（周长）',NULL,NULL,NULL,NULL,NULL,NULL,301,'8314F3E1-7DE9-476B-8F14-67F807BCABBC',3,'1018D69C-B6B1-4E4A-960B-ADB54F48A51E'),(1429,'裤腰围（周长）',NULL,NULL,NULL,NULL,NULL,NULL,301,'8314F3E1-7DE9-476B-8F14-67F807BCABBC',7,'1018D69C-B6B1-4E4A-960B-ADB54F48A51E'),(1430,'腰围(周长)',NULL,NULL,NULL,NULL,NULL,NULL,302,'AEEA6C38-B2D5-418E-A7D6-684217DC52E7',3,'4BC4302C-5772-4F98-BB48-52617A58BBBC'),(1431,'下摆围(周长)',NULL,NULL,NULL,NULL,NULL,NULL,302,'AEEA6C38-B2D5-418E-A7D6-684217DC52E7',4,'4BC4302C-5772-4F98-BB48-52617A58BBBC'),(1432,'袖长',NULL,NULL,NULL,NULL,NULL,NULL,302,'AEEA6C38-B2D5-418E-A7D6-684217DC52E7',6,'4BC4302C-5772-4F98-BB48-52617A58BBBC'),(1433,'胸围(周长)',NULL,NULL,NULL,NULL,NULL,NULL,302,'AEEA6C38-B2D5-418E-A7D6-684217DC52E7',2,'4BC4302C-5772-4F98-BB48-52617A58BBBC'),(1434,'衣长',NULL,NULL,NULL,NULL,NULL,NULL,302,'AEEA6C38-B2D5-418E-A7D6-684217DC52E7',5,'4BC4302C-5772-4F98-BB48-52617A58BBBC'),(1435,'中国码',NULL,NULL,NULL,NULL,NULL,NULL,302,'AEEA6C38-B2D5-418E-A7D6-684217DC52E7',7,'4BC4302C-5772-4F98-BB48-52617A58BBBC'),(1436,'肩宽',NULL,NULL,NULL,NULL,NULL,NULL,302,'AEEA6C38-B2D5-418E-A7D6-684217DC52E7',1,'4BC4302C-5772-4F98-BB48-52617A58BBBC'),(1437,'帽沿长',NULL,NULL,NULL,NULL,NULL,NULL,303,'4FA4422E-09D1-4E19-BA0A-685D6060251E',2,'58DBBA71-6EF3-42AE-A63B-14A09DD98434'),(1438,'头围(周长)',NULL,NULL,NULL,NULL,NULL,NULL,303,'4FA4422E-09D1-4E19-BA0A-685D6060251E',1,'58DBBA71-6EF3-42AE-A63B-14A09DD98434'),(1439,'脚踝围(周长)',NULL,NULL,NULL,NULL,NULL,NULL,304,'F2F43880-C866-4516-A39F-69D0ADC8D732',3,'03524953-BB55-474F-A039-640EA5157F4F'),(1440,'鞋宽',NULL,NULL,NULL,NULL,NULL,NULL,304,'F2F43880-C866-4516-A39F-69D0ADC8D732',7,'03524953-BB55-474F-A039-640EA5157F4F'),(1441,'内长',NULL,NULL,NULL,NULL,NULL,NULL,304,'F2F43880-C866-4516-A39F-69D0ADC8D732',6,'03524953-BB55-474F-A039-640EA5157F4F'),(1442,'防水台',NULL,NULL,NULL,NULL,NULL,NULL,304,'F2F43880-C866-4516-A39F-69D0ADC8D732',5,'03524953-BB55-474F-A039-640EA5157F4F'),(1443,'鞋跟',NULL,NULL,NULL,NULL,NULL,NULL,304,'F2F43880-C866-4516-A39F-69D0ADC8D732',4,'03524953-BB55-474F-A039-640EA5157F4F'),(1444,'筒围(周长)',NULL,NULL,NULL,NULL,NULL,NULL,304,'F2F43880-C866-4516-A39F-69D0ADC8D732',2,'03524953-BB55-474F-A039-640EA5157F4F'),(1445,'中国码',NULL,NULL,NULL,NULL,NULL,NULL,304,'F2F43880-C866-4516-A39F-69D0ADC8D732',8,'03524953-BB55-474F-A039-640EA5157F4F'),(1446,'筒高',NULL,NULL,NULL,NULL,NULL,NULL,304,'F2F43880-C866-4516-A39F-69D0ADC8D732',1,'03524953-BB55-474F-A039-640EA5157F4F'),(1447,'袖长',NULL,NULL,NULL,NULL,NULL,NULL,305,'18B369C5-55B5-4607-B865-6A036253EFA0',5,'1018D69C-B6B1-4E4A-960B-ADB54F48A51E'),(1448,'衣长',NULL,NULL,NULL,NULL,NULL,NULL,305,'18B369C5-55B5-4607-B865-6A036253EFA0',6,'1018D69C-B6B1-4E4A-960B-ADB54F48A51E'),(1449,'裤长',NULL,NULL,NULL,NULL,NULL,NULL,305,'18B369C5-55B5-4607-B865-6A036253EFA0',10,'1018D69C-B6B1-4E4A-960B-ADB54F48A51E'),(1450,'肩宽',NULL,NULL,NULL,NULL,NULL,NULL,305,'18B369C5-55B5-4607-B865-6A036253EFA0',1,'1018D69C-B6B1-4E4A-960B-ADB54F48A51E'),(1451,'臀围（周长）',NULL,NULL,NULL,NULL,NULL,NULL,305,'18B369C5-55B5-4607-B865-6A036253EFA0',8,'1018D69C-B6B1-4E4A-960B-ADB54F48A51E'),(1452,'下摆围（周长）',NULL,NULL,NULL,NULL,NULL,NULL,305,'18B369C5-55B5-4607-B865-6A036253EFA0',4,'1018D69C-B6B1-4E4A-960B-ADB54F48A51E'),(1453,'中国码',NULL,NULL,NULL,NULL,NULL,NULL,305,'18B369C5-55B5-4607-B865-6A036253EFA0',11,'1018D69C-B6B1-4E4A-960B-ADB54F48A51E'),(1454,'胸围（周长）',NULL,NULL,NULL,NULL,NULL,NULL,305,'18B369C5-55B5-4607-B865-6A036253EFA0',2,'1018D69C-B6B1-4E4A-960B-ADB54F48A51E'),(1455,'前立裆',NULL,NULL,NULL,NULL,NULL,NULL,305,'18B369C5-55B5-4607-B865-6A036253EFA0',9,'1018D69C-B6B1-4E4A-960B-ADB54F48A51E'),(1456,'腰围（周长）',NULL,NULL,NULL,NULL,NULL,NULL,305,'18B369C5-55B5-4607-B865-6A036253EFA0',3,'1018D69C-B6B1-4E4A-960B-ADB54F48A51E'),(1457,'裤腰围（周长）',NULL,NULL,NULL,NULL,NULL,NULL,305,'18B369C5-55B5-4607-B865-6A036253EFA0',7,'1018D69C-B6B1-4E4A-960B-ADB54F48A51E'),(1458,'腰带全长',NULL,NULL,NULL,NULL,NULL,NULL,306,'BCEAA05A-68C0-473A-A77E-6A3FB85339E2',4,'EA05C5F2-E7A2-42C5-A517-93CE761440A7'),(1459,'最小腰围',NULL,NULL,NULL,NULL,NULL,NULL,306,'BCEAA05A-68C0-473A-A77E-6A3FB85339E2',6,'EA05C5F2-E7A2-42C5-A517-93CE761440A7'),(1460,'最大腰围',NULL,NULL,NULL,NULL,NULL,NULL,306,'BCEAA05A-68C0-473A-A77E-6A3FB85339E2',5,'EA05C5F2-E7A2-42C5-A517-93CE761440A7'),(1461,'带头长',NULL,NULL,NULL,NULL,NULL,NULL,306,'BCEAA05A-68C0-473A-A77E-6A3FB85339E2',1,'EA05C5F2-E7A2-42C5-A517-93CE761440A7'),(1462,'中国码',NULL,NULL,NULL,NULL,NULL,NULL,306,'BCEAA05A-68C0-473A-A77E-6A3FB85339E2',7,'EA05C5F2-E7A2-42C5-A517-93CE761440A7'),(1463,'带头宽',NULL,NULL,NULL,NULL,NULL,NULL,306,'BCEAA05A-68C0-473A-A77E-6A3FB85339E2',2,'EA05C5F2-E7A2-42C5-A517-93CE761440A7'),(1464,'带体宽',NULL,NULL,NULL,NULL,NULL,NULL,306,'BCEAA05A-68C0-473A-A77E-6A3FB85339E2',3,'EA05C5F2-E7A2-42C5-A517-93CE761440A7'),(1465,'长度',NULL,NULL,NULL,NULL,NULL,NULL,307,'E8E5E6FE-CD6B-4572-9672-6A420D3D7109',1,'A11E9A33-177E-4D18-99F1-28E5685C56AE'),(1466,'宽度',NULL,NULL,NULL,NULL,NULL,NULL,307,'E8E5E6FE-CD6B-4572-9672-6A420D3D7109',2,'A11E9A33-177E-4D18-99F1-28E5685C56AE'),(1467,'脚踝围(周长)',NULL,NULL,NULL,NULL,NULL,NULL,308,'45E542C1-006A-4573-BC62-6A670C751FB1',3,'03524953-BB55-474F-A039-640EA5157F4F'),(1468,'鞋宽',NULL,NULL,NULL,NULL,NULL,NULL,308,'45E542C1-006A-4573-BC62-6A670C751FB1',7,'03524953-BB55-474F-A039-640EA5157F4F'),(1469,'内长',NULL,NULL,NULL,NULL,NULL,NULL,308,'45E542C1-006A-4573-BC62-6A670C751FB1',6,'03524953-BB55-474F-A039-640EA5157F4F'),(1470,'防水台',NULL,NULL,NULL,NULL,NULL,NULL,308,'45E542C1-006A-4573-BC62-6A670C751FB1',5,'03524953-BB55-474F-A039-640EA5157F4F'),(1471,'鞋跟',NULL,NULL,NULL,NULL,NULL,NULL,308,'45E542C1-006A-4573-BC62-6A670C751FB1',4,'03524953-BB55-474F-A039-640EA5157F4F'),(1472,'筒围(周长)',NULL,NULL,NULL,NULL,NULL,NULL,308,'45E542C1-006A-4573-BC62-6A670C751FB1',2,'03524953-BB55-474F-A039-640EA5157F4F'),(1473,'中国码',NULL,NULL,NULL,NULL,NULL,NULL,308,'45E542C1-006A-4573-BC62-6A670C751FB1',8,'03524953-BB55-474F-A039-640EA5157F4F'),(1474,'筒高',NULL,NULL,NULL,NULL,NULL,NULL,308,'45E542C1-006A-4573-BC62-6A670C751FB1',1,'03524953-BB55-474F-A039-640EA5157F4F'),(1475,'内长',NULL,NULL,NULL,NULL,NULL,NULL,309,'5CD9DB5F-3547-451C-9D78-6CDC3A6E607E',2,'6477FA9D-89A2-46A8-956D-93810174D0E6'),(1476,'鞋宽',NULL,NULL,NULL,NULL,NULL,NULL,309,'5CD9DB5F-3547-451C-9D78-6CDC3A6E607E',3,'6477FA9D-89A2-46A8-956D-93810174D0E6'),(1477,'鞋跟高',NULL,NULL,NULL,NULL,NULL,NULL,309,'5CD9DB5F-3547-451C-9D78-6CDC3A6E607E',1,'6477FA9D-89A2-46A8-956D-93810174D0E6'),(1478,'中国码',NULL,NULL,NULL,NULL,NULL,NULL,309,'5CD9DB5F-3547-451C-9D78-6CDC3A6E607E',4,'6477FA9D-89A2-46A8-956D-93810174D0E6'),(1479,'腰围(周长)',NULL,NULL,NULL,NULL,NULL,NULL,310,'1550A79A-DB64-47BC-9098-6D015625A700',3,'4BC4302C-5772-4F98-BB48-52617A58BBBC'),(1480,'下摆围(周长)',NULL,NULL,NULL,NULL,NULL,NULL,310,'1550A79A-DB64-47BC-9098-6D015625A700',4,'4BC4302C-5772-4F98-BB48-52617A58BBBC'),(1481,'袖长',NULL,NULL,NULL,NULL,NULL,NULL,310,'1550A79A-DB64-47BC-9098-6D015625A700',6,'4BC4302C-5772-4F98-BB48-52617A58BBBC'),(1482,'胸围(周长)',NULL,NULL,NULL,NULL,NULL,NULL,310,'1550A79A-DB64-47BC-9098-6D015625A700',2,'4BC4302C-5772-4F98-BB48-52617A58BBBC'),(1483,'衣长',NULL,NULL,NULL,NULL,NULL,NULL,310,'1550A79A-DB64-47BC-9098-6D015625A700',5,'4BC4302C-5772-4F98-BB48-52617A58BBBC'),(1484,'中国码',NULL,NULL,NULL,NULL,NULL,NULL,310,'1550A79A-DB64-47BC-9098-6D015625A700',7,'4BC4302C-5772-4F98-BB48-52617A58BBBC'),(1485,'肩宽',NULL,NULL,NULL,NULL,NULL,NULL,310,'1550A79A-DB64-47BC-9098-6D015625A700',1,'4BC4302C-5772-4F98-BB48-52617A58BBBC'),(1486,'高度',NULL,NULL,NULL,NULL,NULL,NULL,311,'AE2DAE2A-CA43-4A0F-8E7E-6D9E180466A6',1,'6BBA15B2-24B0-40F3-85C1-B2F4F36B5AF0'),(1487,'宽度',NULL,NULL,NULL,NULL,NULL,NULL,311,'AE2DAE2A-CA43-4A0F-8E7E-6D9E180466A6',2,'6BBA15B2-24B0-40F3-85C1-B2F4F36B5AF0'),(1488,'项链坠长度',NULL,NULL,NULL,NULL,NULL,NULL,312,'0200E87D-5FB8-40F7-9F7B-6EE8587B3204',2,'09BBEF5D-0805-4B3B-BB77-6C24A522B0FD'),(1489,'项链坠厚度',NULL,NULL,NULL,NULL,NULL,NULL,312,'0200E87D-5FB8-40F7-9F7B-6EE8587B3204',4,'09BBEF5D-0805-4B3B-BB77-6C24A522B0FD'),(1490,'项链坠宽度',NULL,NULL,NULL,NULL,NULL,NULL,312,'0200E87D-5FB8-40F7-9F7B-6EE8587B3204',3,'09BBEF5D-0805-4B3B-BB77-6C24A522B0FD'),(1491,'周长',NULL,NULL,NULL,NULL,NULL,NULL,312,'0200E87D-5FB8-40F7-9F7B-6EE8587B3204',1,'09BBEF5D-0805-4B3B-BB77-6C24A522B0FD'),(1492,'中指长',NULL,NULL,NULL,NULL,NULL,NULL,313,'C71AB952-B41F-4A59-84A2-6F2F6CEC9A68',1,'BB99FC02-5D51-45C2-87B9-ADFF43EB716D'),(1493,'全长',NULL,NULL,NULL,NULL,NULL,NULL,313,'C71AB952-B41F-4A59-84A2-6F2F6CEC9A68',3,'BB99FC02-5D51-45C2-87B9-ADFF43EB716D'),(1494,'手掌宽',NULL,NULL,NULL,NULL,NULL,NULL,313,'C71AB952-B41F-4A59-84A2-6F2F6CEC9A68',2,'BB99FC02-5D51-45C2-87B9-ADFF43EB716D'),(1495,'袖长',NULL,NULL,NULL,NULL,NULL,NULL,314,'87496DE8-EEA6-47D9-8B26-7039773B7CE7',6,'89448EA5-A31D-4023-9F9A-0E48F9B1686B'),(1496,'肩宽',NULL,NULL,NULL,NULL,NULL,NULL,314,'87496DE8-EEA6-47D9-8B26-7039773B7CE7',1,'89448EA5-A31D-4023-9F9A-0E48F9B1686B'),(1497,'腰围(周长)',NULL,NULL,NULL,NULL,NULL,NULL,314,'87496DE8-EEA6-47D9-8B26-7039773B7CE7',3,'89448EA5-A31D-4023-9F9A-0E48F9B1686B'),(1498,'中国码',NULL,NULL,NULL,NULL,NULL,NULL,314,'87496DE8-EEA6-47D9-8B26-7039773B7CE7',7,'89448EA5-A31D-4023-9F9A-0E48F9B1686B'),(1499,'衣长',NULL,NULL,NULL,NULL,NULL,NULL,314,'87496DE8-EEA6-47D9-8B26-7039773B7CE7',5,'89448EA5-A31D-4023-9F9A-0E48F9B1686B'),(1500,'下摆围(周长)',NULL,NULL,NULL,NULL,NULL,NULL,314,'87496DE8-EEA6-47D9-8B26-7039773B7CE7',4,'89448EA5-A31D-4023-9F9A-0E48F9B1686B'),(1501,'胸围(周长)',NULL,NULL,NULL,NULL,NULL,NULL,314,'87496DE8-EEA6-47D9-8B26-7039773B7CE7',2,'89448EA5-A31D-4023-9F9A-0E48F9B1686B'),(1502,'下摆围(周长)',NULL,NULL,NULL,NULL,NULL,NULL,315,'6F668D22-4D12-4752-96CC-73E04E8730F3',4,'1D4A7BE3-1341-45D8-A04B-1F04E944CFB0'),(1503,'胸围(周长)',NULL,NULL,NULL,NULL,NULL,NULL,315,'6F668D22-4D12-4752-96CC-73E04E8730F3',2,'1D4A7BE3-1341-45D8-A04B-1F04E944CFB0'),(1504,'衣长',NULL,NULL,NULL,NULL,NULL,NULL,315,'6F668D22-4D12-4752-96CC-73E04E8730F3',5,'1D4A7BE3-1341-45D8-A04B-1F04E944CFB0'),(1505,'中国码',NULL,NULL,NULL,NULL,NULL,NULL,315,'6F668D22-4D12-4752-96CC-73E04E8730F3',7,'1D4A7BE3-1341-45D8-A04B-1F04E944CFB0'),(1506,'肩宽',NULL,NULL,NULL,NULL,NULL,NULL,315,'6F668D22-4D12-4752-96CC-73E04E8730F3',1,'1D4A7BE3-1341-45D8-A04B-1F04E944CFB0'),(1507,'袖长',NULL,NULL,NULL,NULL,NULL,NULL,315,'6F668D22-4D12-4752-96CC-73E04E8730F3',6,'1D4A7BE3-1341-45D8-A04B-1F04E944CFB0'),(1508,'腰围(周长)',NULL,NULL,NULL,NULL,NULL,NULL,315,'6F668D22-4D12-4752-96CC-73E04E8730F3',3,'1D4A7BE3-1341-45D8-A04B-1F04E944CFB0'),(1509,'腰围(周长)',NULL,NULL,NULL,NULL,NULL,NULL,316,'4D005269-DC92-4D4A-8113-74F43FFE1528',3,'9E1A5D97-37D9-444C-80ED-5DA2482FA3F8'),(1510,'下摆围(周长)',NULL,NULL,NULL,NULL,NULL,NULL,316,'4D005269-DC92-4D4A-8113-74F43FFE1528',4,'9E1A5D97-37D9-444C-80ED-5DA2482FA3F8'),(1511,'中国码',NULL,NULL,NULL,NULL,NULL,NULL,316,'4D005269-DC92-4D4A-8113-74F43FFE1528',7,'9E1A5D97-37D9-444C-80ED-5DA2482FA3F8'),(1512,'衣长',NULL,NULL,NULL,NULL,NULL,NULL,316,'4D005269-DC92-4D4A-8113-74F43FFE1528',5,'9E1A5D97-37D9-444C-80ED-5DA2482FA3F8'),(1513,'胸围(周长)',NULL,NULL,NULL,NULL,NULL,NULL,316,'4D005269-DC92-4D4A-8113-74F43FFE1528',2,'9E1A5D97-37D9-444C-80ED-5DA2482FA3F8'),(1514,'袖长',NULL,NULL,NULL,NULL,NULL,NULL,316,'4D005269-DC92-4D4A-8113-74F43FFE1528',6,'9E1A5D97-37D9-444C-80ED-5DA2482FA3F8'),(1515,'肩宽',NULL,NULL,NULL,NULL,NULL,NULL,316,'4D005269-DC92-4D4A-8113-74F43FFE1528',1,'9E1A5D97-37D9-444C-80ED-5DA2482FA3F8'),(1516,'中国码',NULL,NULL,NULL,NULL,NULL,NULL,317,'676D0880-8CF2-4D0B-A61A-75AC0ADB3707',7,'F77B05C8-BA34-4E52-9DF9-BFDE96A664D0'),(1517,'裤脚围(周长)',NULL,NULL,NULL,NULL,NULL,NULL,317,'676D0880-8CF2-4D0B-A61A-75AC0ADB3707',6,'F77B05C8-BA34-4E52-9DF9-BFDE96A664D0'),(1518,'臀围(周长)',NULL,NULL,NULL,NULL,NULL,NULL,317,'676D0880-8CF2-4D0B-A61A-75AC0ADB3707',2,'F77B05C8-BA34-4E52-9DF9-BFDE96A664D0'),(1519,'裤腰围(周长)',NULL,NULL,NULL,NULL,NULL,NULL,317,'676D0880-8CF2-4D0B-A61A-75AC0ADB3707',1,'F77B05C8-BA34-4E52-9DF9-BFDE96A664D0'),(1520,'裤长',NULL,NULL,NULL,NULL,NULL,NULL,317,'676D0880-8CF2-4D0B-A61A-75AC0ADB3707',5,'F77B05C8-BA34-4E52-9DF9-BFDE96A664D0'),(1521,'大腿围',NULL,NULL,NULL,NULL,NULL,NULL,317,'676D0880-8CF2-4D0B-A61A-75AC0ADB3707',4,'F77B05C8-BA34-4E52-9DF9-BFDE96A664D0'),(1522,'前立裆',NULL,NULL,NULL,NULL,NULL,NULL,317,'676D0880-8CF2-4D0B-A61A-75AC0ADB3707',3,'F77B05C8-BA34-4E52-9DF9-BFDE96A664D0'),(1523,'背带宽',NULL,NULL,NULL,NULL,NULL,NULL,318,'7D3BD3B8-4712-4028-B6C0-774F3C9F9A19',5,'96C414C1-4C01-47BF-B7D3-2BCE4137B43F'),(1524,'厚度',NULL,NULL,NULL,NULL,NULL,NULL,318,'7D3BD3B8-4712-4028-B6C0-774F3C9F9A19',3,'96C414C1-4C01-47BF-B7D3-2BCE4137B43F'),(1525,'高度',NULL,NULL,NULL,NULL,NULL,NULL,318,'7D3BD3B8-4712-4028-B6C0-774F3C9F9A19',1,'96C414C1-4C01-47BF-B7D3-2BCE4137B43F'),(1526,'背带长',NULL,NULL,NULL,NULL,NULL,NULL,318,'7D3BD3B8-4712-4028-B6C0-774F3C9F9A19',4,'96C414C1-4C01-47BF-B7D3-2BCE4137B43F'),(1527,'宽度',NULL,NULL,NULL,NULL,NULL,NULL,318,'7D3BD3B8-4712-4028-B6C0-774F3C9F9A19',2,'96C414C1-4C01-47BF-B7D3-2BCE4137B43F'),(1528,'袖长',NULL,NULL,NULL,NULL,NULL,NULL,319,'CC1DF6C9-EF3B-48E7-A80C-78BBD1E4D4AC',6,'969D4013-D448-445E-8EEB-2E4CFE5642F8'),(1529,'胸围(周长)',NULL,NULL,NULL,NULL,NULL,NULL,319,'CC1DF6C9-EF3B-48E7-A80C-78BBD1E4D4AC',2,'969D4013-D448-445E-8EEB-2E4CFE5642F8'),(1530,'肩宽',NULL,NULL,NULL,NULL,NULL,NULL,319,'CC1DF6C9-EF3B-48E7-A80C-78BBD1E4D4AC',1,'969D4013-D448-445E-8EEB-2E4CFE5642F8'),(1531,'中国码',NULL,NULL,NULL,NULL,NULL,NULL,319,'CC1DF6C9-EF3B-48E7-A80C-78BBD1E4D4AC',12,'969D4013-D448-445E-8EEB-2E4CFE5642F8'),(1532,'腰围(周长)',NULL,NULL,NULL,NULL,NULL,NULL,319,'CC1DF6C9-EF3B-48E7-A80C-78BBD1E4D4AC',3,'969D4013-D448-445E-8EEB-2E4CFE5642F8'),(1533,'下摆围(周长)',NULL,NULL,NULL,NULL,NULL,NULL,319,'CC1DF6C9-EF3B-48E7-A80C-78BBD1E4D4AC',4,'969D4013-D448-445E-8EEB-2E4CFE5642F8'),(1534,'衣长',NULL,NULL,NULL,NULL,NULL,NULL,319,'CC1DF6C9-EF3B-48E7-A80C-78BBD1E4D4AC',5,'969D4013-D448-445E-8EEB-2E4CFE5642F8'),(1535,'袖长',NULL,NULL,NULL,NULL,NULL,NULL,320,'467E7A38-B5DE-4162-A725-7A2905CD3A80',6,'0BCBF9AE-1E59-4BD3-8FE5-1545C95313D0'),(1536,'肩宽',NULL,NULL,NULL,NULL,NULL,NULL,320,'467E7A38-B5DE-4162-A725-7A2905CD3A80',1,'0BCBF9AE-1E59-4BD3-8FE5-1545C95313D0'),(1537,'衣长',NULL,NULL,NULL,NULL,NULL,NULL,320,'467E7A38-B5DE-4162-A725-7A2905CD3A80',5,'0BCBF9AE-1E59-4BD3-8FE5-1545C95313D0'),(1538,'袖口围(周长)',NULL,NULL,NULL,NULL,NULL,NULL,320,'467E7A38-B5DE-4162-A725-7A2905CD3A80',7,'0BCBF9AE-1E59-4BD3-8FE5-1545C95313D0'),(1539,'胸围(周长)',NULL,NULL,NULL,NULL,NULL,NULL,320,'467E7A38-B5DE-4162-A725-7A2905CD3A80',2,'0BCBF9AE-1E59-4BD3-8FE5-1545C95313D0'),(1540,'中国码',NULL,NULL,NULL,NULL,NULL,NULL,320,'467E7A38-B5DE-4162-A725-7A2905CD3A80',8,'0BCBF9AE-1E59-4BD3-8FE5-1545C95313D0'),(1541,'领围(周长)',NULL,NULL,NULL,NULL,NULL,NULL,320,'467E7A38-B5DE-4162-A725-7A2905CD3A80',4,'0BCBF9AE-1E59-4BD3-8FE5-1545C95313D0'),(1542,'腰围(周长)',NULL,NULL,NULL,NULL,NULL,NULL,320,'467E7A38-B5DE-4162-A725-7A2905CD3A80',3,'0BCBF9AE-1E59-4BD3-8FE5-1545C95313D0'),(1543,'袖长',NULL,NULL,NULL,NULL,NULL,NULL,321,'78EE1520-2665-4071-B6A7-7ACBB47B2926',6,'0BCBF9AE-1E59-4BD3-8FE5-1545C95313D0'),(1544,'肩宽',NULL,NULL,NULL,NULL,NULL,NULL,321,'78EE1520-2665-4071-B6A7-7ACBB47B2926',1,'0BCBF9AE-1E59-4BD3-8FE5-1545C95313D0'),(1545,'衣长',NULL,NULL,NULL,NULL,NULL,NULL,321,'78EE1520-2665-4071-B6A7-7ACBB47B2926',5,'0BCBF9AE-1E59-4BD3-8FE5-1545C95313D0'),(1546,'袖口围(周长)',NULL,NULL,NULL,NULL,NULL,NULL,321,'78EE1520-2665-4071-B6A7-7ACBB47B2926',7,'0BCBF9AE-1E59-4BD3-8FE5-1545C95313D0'),(1547,'胸围(周长)',NULL,NULL,NULL,NULL,NULL,NULL,321,'78EE1520-2665-4071-B6A7-7ACBB47B2926',2,'0BCBF9AE-1E59-4BD3-8FE5-1545C95313D0'),(1548,'中国码',NULL,NULL,NULL,NULL,NULL,NULL,321,'78EE1520-2665-4071-B6A7-7ACBB47B2926',8,'0BCBF9AE-1E59-4BD3-8FE5-1545C95313D0'),(1549,'领围(周长)',NULL,NULL,NULL,NULL,NULL,NULL,321,'78EE1520-2665-4071-B6A7-7ACBB47B2926',4,'0BCBF9AE-1E59-4BD3-8FE5-1545C95313D0'),(1550,'腰围(周长)',NULL,NULL,NULL,NULL,NULL,NULL,321,'78EE1520-2665-4071-B6A7-7ACBB47B2926',3,'0BCBF9AE-1E59-4BD3-8FE5-1545C95313D0'),(1551,'内长',NULL,NULL,NULL,NULL,NULL,NULL,322,'F2A63E81-60A8-47FE-85F4-7C835ECF3083',2,'6477FA9D-89A2-46A8-956D-93810174D0E6'),(1552,'鞋宽',NULL,NULL,NULL,NULL,NULL,NULL,322,'F2A63E81-60A8-47FE-85F4-7C835ECF3083',3,'6477FA9D-89A2-46A8-956D-93810174D0E6'),(1553,'鞋跟高',NULL,NULL,NULL,NULL,NULL,NULL,322,'F2A63E81-60A8-47FE-85F4-7C835ECF3083',1,'6477FA9D-89A2-46A8-956D-93810174D0E6'),(1554,'中国码',NULL,NULL,NULL,NULL,NULL,NULL,322,'F2A63E81-60A8-47FE-85F4-7C835ECF3083',4,'6477FA9D-89A2-46A8-956D-93810174D0E6'),(1555,'鞋跟高',NULL,NULL,NULL,NULL,NULL,NULL,323,'4F0F6533-7B34-4433-8357-7CA0AE28A6AC',1,'47597A31-3B97-46C5-B280-F8044FB79BCE'),(1556,'内长',NULL,NULL,NULL,NULL,NULL,NULL,323,'4F0F6533-7B34-4433-8357-7CA0AE28A6AC',3,'47597A31-3B97-46C5-B280-F8044FB79BCE'),(1557,'中国码',NULL,NULL,NULL,NULL,NULL,NULL,323,'4F0F6533-7B34-4433-8357-7CA0AE28A6AC',5,'47597A31-3B97-46C5-B280-F8044FB79BCE'),(1558,'鞋宽',NULL,NULL,NULL,NULL,NULL,NULL,323,'4F0F6533-7B34-4433-8357-7CA0AE28A6AC',4,'47597A31-3B97-46C5-B280-F8044FB79BCE'),(1559,'鞋帮高',NULL,NULL,NULL,NULL,NULL,NULL,323,'4F0F6533-7B34-4433-8357-7CA0AE28A6AC',2,'47597A31-3B97-46C5-B280-F8044FB79BCE'),(1560,'裤腰围(周长)',NULL,NULL,NULL,NULL,NULL,NULL,324,'3293BFEB-D402-4271-AE5C-7D636800AEE4',1,'1FA94E64-B96B-4B8B-ADB8-C4A9B7B92DE6'),(1561,'大腿围',NULL,NULL,NULL,NULL,NULL,NULL,324,'3293BFEB-D402-4271-AE5C-7D636800AEE4',4,'1FA94E64-B96B-4B8B-ADB8-C4A9B7B92DE6'),(1562,'臀围(周长)',NULL,NULL,NULL,NULL,NULL,NULL,324,'3293BFEB-D402-4271-AE5C-7D636800AEE4',2,'1FA94E64-B96B-4B8B-ADB8-C4A9B7B92DE6'),(1563,'中国码',NULL,NULL,NULL,NULL,NULL,NULL,324,'3293BFEB-D402-4271-AE5C-7D636800AEE4',7,'1FA94E64-B96B-4B8B-ADB8-C4A9B7B92DE6'),(1564,'裤长',NULL,NULL,NULL,NULL,NULL,NULL,324,'3293BFEB-D402-4271-AE5C-7D636800AEE4',5,'1FA94E64-B96B-4B8B-ADB8-C4A9B7B92DE6'),(1565,'裤脚围(周长)',NULL,NULL,NULL,NULL,NULL,NULL,324,'3293BFEB-D402-4271-AE5C-7D636800AEE4',6,'1FA94E64-B96B-4B8B-ADB8-C4A9B7B92DE6'),(1566,'前立裆',NULL,NULL,NULL,NULL,NULL,NULL,324,'3293BFEB-D402-4271-AE5C-7D636800AEE4',3,'1FA94E64-B96B-4B8B-ADB8-C4A9B7B92DE6'),(1567,'帽沿长',NULL,NULL,NULL,NULL,NULL,NULL,325,'FF8F100B-519D-4B76-8D92-7E09352CCD68',2,'58DBBA71-6EF3-42AE-A63B-14A09DD98434'),(1568,'头围(周长)',NULL,NULL,NULL,NULL,NULL,NULL,325,'FF8F100B-519D-4B76-8D92-7E09352CCD68',1,'58DBBA71-6EF3-42AE-A63B-14A09DD98434'),(1569,'腰带全长',NULL,NULL,NULL,NULL,NULL,NULL,326,'D4E1A60D-CFB7-419C-B792-7E863BD3D164',4,'EA05C5F2-E7A2-42C5-A517-93CE761440A7'),(1570,'最小腰围',NULL,NULL,NULL,NULL,NULL,NULL,326,'D4E1A60D-CFB7-419C-B792-7E863BD3D164',6,'EA05C5F2-E7A2-42C5-A517-93CE761440A7'),(1571,'最大腰围',NULL,NULL,NULL,NULL,NULL,NULL,326,'D4E1A60D-CFB7-419C-B792-7E863BD3D164',5,'EA05C5F2-E7A2-42C5-A517-93CE761440A7'),(1572,'带头长',NULL,NULL,NULL,NULL,NULL,NULL,326,'D4E1A60D-CFB7-419C-B792-7E863BD3D164',1,'EA05C5F2-E7A2-42C5-A517-93CE761440A7'),(1573,'中国码',NULL,NULL,NULL,NULL,NULL,NULL,326,'D4E1A60D-CFB7-419C-B792-7E863BD3D164',7,'EA05C5F2-E7A2-42C5-A517-93CE761440A7'),(1574,'带头宽',NULL,NULL,NULL,NULL,NULL,NULL,326,'D4E1A60D-CFB7-419C-B792-7E863BD3D164',2,'EA05C5F2-E7A2-42C5-A517-93CE761440A7'),(1575,'带体宽',NULL,NULL,NULL,NULL,NULL,NULL,326,'D4E1A60D-CFB7-419C-B792-7E863BD3D164',3,'EA05C5F2-E7A2-42C5-A517-93CE761440A7'),(1576,'下摆围(周长)',NULL,NULL,NULL,NULL,NULL,NULL,327,'6FC47658-AB0B-431B-94E8-7ECC084924D1',4,'1D4A7BE3-1341-45D8-A04B-1F04E944CFB0'),(1577,'胸围(周长)',NULL,NULL,NULL,NULL,NULL,NULL,327,'6FC47658-AB0B-431B-94E8-7ECC084924D1',2,'1D4A7BE3-1341-45D8-A04B-1F04E944CFB0'),(1578,'衣长',NULL,NULL,NULL,NULL,NULL,NULL,327,'6FC47658-AB0B-431B-94E8-7ECC084924D1',5,'1D4A7BE3-1341-45D8-A04B-1F04E944CFB0'),(1579,'中国码',NULL,NULL,NULL,NULL,NULL,NULL,327,'6FC47658-AB0B-431B-94E8-7ECC084924D1',7,'1D4A7BE3-1341-45D8-A04B-1F04E944CFB0'),(1580,'肩宽',NULL,NULL,NULL,NULL,NULL,NULL,327,'6FC47658-AB0B-431B-94E8-7ECC084924D1',1,'1D4A7BE3-1341-45D8-A04B-1F04E944CFB0'),(1581,'袖长',NULL,NULL,NULL,NULL,NULL,NULL,327,'6FC47658-AB0B-431B-94E8-7ECC084924D1',6,'1D4A7BE3-1341-45D8-A04B-1F04E944CFB0'),(1582,'腰围(周长)',NULL,NULL,NULL,NULL,NULL,NULL,327,'6FC47658-AB0B-431B-94E8-7ECC084924D1',3,'1D4A7BE3-1341-45D8-A04B-1F04E944CFB0'),(1583,'内长',NULL,NULL,NULL,NULL,NULL,NULL,329,'198BF89E-6112-4786-8582-82CF39955B94',2,'6477FA9D-89A2-46A8-956D-93810174D0E6'),(1584,'鞋宽',NULL,NULL,NULL,NULL,NULL,NULL,329,'198BF89E-6112-4786-8582-82CF39955B94',3,'6477FA9D-89A2-46A8-956D-93810174D0E6'),(1585,'鞋跟高',NULL,NULL,NULL,NULL,NULL,NULL,329,'198BF89E-6112-4786-8582-82CF39955B94',1,'6477FA9D-89A2-46A8-956D-93810174D0E6'),(1586,'中国码',NULL,NULL,NULL,NULL,NULL,NULL,329,'198BF89E-6112-4786-8582-82CF39955B94',4,'6477FA9D-89A2-46A8-956D-93810174D0E6'),(1587,'衣长',NULL,NULL,NULL,NULL,NULL,NULL,330,'2E0F9937-E421-43D0-A400-83C97C022A16',5,'0ED87C96-D14D-4AEC-B650-BBE4CEDE91EF'),(1588,'腰围（周长）',NULL,NULL,NULL,NULL,NULL,NULL,330,'2E0F9937-E421-43D0-A400-83C97C022A16',3,'0ED87C96-D14D-4AEC-B650-BBE4CEDE91EF'),(1589,'胸围（周长）',NULL,NULL,NULL,NULL,NULL,NULL,330,'2E0F9937-E421-43D0-A400-83C97C022A16',2,'0ED87C96-D14D-4AEC-B650-BBE4CEDE91EF'),(1590,'裤口（周长）',NULL,NULL,NULL,NULL,NULL,NULL,330,'2E0F9937-E421-43D0-A400-83C97C022A16',7,'0ED87C96-D14D-4AEC-B650-BBE4CEDE91EF'),(1591,'中国码',NULL,NULL,NULL,NULL,NULL,NULL,330,'2E0F9937-E421-43D0-A400-83C97C022A16',8,'0ED87C96-D14D-4AEC-B650-BBE4CEDE91EF'),(1592,'肩到裆',NULL,NULL,NULL,NULL,NULL,NULL,330,'2E0F9937-E421-43D0-A400-83C97C022A16',4,'0ED87C96-D14D-4AEC-B650-BBE4CEDE91EF'),(1593,'袖长',NULL,NULL,NULL,NULL,NULL,NULL,330,'2E0F9937-E421-43D0-A400-83C97C022A16',6,'0ED87C96-D14D-4AEC-B650-BBE4CEDE91EF'),(1594,'肩宽',NULL,NULL,NULL,NULL,NULL,NULL,330,'2E0F9937-E421-43D0-A400-83C97C022A16',1,'0ED87C96-D14D-4AEC-B650-BBE4CEDE91EF'),(1595,'鞋宽',NULL,NULL,NULL,NULL,NULL,NULL,332,'08FA2DB4-E2A0-4FDD-A55C-8644233073D7',4,'8CDA2CA0-9687-48F5-81AC-F245440776F9'),(1596,'内长',NULL,NULL,NULL,NULL,NULL,NULL,332,'08FA2DB4-E2A0-4FDD-A55C-8644233073D7',3,'8CDA2CA0-9687-48F5-81AC-F245440776F9'),(1597,'鞋跟高',NULL,NULL,NULL,NULL,NULL,NULL,332,'08FA2DB4-E2A0-4FDD-A55C-8644233073D7',1,'8CDA2CA0-9687-48F5-81AC-F245440776F9'),(1598,'中国码',NULL,NULL,NULL,NULL,NULL,NULL,332,'08FA2DB4-E2A0-4FDD-A55C-8644233073D7',5,'8CDA2CA0-9687-48F5-81AC-F245440776F9'),(1599,'鞋帮高',NULL,NULL,NULL,NULL,NULL,NULL,332,'08FA2DB4-E2A0-4FDD-A55C-8644233073D7',2,'8CDA2CA0-9687-48F5-81AC-F245440776F9'),(1600,'腰带全长',NULL,NULL,NULL,NULL,NULL,NULL,334,'EB80D9EB-D942-46AF-926A-8934823397D2',4,'EA05C5F2-E7A2-42C5-A517-93CE761440A7'),(1601,'最小腰围',NULL,NULL,NULL,NULL,NULL,NULL,334,'EB80D9EB-D942-46AF-926A-8934823397D2',6,'EA05C5F2-E7A2-42C5-A517-93CE761440A7'),(1602,'最大腰围',NULL,NULL,NULL,NULL,NULL,NULL,334,'EB80D9EB-D942-46AF-926A-8934823397D2',5,'EA05C5F2-E7A2-42C5-A517-93CE761440A7'),(1603,'带头长',NULL,NULL,NULL,NULL,NULL,NULL,334,'EB80D9EB-D942-46AF-926A-8934823397D2',1,'EA05C5F2-E7A2-42C5-A517-93CE761440A7'),(1604,'中国码',NULL,NULL,NULL,NULL,NULL,NULL,334,'EB80D9EB-D942-46AF-926A-8934823397D2',7,'EA05C5F2-E7A2-42C5-A517-93CE761440A7'),(1605,'带头宽',NULL,NULL,NULL,NULL,NULL,NULL,334,'EB80D9EB-D942-46AF-926A-8934823397D2',2,'EA05C5F2-E7A2-42C5-A517-93CE761440A7'),(1606,'带体宽',NULL,NULL,NULL,NULL,NULL,NULL,334,'EB80D9EB-D942-46AF-926A-8934823397D2',3,'EA05C5F2-E7A2-42C5-A517-93CE761440A7'),(1607,'腰围(周长)',NULL,NULL,NULL,NULL,NULL,NULL,336,'42A3D558-5119-46F5-ABE2-8A77F0E64509',4,'3AE6EA4B-473C-471F-B3FD-5AA158CE9F18'),(1608,'胸围(周长)',NULL,NULL,NULL,NULL,NULL,NULL,336,'42A3D558-5119-46F5-ABE2-8A77F0E64509',2,'3AE6EA4B-473C-471F-B3FD-5AA158CE9F18'),(1609,'中国码',NULL,NULL,NULL,NULL,NULL,NULL,336,'42A3D558-5119-46F5-ABE2-8A77F0E64509',7,'3AE6EA4B-473C-471F-B3FD-5AA158CE9F18'),(1610,'衣长',NULL,NULL,NULL,NULL,NULL,NULL,336,'42A3D558-5119-46F5-ABE2-8A77F0E64509',4,'3AE6EA4B-473C-471F-B3FD-5AA158CE9F18'),(1611,'肩宽',NULL,NULL,NULL,NULL,NULL,NULL,336,'42A3D558-5119-46F5-ABE2-8A77F0E64509',1,'3AE6EA4B-473C-471F-B3FD-5AA158CE9F18'),(1612,'袖长',NULL,NULL,NULL,NULL,NULL,NULL,336,'42A3D558-5119-46F5-ABE2-8A77F0E64509',5,'3AE6EA4B-473C-471F-B3FD-5AA158CE9F18'),(1613,'中国码',NULL,NULL,NULL,NULL,NULL,NULL,337,'3F3D0EDB-A1D7-40C6-9AA0-8DBBC5762C42',7,'F77B05C8-BA34-4E52-9DF9-BFDE96A664D0'),(1614,'裤脚围(周长)',NULL,NULL,NULL,NULL,NULL,NULL,337,'3F3D0EDB-A1D7-40C6-9AA0-8DBBC5762C42',6,'F77B05C8-BA34-4E52-9DF9-BFDE96A664D0'),(1615,'臀围(周长)',NULL,NULL,NULL,NULL,NULL,NULL,337,'3F3D0EDB-A1D7-40C6-9AA0-8DBBC5762C42',2,'F77B05C8-BA34-4E52-9DF9-BFDE96A664D0'),(1616,'裤腰围(周长)',NULL,NULL,NULL,NULL,NULL,NULL,337,'3F3D0EDB-A1D7-40C6-9AA0-8DBBC5762C42',1,'F77B05C8-BA34-4E52-9DF9-BFDE96A664D0'),(1617,'裤长',NULL,NULL,NULL,NULL,NULL,NULL,337,'3F3D0EDB-A1D7-40C6-9AA0-8DBBC5762C42',5,'F77B05C8-BA34-4E52-9DF9-BFDE96A664D0'),(1618,'大腿围',NULL,NULL,NULL,NULL,NULL,NULL,337,'3F3D0EDB-A1D7-40C6-9AA0-8DBBC5762C42',4,'F77B05C8-BA34-4E52-9DF9-BFDE96A664D0'),(1619,'前立裆',NULL,NULL,NULL,NULL,NULL,NULL,337,'3F3D0EDB-A1D7-40C6-9AA0-8DBBC5762C42',3,'F77B05C8-BA34-4E52-9DF9-BFDE96A664D0'),(1620,'长度',NULL,NULL,NULL,NULL,NULL,NULL,338,'5FB4696C-AB3C-4801-B386-8E28B43EAFA8',1,'ADC10A71-BCEB-4EDD-B609-B739C9BC3DA7'),(1621,'伞面直径',NULL,NULL,NULL,NULL,NULL,NULL,338,'5FB4696C-AB3C-4801-B386-8E28B43EAFA8',2,'ADC10A71-BCEB-4EDD-B609-B739C9BC3DA7'),(1622,'腰围(周长)',NULL,NULL,NULL,NULL,NULL,NULL,339,'E3B402C2-2355-4F7D-AA21-8EC99A995DFD',3,'C10B1633-E157-46BA-9F31-254366E44ACA'),(1623,'前领深',NULL,NULL,NULL,NULL,NULL,NULL,339,'E3B402C2-2355-4F7D-AA21-8EC99A995DFD',6,'C10B1633-E157-46BA-9F31-254366E44ACA'),(1624,'肩宽',NULL,NULL,NULL,NULL,NULL,NULL,339,'E3B402C2-2355-4F7D-AA21-8EC99A995DFD',1,'C10B1633-E157-46BA-9F31-254366E44ACA'),(1625,'衣长',NULL,NULL,NULL,NULL,NULL,NULL,339,'E3B402C2-2355-4F7D-AA21-8EC99A995DFD',5,'C10B1633-E157-46BA-9F31-254366E44ACA'),(1626,'下摆围(周长)',NULL,NULL,NULL,NULL,NULL,NULL,339,'E3B402C2-2355-4F7D-AA21-8EC99A995DFD',4,'C10B1633-E157-46BA-9F31-254366E44ACA'),(1627,'中国码',NULL,NULL,NULL,NULL,NULL,NULL,339,'E3B402C2-2355-4F7D-AA21-8EC99A995DFD',7,'C10B1633-E157-46BA-9F31-254366E44ACA'),(1628,'胸围(周长)',NULL,NULL,NULL,NULL,NULL,NULL,339,'E3B402C2-2355-4F7D-AA21-8EC99A995DFD',2,'C10B1633-E157-46BA-9F31-254366E44ACA'),(1629,'长度',NULL,NULL,NULL,NULL,NULL,NULL,340,'9A2D6F99-4677-4088-82B8-92AC4524AE59',1,'DF51A227-76D1-43C0-8AE9-F4354DBCED18'),(1630,'宽度',NULL,NULL,NULL,NULL,NULL,NULL,340,'9A2D6F99-4677-4088-82B8-92AC4524AE59',2,'DF51A227-76D1-43C0-8AE9-F4354DBCED18'),(1631,'厚度',NULL,NULL,NULL,NULL,NULL,NULL,340,'9A2D6F99-4677-4088-82B8-92AC4524AE59',3,'DF51A227-76D1-43C0-8AE9-F4354DBCED18'),(1632,'中国码',NULL,NULL,NULL,NULL,NULL,NULL,341,'E5EE94A8-E6F6-42D3-962D-92BF4B264D93',7,'F77B05C8-BA34-4E52-9DF9-BFDE96A664D0'),(1633,'裤脚围(周长)',NULL,NULL,NULL,NULL,NULL,NULL,341,'E5EE94A8-E6F6-42D3-962D-92BF4B264D93',6,'F77B05C8-BA34-4E52-9DF9-BFDE96A664D0'),(1634,'臀围(周长)',NULL,NULL,NULL,NULL,NULL,NULL,341,'E5EE94A8-E6F6-42D3-962D-92BF4B264D93',2,'F77B05C8-BA34-4E52-9DF9-BFDE96A664D0'),(1635,'裤腰围(周长)',NULL,NULL,NULL,NULL,NULL,NULL,341,'E5EE94A8-E6F6-42D3-962D-92BF4B264D93',1,'F77B05C8-BA34-4E52-9DF9-BFDE96A664D0'),(1636,'裤长',NULL,NULL,NULL,NULL,NULL,NULL,341,'E5EE94A8-E6F6-42D3-962D-92BF4B264D93',5,'F77B05C8-BA34-4E52-9DF9-BFDE96A664D0'),(1637,'大腿围',NULL,NULL,NULL,NULL,NULL,NULL,341,'E5EE94A8-E6F6-42D3-962D-92BF4B264D93',4,'F77B05C8-BA34-4E52-9DF9-BFDE96A664D0'),(1638,'前立裆',NULL,NULL,NULL,NULL,NULL,NULL,341,'E5EE94A8-E6F6-42D3-962D-92BF4B264D93',3,'F77B05C8-BA34-4E52-9DF9-BFDE96A664D0'),(1639,'腰围',NULL,NULL,NULL,NULL,NULL,NULL,342,'1883BB04-8F86-480B-BB9D-93359D07F487',3,'EEB06EEE-5A0B-401E-912F-3FC296FE1DC0'),(1640,'肩宽',NULL,NULL,NULL,NULL,NULL,NULL,342,'1883BB04-8F86-480B-BB9D-93359D07F487',1,'EEB06EEE-5A0B-401E-912F-3FC296FE1DC0'),(1641,'胸围',NULL,NULL,NULL,NULL,NULL,NULL,342,'1883BB04-8F86-480B-BB9D-93359D07F487',2,'EEB06EEE-5A0B-401E-912F-3FC296FE1DC0'),(1642,'中国码',NULL,NULL,NULL,NULL,NULL,NULL,342,'1883BB04-8F86-480B-BB9D-93359D07F487',7,'EEB06EEE-5A0B-401E-912F-3FC296FE1DC0'),(1643,'下摆围',NULL,NULL,NULL,NULL,NULL,NULL,342,'1883BB04-8F86-480B-BB9D-93359D07F487',4,'EEB06EEE-5A0B-401E-912F-3FC296FE1DC0'),(1644,'衣长',NULL,NULL,NULL,NULL,NULL,NULL,342,'1883BB04-8F86-480B-BB9D-93359D07F487',5,'EEB06EEE-5A0B-401E-912F-3FC296FE1DC0'),(1645,'袖长',NULL,NULL,NULL,NULL,NULL,NULL,342,'1883BB04-8F86-480B-BB9D-93359D07F487',6,'EEB06EEE-5A0B-401E-912F-3FC296FE1DC0'),(1646,'袖长',NULL,NULL,NULL,NULL,NULL,NULL,343,'1F846DC7-E6C1-4F12-B2E3-95BB25A340F7',6,'0BCBF9AE-1E59-4BD3-8FE5-1545C95313D0'),(1647,'肩宽',NULL,NULL,NULL,NULL,NULL,NULL,343,'1F846DC7-E6C1-4F12-B2E3-95BB25A340F7',1,'0BCBF9AE-1E59-4BD3-8FE5-1545C95313D0'),(1648,'衣长',NULL,NULL,NULL,NULL,NULL,NULL,343,'1F846DC7-E6C1-4F12-B2E3-95BB25A340F7',5,'0BCBF9AE-1E59-4BD3-8FE5-1545C95313D0'),(1649,'袖口围(周长)',NULL,NULL,NULL,NULL,NULL,NULL,343,'1F846DC7-E6C1-4F12-B2E3-95BB25A340F7',7,'0BCBF9AE-1E59-4BD3-8FE5-1545C95313D0'),(1650,'胸围(周长)',NULL,NULL,NULL,NULL,NULL,NULL,343,'1F846DC7-E6C1-4F12-B2E3-95BB25A340F7',2,'0BCBF9AE-1E59-4BD3-8FE5-1545C95313D0'),(1651,'中国码',NULL,NULL,NULL,NULL,NULL,NULL,343,'1F846DC7-E6C1-4F12-B2E3-95BB25A340F7',8,'0BCBF9AE-1E59-4BD3-8FE5-1545C95313D0'),(1652,'领围(周长)',NULL,NULL,NULL,NULL,NULL,NULL,343,'1F846DC7-E6C1-4F12-B2E3-95BB25A340F7',4,'0BCBF9AE-1E59-4BD3-8FE5-1545C95313D0'),(1653,'腰围(周长)',NULL,NULL,NULL,NULL,NULL,NULL,343,'1F846DC7-E6C1-4F12-B2E3-95BB25A340F7',3,'0BCBF9AE-1E59-4BD3-8FE5-1545C95313D0'),(1654,'下摆围',NULL,NULL,NULL,NULL,NULL,NULL,344,'5ACD151B-07D8-4A7B-BF6B-9728F13B558C',5,'5509A2B4-C5BA-45AA-80CB-EB990370E431'),(1655,'袖长',NULL,NULL,NULL,NULL,NULL,NULL,344,'5ACD151B-07D8-4A7B-BF6B-9728F13B558C',4,'5509A2B4-C5BA-45AA-80CB-EB990370E431'),(1656,'肩宽',NULL,NULL,NULL,NULL,NULL,NULL,344,'5ACD151B-07D8-4A7B-BF6B-9728F13B558C',1,'5509A2B4-C5BA-45AA-80CB-EB990370E431'),(1657,'胸围',NULL,NULL,NULL,NULL,NULL,NULL,344,'5ACD151B-07D8-4A7B-BF6B-9728F13B558C',2,'5509A2B4-C5BA-45AA-80CB-EB990370E431'),(1658,'中国码',NULL,NULL,NULL,NULL,NULL,NULL,344,'5ACD151B-07D8-4A7B-BF6B-9728F13B558C',6,'5509A2B4-C5BA-45AA-80CB-EB990370E431'),(1659,'衣长',NULL,NULL,NULL,NULL,NULL,NULL,344,'5ACD151B-07D8-4A7B-BF6B-9728F13B558C',3,'5509A2B4-C5BA-45AA-80CB-EB990370E431'),(1660,'下摆围',NULL,NULL,NULL,NULL,NULL,NULL,345,'E32113F0-DC70-43C6-9D40-9793F19AFB2C',5,'5509A2B4-C5BA-45AA-80CB-EB990370E431'),(1661,'袖长',NULL,NULL,NULL,NULL,NULL,NULL,345,'E32113F0-DC70-43C6-9D40-9793F19AFB2C',4,'5509A2B4-C5BA-45AA-80CB-EB990370E431'),(1662,'肩宽',NULL,NULL,NULL,NULL,NULL,NULL,345,'E32113F0-DC70-43C6-9D40-9793F19AFB2C',1,'5509A2B4-C5BA-45AA-80CB-EB990370E431'),(1663,'胸围',NULL,NULL,NULL,NULL,NULL,NULL,345,'E32113F0-DC70-43C6-9D40-9793F19AFB2C',2,'5509A2B4-C5BA-45AA-80CB-EB990370E431'),(1664,'中国码',NULL,NULL,NULL,NULL,NULL,NULL,345,'E32113F0-DC70-43C6-9D40-9793F19AFB2C',6,'5509A2B4-C5BA-45AA-80CB-EB990370E431'),(1665,'衣长',NULL,NULL,NULL,NULL,NULL,NULL,345,'E32113F0-DC70-43C6-9D40-9793F19AFB2C',3,'5509A2B4-C5BA-45AA-80CB-EB990370E431'),(1666,'镜片宽度',NULL,NULL,NULL,NULL,NULL,NULL,346,'5CBEEC1F-627A-4A8E-8350-9859AC810098',4,'70B102D1-7B0A-436B-908B-A32EEA369C15'),(1667,'镜脚长度',NULL,NULL,NULL,NULL,NULL,NULL,346,'5CBEEC1F-627A-4A8E-8350-9859AC810098',5,'70B102D1-7B0A-436B-908B-A32EEA369C15'),(1668,'鼻梁宽度',NULL,NULL,NULL,NULL,NULL,NULL,346,'5CBEEC1F-627A-4A8E-8350-9859AC810098',2,'70B102D1-7B0A-436B-908B-A32EEA369C15'),(1669,'总宽度',NULL,NULL,NULL,NULL,NULL,NULL,346,'5CBEEC1F-627A-4A8E-8350-9859AC810098',1,'70B102D1-7B0A-436B-908B-A32EEA369C15'),(1670,'总高度',NULL,NULL,NULL,NULL,NULL,NULL,346,'5CBEEC1F-627A-4A8E-8350-9859AC810098',3,'70B102D1-7B0A-436B-908B-A32EEA369C15'),(1671,'中指长',NULL,NULL,NULL,NULL,NULL,NULL,347,'0B5FFDCC-EC5C-4C53-B67C-996673A9241E',1,'BB99FC02-5D51-45C2-87B9-ADFF43EB716D'),(1672,'全长',NULL,NULL,NULL,NULL,NULL,NULL,347,'0B5FFDCC-EC5C-4C53-B67C-996673A9241E',3,'BB99FC02-5D51-45C2-87B9-ADFF43EB716D'),(1673,'手掌宽',NULL,NULL,NULL,NULL,NULL,NULL,347,'0B5FFDCC-EC5C-4C53-B67C-996673A9241E',2,'BB99FC02-5D51-45C2-87B9-ADFF43EB716D'),(1674,'袖长',NULL,NULL,NULL,NULL,NULL,NULL,348,'739329B3-86DD-4C92-A47B-998E520536E4',6,'89448EA5-A31D-4023-9F9A-0E48F9B1686B'),(1675,'肩宽',NULL,NULL,NULL,NULL,NULL,NULL,348,'739329B3-86DD-4C92-A47B-998E520536E4',1,'89448EA5-A31D-4023-9F9A-0E48F9B1686B'),(1676,'腰围(周长)',NULL,NULL,NULL,NULL,NULL,NULL,348,'739329B3-86DD-4C92-A47B-998E520536E4',3,'89448EA5-A31D-4023-9F9A-0E48F9B1686B'),(1677,'中国码',NULL,NULL,NULL,NULL,NULL,NULL,348,'739329B3-86DD-4C92-A47B-998E520536E4',7,'89448EA5-A31D-4023-9F9A-0E48F9B1686B'),(1678,'衣长',NULL,NULL,NULL,NULL,NULL,NULL,348,'739329B3-86DD-4C92-A47B-998E520536E4',5,'89448EA5-A31D-4023-9F9A-0E48F9B1686B'),(1679,'下摆围(周长)',NULL,NULL,NULL,NULL,NULL,NULL,348,'739329B3-86DD-4C92-A47B-998E520536E4',4,'89448EA5-A31D-4023-9F9A-0E48F9B1686B'),(1680,'胸围(周长)',NULL,NULL,NULL,NULL,NULL,NULL,348,'739329B3-86DD-4C92-A47B-998E520536E4',2,'89448EA5-A31D-4023-9F9A-0E48F9B1686B'),(1681,'长度',NULL,NULL,NULL,NULL,NULL,NULL,349,'4983E89C-9170-4C1C-B711-9B6DBD7C3611',1,'DF51A227-76D1-43C0-8AE9-F4354DBCED18'),(1682,'宽度',NULL,NULL,NULL,NULL,NULL,NULL,349,'4983E89C-9170-4C1C-B711-9B6DBD7C3611',2,'DF51A227-76D1-43C0-8AE9-F4354DBCED18'),(1683,'厚度',NULL,NULL,NULL,NULL,NULL,NULL,349,'4983E89C-9170-4C1C-B711-9B6DBD7C3611',3,'DF51A227-76D1-43C0-8AE9-F4354DBCED18'),(1684,'肩带宽度',NULL,NULL,NULL,NULL,NULL,NULL,350,'7A302F55-5628-4407-A34C-9B8B90BAB97C',6,'06311FAC-9E9D-4E9E-9DD6-346E0BB5F2BF'),(1685,'宽度',NULL,NULL,NULL,NULL,NULL,NULL,350,'7A302F55-5628-4407-A34C-9B8B90BAB97C',1,'06311FAC-9E9D-4E9E-9DD6-346E0BB5F2BF'),(1686,'高度',NULL,NULL,NULL,NULL,NULL,NULL,350,'7A302F55-5628-4407-A34C-9B8B90BAB97C',2,'06311FAC-9E9D-4E9E-9DD6-346E0BB5F2BF'),(1687,'厚度',NULL,NULL,NULL,NULL,NULL,NULL,350,'7A302F55-5628-4407-A34C-9B8B90BAB97C',3,'06311FAC-9E9D-4E9E-9DD6-346E0BB5F2BF'),(1688,'肩带长度',NULL,NULL,NULL,NULL,NULL,NULL,350,'7A302F55-5628-4407-A34C-9B8B90BAB97C',5,'06311FAC-9E9D-4E9E-9DD6-346E0BB5F2BF'),(1689,'提把高',NULL,NULL,NULL,NULL,NULL,NULL,350,'7A302F55-5628-4407-A34C-9B8B90BAB97C',4,'06311FAC-9E9D-4E9E-9DD6-346E0BB5F2BF'),(1690,'腰围(周长)',NULL,NULL,NULL,NULL,NULL,NULL,351,'F60B9F5A-1EEB-40AF-98AA-9D537DC8482B',3,'C10B1633-E157-46BA-9F31-254366E44ACA'),(1691,'前领深',NULL,NULL,NULL,NULL,NULL,NULL,351,'F60B9F5A-1EEB-40AF-98AA-9D537DC8482B',6,'C10B1633-E157-46BA-9F31-254366E44ACA'),(1692,'肩宽',NULL,NULL,NULL,NULL,NULL,NULL,351,'F60B9F5A-1EEB-40AF-98AA-9D537DC8482B',1,'C10B1633-E157-46BA-9F31-254366E44ACA'),(1693,'衣长',NULL,NULL,NULL,NULL,NULL,NULL,351,'F60B9F5A-1EEB-40AF-98AA-9D537DC8482B',5,'C10B1633-E157-46BA-9F31-254366E44ACA'),(1694,'下摆围(周长)',NULL,NULL,NULL,NULL,NULL,NULL,351,'F60B9F5A-1EEB-40AF-98AA-9D537DC8482B',4,'C10B1633-E157-46BA-9F31-254366E44ACA'),(1695,'中国码',NULL,NULL,NULL,NULL,NULL,NULL,351,'F60B9F5A-1EEB-40AF-98AA-9D537DC8482B',7,'C10B1633-E157-46BA-9F31-254366E44ACA'),(1696,'胸围(周长)',NULL,NULL,NULL,NULL,NULL,NULL,351,'F60B9F5A-1EEB-40AF-98AA-9D537DC8482B',2,'C10B1633-E157-46BA-9F31-254366E44ACA'),(1697,'脚踝围(周长)',NULL,NULL,NULL,NULL,NULL,NULL,352,'A74873F5-C8BD-434E-8413-9F784EF6AE86',3,'03524953-BB55-474F-A039-640EA5157F4F'),(1698,'鞋宽',NULL,NULL,NULL,NULL,NULL,NULL,352,'A74873F5-C8BD-434E-8413-9F784EF6AE86',7,'03524953-BB55-474F-A039-640EA5157F4F'),(1699,'内长',NULL,NULL,NULL,NULL,NULL,NULL,352,'A74873F5-C8BD-434E-8413-9F784EF6AE86',6,'03524953-BB55-474F-A039-640EA5157F4F'),(1700,'防水台',NULL,NULL,NULL,NULL,NULL,NULL,352,'A74873F5-C8BD-434E-8413-9F784EF6AE86',5,'03524953-BB55-474F-A039-640EA5157F4F'),(1701,'鞋跟',NULL,NULL,NULL,NULL,NULL,NULL,352,'A74873F5-C8BD-434E-8413-9F784EF6AE86',4,'03524953-BB55-474F-A039-640EA5157F4F'),(1702,'筒围(周长)',NULL,NULL,NULL,NULL,NULL,NULL,352,'A74873F5-C8BD-434E-8413-9F784EF6AE86',2,'03524953-BB55-474F-A039-640EA5157F4F'),(1703,'中国码',NULL,NULL,NULL,NULL,NULL,NULL,352,'A74873F5-C8BD-434E-8413-9F784EF6AE86',8,'03524953-BB55-474F-A039-640EA5157F4F'),(1704,'筒高',NULL,NULL,NULL,NULL,NULL,NULL,352,'A74873F5-C8BD-434E-8413-9F784EF6AE86',1,'03524953-BB55-474F-A039-640EA5157F4F'),(1705,'内长',NULL,NULL,NULL,NULL,NULL,NULL,353,'D22542DD-A139-4361-8844-A0638FCCF3D7',2,'6477FA9D-89A2-46A8-956D-93810174D0E6'),(1706,'鞋宽',NULL,NULL,NULL,NULL,NULL,NULL,353,'D22542DD-A139-4361-8844-A0638FCCF3D7',3,'6477FA9D-89A2-46A8-956D-93810174D0E6'),(1707,'鞋跟高',NULL,NULL,NULL,NULL,NULL,NULL,353,'D22542DD-A139-4361-8844-A0638FCCF3D7',1,'6477FA9D-89A2-46A8-956D-93810174D0E6'),(1708,'中国码',NULL,NULL,NULL,NULL,NULL,NULL,353,'D22542DD-A139-4361-8844-A0638FCCF3D7',4,'6477FA9D-89A2-46A8-956D-93810174D0E6'),(1709,'腰带全长',NULL,NULL,NULL,NULL,NULL,NULL,355,'465735E6-D129-444F-BA2B-A0DE55ACD1A5',4,'EA05C5F2-E7A2-42C5-A517-93CE761440A7'),(1710,'最小腰围',NULL,NULL,NULL,NULL,NULL,NULL,355,'465735E6-D129-444F-BA2B-A0DE55ACD1A5',6,'EA05C5F2-E7A2-42C5-A517-93CE761440A7'),(1711,'最大腰围',NULL,NULL,NULL,NULL,NULL,NULL,355,'465735E6-D129-444F-BA2B-A0DE55ACD1A5',5,'EA05C5F2-E7A2-42C5-A517-93CE761440A7'),(1712,'带头长',NULL,NULL,NULL,NULL,NULL,NULL,355,'465735E6-D129-444F-BA2B-A0DE55ACD1A5',1,'EA05C5F2-E7A2-42C5-A517-93CE761440A7'),(1713,'中国码',NULL,NULL,NULL,NULL,NULL,NULL,355,'465735E6-D129-444F-BA2B-A0DE55ACD1A5',7,'EA05C5F2-E7A2-42C5-A517-93CE761440A7'),(1714,'带头宽',NULL,NULL,NULL,NULL,NULL,NULL,355,'465735E6-D129-444F-BA2B-A0DE55ACD1A5',2,'EA05C5F2-E7A2-42C5-A517-93CE761440A7'),(1715,'带体宽',NULL,NULL,NULL,NULL,NULL,NULL,355,'465735E6-D129-444F-BA2B-A0DE55ACD1A5',3,'EA05C5F2-E7A2-42C5-A517-93CE761440A7'),(1716,'鞋宽',NULL,NULL,NULL,NULL,NULL,NULL,356,'07FFD468-A93C-4C66-925B-A0E74696975B',4,'C2BE7484-81AB-4DCB-B829-F720525B93F4'),(1717,'鞋帮高',NULL,NULL,NULL,NULL,NULL,NULL,356,'07FFD468-A93C-4C66-925B-A0E74696975B',2,'C2BE7484-81AB-4DCB-B829-F720525B93F4'),(1718,'中国码',NULL,NULL,NULL,NULL,NULL,NULL,356,'07FFD468-A93C-4C66-925B-A0E74696975B',5,'C2BE7484-81AB-4DCB-B829-F720525B93F4'),(1719,'内长',NULL,NULL,NULL,NULL,NULL,NULL,356,'07FFD468-A93C-4C66-925B-A0E74696975B',3,'C2BE7484-81AB-4DCB-B829-F720525B93F4'),(1720,'鞋跟高',NULL,NULL,NULL,NULL,NULL,NULL,356,'07FFD468-A93C-4C66-925B-A0E74696975B',1,'C2BE7484-81AB-4DCB-B829-F720525B93F4'),(1721,'下摆围(周长)',NULL,NULL,NULL,NULL,NULL,NULL,357,'A8786384-173C-43A3-9C6B-A1BA6B104435',4,'CCC9BEC4-EEC8-4153-9019-F1E85ED12432'),(1722,'肩宽',NULL,NULL,NULL,NULL,NULL,NULL,357,'A8786384-173C-43A3-9C6B-A1BA6B104435',1,'CCC9BEC4-EEC8-4153-9019-F1E85ED12432'),(1723,'胸围(周长)',NULL,NULL,NULL,NULL,NULL,NULL,357,'A8786384-173C-43A3-9C6B-A1BA6B104435',2,'CCC9BEC4-EEC8-4153-9019-F1E85ED12432'),(1724,'中国码',NULL,NULL,NULL,NULL,NULL,NULL,357,'A8786384-173C-43A3-9C6B-A1BA6B104435',8,'CCC9BEC4-EEC8-4153-9019-F1E85ED12432'),(1725,'袖长',NULL,NULL,NULL,NULL,NULL,NULL,357,'A8786384-173C-43A3-9C6B-A1BA6B104435',6,'CCC9BEC4-EEC8-4153-9019-F1E85ED12432'),(1726,'袖口围',NULL,NULL,NULL,NULL,NULL,NULL,357,'A8786384-173C-43A3-9C6B-A1BA6B104435',7,'CCC9BEC4-EEC8-4153-9019-F1E85ED12432'),(1727,'腰围(周长)',NULL,NULL,NULL,NULL,NULL,NULL,357,'A8786384-173C-43A3-9C6B-A1BA6B104435',3,'CCC9BEC4-EEC8-4153-9019-F1E85ED12432'),(1728,'衣长',NULL,NULL,NULL,NULL,NULL,NULL,357,'A8786384-173C-43A3-9C6B-A1BA6B104435',5,'CCC9BEC4-EEC8-4153-9019-F1E85ED12432'),(1729,'厚度',NULL,NULL,NULL,NULL,NULL,NULL,358,'C7650D57-9D61-40E3-A687-A235C6133577',3,'B6918CED-7372-4388-8662-CD7C1769C73D'),(1730,'宽度',NULL,NULL,NULL,NULL,NULL,NULL,358,'C7650D57-9D61-40E3-A687-A235C6133577',2,'B6918CED-7372-4388-8662-CD7C1769C73D'),(1731,'高度',NULL,NULL,NULL,NULL,NULL,NULL,358,'C7650D57-9D61-40E3-A687-A235C6133577',1,'B6918CED-7372-4388-8662-CD7C1769C73D'),(1732,'高度',NULL,NULL,NULL,NULL,NULL,NULL,359,'45623584-436B-4214-9669-A2D29CF517AD',1,'6BBA15B2-24B0-40F3-85C1-B2F4F36B5AF0'),(1733,'宽度',NULL,NULL,NULL,NULL,NULL,NULL,359,'45623584-436B-4214-9669-A2D29CF517AD',2,'6BBA15B2-24B0-40F3-85C1-B2F4F36B5AF0'),(1734,'长度',NULL,NULL,NULL,NULL,NULL,NULL,360,'35D0692B-2399-4A12-ABBB-A54BEC0E0441',1,'B118D9CD-00C3-4FC2-A460-28C2852EE82F'),(1735,'宽度',NULL,NULL,NULL,NULL,NULL,NULL,360,'35D0692B-2399-4A12-ABBB-A54BEC0E0441',2,'B118D9CD-00C3-4FC2-A460-28C2852EE82F'),(1736,'厚度',NULL,NULL,NULL,NULL,NULL,NULL,360,'35D0692B-2399-4A12-ABBB-A54BEC0E0441',3,'B118D9CD-00C3-4FC2-A460-28C2852EE82F'),(1737,'高度',NULL,NULL,NULL,NULL,NULL,NULL,362,'55C587BB-B7CA-42F8-8148-A9AE971DEF74',1,'6BBA15B2-24B0-40F3-85C1-B2F4F36B5AF0'),(1738,'宽度',NULL,NULL,NULL,NULL,NULL,NULL,362,'55C587BB-B7CA-42F8-8148-A9AE971DEF74',2,'6BBA15B2-24B0-40F3-85C1-B2F4F36B5AF0'),(1739,'项链坠长度',NULL,NULL,NULL,NULL,NULL,NULL,364,'D68162A4-A075-4E57-AD88-ABEF7BC569A0',2,'09BBEF5D-0805-4B3B-BB77-6C24A522B0FD'),(1740,'项链坠厚度',NULL,NULL,NULL,NULL,NULL,NULL,364,'D68162A4-A075-4E57-AD88-ABEF7BC569A0',4,'09BBEF5D-0805-4B3B-BB77-6C24A522B0FD'),(1741,'项链坠宽度',NULL,NULL,NULL,NULL,NULL,NULL,364,'D68162A4-A075-4E57-AD88-ABEF7BC569A0',3,'09BBEF5D-0805-4B3B-BB77-6C24A522B0FD'),(1742,'周长',NULL,NULL,NULL,NULL,NULL,NULL,364,'D68162A4-A075-4E57-AD88-ABEF7BC569A0',1,'09BBEF5D-0805-4B3B-BB77-6C24A522B0FD'),(1743,'内长',NULL,NULL,NULL,NULL,NULL,NULL,365,'30ED0FE0-EB01-4A27-8193-AF57317C635B',2,'6477FA9D-89A2-46A8-956D-93810174D0E6'),(1744,'鞋宽',NULL,NULL,NULL,NULL,NULL,NULL,365,'30ED0FE0-EB01-4A27-8193-AF57317C635B',3,'6477FA9D-89A2-46A8-956D-93810174D0E6'),(1745,'鞋跟高',NULL,NULL,NULL,NULL,NULL,NULL,365,'30ED0FE0-EB01-4A27-8193-AF57317C635B',1,'6477FA9D-89A2-46A8-956D-93810174D0E6'),(1746,'中国码',NULL,NULL,NULL,NULL,NULL,NULL,365,'30ED0FE0-EB01-4A27-8193-AF57317C635B',4,'6477FA9D-89A2-46A8-956D-93810174D0E6'),(1747,'衣长',NULL,NULL,NULL,NULL,NULL,NULL,366,'A0CECF46-188E-4A80-B722-B106AEAA7600',5,'0ED87C96-D14D-4AEC-B650-BBE4CEDE91EF'),(1748,'腰围（周长）',NULL,NULL,NULL,NULL,NULL,NULL,366,'A0CECF46-188E-4A80-B722-B106AEAA7600',3,'0ED87C96-D14D-4AEC-B650-BBE4CEDE91EF'),(1749,'胸围（周长）',NULL,NULL,NULL,NULL,NULL,NULL,366,'A0CECF46-188E-4A80-B722-B106AEAA7600',2,'0ED87C96-D14D-4AEC-B650-BBE4CEDE91EF'),(1750,'裤口（周长）',NULL,NULL,NULL,NULL,NULL,NULL,366,'A0CECF46-188E-4A80-B722-B106AEAA7600',7,'0ED87C96-D14D-4AEC-B650-BBE4CEDE91EF'),(1751,'中国码',NULL,NULL,NULL,NULL,NULL,NULL,366,'A0CECF46-188E-4A80-B722-B106AEAA7600',8,'0ED87C96-D14D-4AEC-B650-BBE4CEDE91EF'),(1752,'肩到裆',NULL,NULL,NULL,NULL,NULL,NULL,366,'A0CECF46-188E-4A80-B722-B106AEAA7600',4,'0ED87C96-D14D-4AEC-B650-BBE4CEDE91EF'),(1753,'袖长',NULL,NULL,NULL,NULL,NULL,NULL,366,'A0CECF46-188E-4A80-B722-B106AEAA7600',6,'0ED87C96-D14D-4AEC-B650-BBE4CEDE91EF'),(1754,'肩宽',NULL,NULL,NULL,NULL,NULL,NULL,366,'A0CECF46-188E-4A80-B722-B106AEAA7600',1,'0ED87C96-D14D-4AEC-B650-BBE4CEDE91EF'),(1755,'长度',NULL,NULL,NULL,NULL,NULL,NULL,367,'6C8A6D50-9202-45FE-A009-B16D7BE56F21',1,'40473357-AEE1-4880-AC52-98451EFC0013'),(1756,'直径',NULL,NULL,NULL,NULL,NULL,NULL,368,'1734EC7D-FD18-4AE8-8BEC-B34B9E8A037D',2,'22FD3AD1-2468-4E08-9026-742CF9220EEC'),(1757,'长度',NULL,NULL,NULL,NULL,NULL,NULL,368,'1734EC7D-FD18-4AE8-8BEC-B34B9E8A037D',1,'22FD3AD1-2468-4E08-9026-742CF9220EEC'),(1758,'系带宽',NULL,NULL,NULL,NULL,NULL,NULL,369,'CDDB2221-A195-4505-8E10-B3AB3DD5B37D',4,'A3B9F889-A539-4600-A99C-8BB2B3D5DA17'),(1759,'宽度',NULL,NULL,NULL,NULL,NULL,NULL,369,'CDDB2221-A195-4505-8E10-B3AB3DD5B37D',2,'A3B9F889-A539-4600-A99C-8BB2B3D5DA17'),(1760,'长度',NULL,NULL,NULL,NULL,NULL,NULL,369,'CDDB2221-A195-4505-8E10-B3AB3DD5B37D',1,'A3B9F889-A539-4600-A99C-8BB2B3D5DA17'),(1761,'系带长',NULL,NULL,NULL,NULL,NULL,NULL,369,'CDDB2221-A195-4505-8E10-B3AB3DD5B37D',3,'A3B9F889-A539-4600-A99C-8BB2B3D5DA17'),(1762,'袖长',NULL,NULL,NULL,NULL,NULL,NULL,370,'C70CB947-2C23-4176-878A-B42A3ABA63AE',5,'1018D69C-B6B1-4E4A-960B-ADB54F48A51E'),(1763,'衣长',NULL,NULL,NULL,NULL,NULL,NULL,370,'C70CB947-2C23-4176-878A-B42A3ABA63AE',6,'1018D69C-B6B1-4E4A-960B-ADB54F48A51E'),(1764,'裤长',NULL,NULL,NULL,NULL,NULL,NULL,370,'C70CB947-2C23-4176-878A-B42A3ABA63AE',10,'1018D69C-B6B1-4E4A-960B-ADB54F48A51E'),(1765,'肩宽',NULL,NULL,NULL,NULL,NULL,NULL,370,'C70CB947-2C23-4176-878A-B42A3ABA63AE',1,'1018D69C-B6B1-4E4A-960B-ADB54F48A51E'),(1766,'臀围（周长）',NULL,NULL,NULL,NULL,NULL,NULL,370,'C70CB947-2C23-4176-878A-B42A3ABA63AE',8,'1018D69C-B6B1-4E4A-960B-ADB54F48A51E'),(1767,'下摆围（周长）',NULL,NULL,NULL,NULL,NULL,NULL,370,'C70CB947-2C23-4176-878A-B42A3ABA63AE',4,'1018D69C-B6B1-4E4A-960B-ADB54F48A51E'),(1768,'中国码',NULL,NULL,NULL,NULL,NULL,NULL,370,'C70CB947-2C23-4176-878A-B42A3ABA63AE',11,'1018D69C-B6B1-4E4A-960B-ADB54F48A51E'),(1769,'胸围（周长）',NULL,NULL,NULL,NULL,NULL,NULL,370,'C70CB947-2C23-4176-878A-B42A3ABA63AE',2,'1018D69C-B6B1-4E4A-960B-ADB54F48A51E'),(1770,'前立裆',NULL,NULL,NULL,NULL,NULL,NULL,370,'C70CB947-2C23-4176-878A-B42A3ABA63AE',9,'1018D69C-B6B1-4E4A-960B-ADB54F48A51E'),(1771,'腰围（周长）',NULL,NULL,NULL,NULL,NULL,NULL,370,'C70CB947-2C23-4176-878A-B42A3ABA63AE',3,'1018D69C-B6B1-4E4A-960B-ADB54F48A51E'),(1772,'裤腰围（周长）',NULL,NULL,NULL,NULL,NULL,NULL,370,'C70CB947-2C23-4176-878A-B42A3ABA63AE',7,'1018D69C-B6B1-4E4A-960B-ADB54F48A51E'),(1773,'袖长',NULL,NULL,NULL,NULL,NULL,NULL,371,'52BAC458-E218-4505-98C4-B48EACDCCFDD',6,'0BCBF9AE-1E59-4BD3-8FE5-1545C95313D0'),(1774,'肩宽',NULL,NULL,NULL,NULL,NULL,NULL,371,'52BAC458-E218-4505-98C4-B48EACDCCFDD',1,'0BCBF9AE-1E59-4BD3-8FE5-1545C95313D0'),(1775,'衣长',NULL,NULL,NULL,NULL,NULL,NULL,371,'52BAC458-E218-4505-98C4-B48EACDCCFDD',5,'0BCBF9AE-1E59-4BD3-8FE5-1545C95313D0'),(1776,'袖口围(周长)',NULL,NULL,NULL,NULL,NULL,NULL,371,'52BAC458-E218-4505-98C4-B48EACDCCFDD',7,'0BCBF9AE-1E59-4BD3-8FE5-1545C95313D0'),(1777,'胸围(周长)',NULL,NULL,NULL,NULL,NULL,NULL,371,'52BAC458-E218-4505-98C4-B48EACDCCFDD',2,'0BCBF9AE-1E59-4BD3-8FE5-1545C95313D0'),(1778,'中国码',NULL,NULL,NULL,NULL,NULL,NULL,371,'52BAC458-E218-4505-98C4-B48EACDCCFDD',8,'0BCBF9AE-1E59-4BD3-8FE5-1545C95313D0'),(1779,'领围(周长)',NULL,NULL,NULL,NULL,NULL,NULL,371,'52BAC458-E218-4505-98C4-B48EACDCCFDD',4,'0BCBF9AE-1E59-4BD3-8FE5-1545C95313D0'),(1780,'腰围(周长)',NULL,NULL,NULL,NULL,NULL,NULL,371,'52BAC458-E218-4505-98C4-B48EACDCCFDD',3,'0BCBF9AE-1E59-4BD3-8FE5-1545C95313D0'),(1781,'内长',NULL,NULL,NULL,NULL,NULL,NULL,372,'800EA2C1-B252-4619-8A63-B502A865DC21',2,'6477FA9D-89A2-46A8-956D-93810174D0E6'),(1782,'鞋宽',NULL,NULL,NULL,NULL,NULL,NULL,372,'800EA2C1-B252-4619-8A63-B502A865DC21',3,'6477FA9D-89A2-46A8-956D-93810174D0E6'),(1783,'鞋跟高',NULL,NULL,NULL,NULL,NULL,NULL,372,'800EA2C1-B252-4619-8A63-B502A865DC21',1,'6477FA9D-89A2-46A8-956D-93810174D0E6'),(1784,'中国码',NULL,NULL,NULL,NULL,NULL,NULL,372,'800EA2C1-B252-4619-8A63-B502A865DC21',4,'6477FA9D-89A2-46A8-956D-93810174D0E6'),(1785,'脚踝围(周长)',NULL,NULL,NULL,NULL,NULL,NULL,373,'1946DDF1-2A77-45D0-B7DA-BAC5E61AE138',3,'03524953-BB55-474F-A039-640EA5157F4F'),(1786,'鞋宽',NULL,NULL,NULL,NULL,NULL,NULL,373,'1946DDF1-2A77-45D0-B7DA-BAC5E61AE138',7,'03524953-BB55-474F-A039-640EA5157F4F'),(1787,'内长',NULL,NULL,NULL,NULL,NULL,NULL,373,'1946DDF1-2A77-45D0-B7DA-BAC5E61AE138',6,'03524953-BB55-474F-A039-640EA5157F4F'),(1788,'防水台',NULL,NULL,NULL,NULL,NULL,NULL,373,'1946DDF1-2A77-45D0-B7DA-BAC5E61AE138',5,'03524953-BB55-474F-A039-640EA5157F4F'),(1789,'鞋跟',NULL,NULL,NULL,NULL,NULL,NULL,373,'1946DDF1-2A77-45D0-B7DA-BAC5E61AE138',4,'03524953-BB55-474F-A039-640EA5157F4F'),(1790,'筒围(周长)',NULL,NULL,NULL,NULL,NULL,NULL,373,'1946DDF1-2A77-45D0-B7DA-BAC5E61AE138',2,'03524953-BB55-474F-A039-640EA5157F4F'),(1791,'中国码',NULL,NULL,NULL,NULL,NULL,NULL,373,'1946DDF1-2A77-45D0-B7DA-BAC5E61AE138',8,'03524953-BB55-474F-A039-640EA5157F4F'),(1792,'筒高',NULL,NULL,NULL,NULL,NULL,NULL,373,'1946DDF1-2A77-45D0-B7DA-BAC5E61AE138',1,'03524953-BB55-474F-A039-640EA5157F4F'),(1793,'肩带宽度',NULL,NULL,NULL,NULL,NULL,NULL,374,'BDAFB665-A6E1-4AAE-AD8C-BADEEEBBDBA8',6,'D4ADF8A3-CFA4-4541-9C7D-341A6896CE0C'),(1794,'提把高',NULL,NULL,NULL,NULL,NULL,NULL,374,'BDAFB665-A6E1-4AAE-AD8C-BADEEEBBDBA8',4,'D4ADF8A3-CFA4-4541-9C7D-341A6896CE0C'),(1795,'肩带长度',NULL,NULL,NULL,NULL,NULL,NULL,374,'BDAFB665-A6E1-4AAE-AD8C-BADEEEBBDBA8',5,'D4ADF8A3-CFA4-4541-9C7D-341A6896CE0C'),(1796,'厚度',NULL,NULL,NULL,NULL,NULL,NULL,374,'BDAFB665-A6E1-4AAE-AD8C-BADEEEBBDBA8',3,'D4ADF8A3-CFA4-4541-9C7D-341A6896CE0C'),(1797,'宽度',NULL,NULL,NULL,NULL,NULL,NULL,374,'BDAFB665-A6E1-4AAE-AD8C-BADEEEBBDBA8',1,'D4ADF8A3-CFA4-4541-9C7D-341A6896CE0C'),(1798,'高度',NULL,NULL,NULL,NULL,NULL,NULL,374,'BDAFB665-A6E1-4AAE-AD8C-BADEEEBBDBA8',2,'D4ADF8A3-CFA4-4541-9C7D-341A6896CE0C'),(1799,'筒高',NULL,NULL,NULL,NULL,NULL,NULL,375,'780AE8F9-6D9A-4474-B92C-BB0AC6BE02A4',2,'8C596E58-EC4D-468A-A7EF-FF874D920B54'),(1800,'袜长',NULL,NULL,NULL,NULL,NULL,NULL,375,'780AE8F9-6D9A-4474-B92C-BB0AC6BE02A4',1,'8C596E58-EC4D-468A-A7EF-FF874D920B54'),(1801,'直径',NULL,NULL,NULL,NULL,NULL,NULL,376,'6D54BD06-2189-41CF-9C3E-BDA08B3B1393',2,'22FD3AD1-2468-4E08-9026-742CF9220EEC'),(1802,'长度',NULL,NULL,NULL,NULL,NULL,NULL,376,'6D54BD06-2189-41CF-9C3E-BDA08B3B1393',1,'22FD3AD1-2468-4E08-9026-742CF9220EEC'),(1803,'下摆围(周长)',NULL,NULL,NULL,NULL,NULL,NULL,377,'8C2F7B79-2288-4F6E-B40D-BFB53B8395A9',4,'1D4A7BE3-1341-45D8-A04B-1F04E944CFB0'),(1804,'胸围(周长)',NULL,NULL,NULL,NULL,NULL,NULL,377,'8C2F7B79-2288-4F6E-B40D-BFB53B8395A9',2,'1D4A7BE3-1341-45D8-A04B-1F04E944CFB0'),(1805,'衣长',NULL,NULL,NULL,NULL,NULL,NULL,377,'8C2F7B79-2288-4F6E-B40D-BFB53B8395A9',5,'1D4A7BE3-1341-45D8-A04B-1F04E944CFB0'),(1806,'中国码',NULL,NULL,NULL,NULL,NULL,NULL,377,'8C2F7B79-2288-4F6E-B40D-BFB53B8395A9',7,'1D4A7BE3-1341-45D8-A04B-1F04E944CFB0'),(1807,'肩宽',NULL,NULL,NULL,NULL,NULL,NULL,377,'8C2F7B79-2288-4F6E-B40D-BFB53B8395A9',1,'1D4A7BE3-1341-45D8-A04B-1F04E944CFB0'),(1808,'袖长',NULL,NULL,NULL,NULL,NULL,NULL,377,'8C2F7B79-2288-4F6E-B40D-BFB53B8395A9',6,'1D4A7BE3-1341-45D8-A04B-1F04E944CFB0'),(1809,'腰围(周长)',NULL,NULL,NULL,NULL,NULL,NULL,377,'8C2F7B79-2288-4F6E-B40D-BFB53B8395A9',3,'1D4A7BE3-1341-45D8-A04B-1F04E944CFB0'),(1810,'鞋跟高',NULL,NULL,NULL,NULL,NULL,NULL,378,'44E71FEF-2396-4E18-BC0C-C004F20493D5',1,'47597A31-3B97-46C5-B280-F8044FB79BCE'),(1811,'内长',NULL,NULL,NULL,NULL,NULL,NULL,378,'44E71FEF-2396-4E18-BC0C-C004F20493D5',3,'47597A31-3B97-46C5-B280-F8044FB79BCE'),(1812,'中国码',NULL,NULL,NULL,NULL,NULL,NULL,378,'44E71FEF-2396-4E18-BC0C-C004F20493D5',5,'47597A31-3B97-46C5-B280-F8044FB79BCE'),(1813,'鞋宽',NULL,NULL,NULL,NULL,NULL,NULL,378,'44E71FEF-2396-4E18-BC0C-C004F20493D5',4,'47597A31-3B97-46C5-B280-F8044FB79BCE'),(1814,'鞋帮高',NULL,NULL,NULL,NULL,NULL,NULL,378,'44E71FEF-2396-4E18-BC0C-C004F20493D5',2,'47597A31-3B97-46C5-B280-F8044FB79BCE'),(1815,'系带宽',NULL,NULL,NULL,NULL,NULL,NULL,379,'2376660C-B00A-4562-85D3-C00B92A8F91E',4,'A3B9F889-A539-4600-A99C-8BB2B3D5DA17'),(1816,'宽度',NULL,NULL,NULL,NULL,NULL,NULL,379,'2376660C-B00A-4562-85D3-C00B92A8F91E',2,'A3B9F889-A539-4600-A99C-8BB2B3D5DA17'),(1817,'长度',NULL,NULL,NULL,NULL,NULL,NULL,379,'2376660C-B00A-4562-85D3-C00B92A8F91E',1,'A3B9F889-A539-4600-A99C-8BB2B3D5DA17'),(1818,'系带长',NULL,NULL,NULL,NULL,NULL,NULL,379,'2376660C-B00A-4562-85D3-C00B92A8F91E',3,'A3B9F889-A539-4600-A99C-8BB2B3D5DA17'),(1819,'内长',NULL,NULL,NULL,NULL,NULL,NULL,380,'FF2F8D46-7800-445F-97F1-C04F500BCBCF',2,'6477FA9D-89A2-46A8-956D-93810174D0E6'),(1820,'鞋宽',NULL,NULL,NULL,NULL,NULL,NULL,380,'FF2F8D46-7800-445F-97F1-C04F500BCBCF',3,'6477FA9D-89A2-46A8-956D-93810174D0E6'),(1821,'鞋跟高',NULL,NULL,NULL,NULL,NULL,NULL,380,'FF2F8D46-7800-445F-97F1-C04F500BCBCF',1,'6477FA9D-89A2-46A8-956D-93810174D0E6'),(1822,'中国码',NULL,NULL,NULL,NULL,NULL,NULL,380,'FF2F8D46-7800-445F-97F1-C04F500BCBCF',4,'6477FA9D-89A2-46A8-956D-93810174D0E6'),(1823,'筒高',NULL,NULL,NULL,NULL,NULL,NULL,381,'074B0EA3-52E4-4F1D-9149-C0D78863683F',2,'8C596E58-EC4D-468A-A7EF-FF874D920B54'),(1824,'袜长',NULL,NULL,NULL,NULL,NULL,NULL,381,'074B0EA3-52E4-4F1D-9149-C0D78863683F',1,'8C596E58-EC4D-468A-A7EF-FF874D920B54'),(1825,'腰围',NULL,NULL,NULL,NULL,NULL,NULL,382,'FAFE9548-6306-4477-8268-C1FCFF09A235',3,'EEB06EEE-5A0B-401E-912F-3FC296FE1DC0'),(1826,'肩宽',NULL,NULL,NULL,NULL,NULL,NULL,382,'FAFE9548-6306-4477-8268-C1FCFF09A235',1,'EEB06EEE-5A0B-401E-912F-3FC296FE1DC0'),(1827,'胸围',NULL,NULL,NULL,NULL,NULL,NULL,382,'FAFE9548-6306-4477-8268-C1FCFF09A235',2,'EEB06EEE-5A0B-401E-912F-3FC296FE1DC0'),(1828,'中国码',NULL,NULL,NULL,NULL,NULL,NULL,382,'FAFE9548-6306-4477-8268-C1FCFF09A235',7,'EEB06EEE-5A0B-401E-912F-3FC296FE1DC0'),(1829,'下摆围',NULL,NULL,NULL,NULL,NULL,NULL,382,'FAFE9548-6306-4477-8268-C1FCFF09A235',4,'EEB06EEE-5A0B-401E-912F-3FC296FE1DC0'),(1830,'衣长',NULL,NULL,NULL,NULL,NULL,NULL,382,'FAFE9548-6306-4477-8268-C1FCFF09A235',5,'EEB06EEE-5A0B-401E-912F-3FC296FE1DC0'),(1831,'袖长',NULL,NULL,NULL,NULL,NULL,NULL,382,'FAFE9548-6306-4477-8268-C1FCFF09A235',6,'EEB06EEE-5A0B-401E-912F-3FC296FE1DC0'),(1832,'中国码',NULL,NULL,NULL,NULL,NULL,NULL,383,'A135640D-1F2C-4D8E-BCA3-C385A91F3974',7,'F77B05C8-BA34-4E52-9DF9-BFDE96A664D0'),(1833,'裤脚围(周长)',NULL,NULL,NULL,NULL,NULL,NULL,383,'A135640D-1F2C-4D8E-BCA3-C385A91F3974',6,'F77B05C8-BA34-4E52-9DF9-BFDE96A664D0'),(1834,'臀围(周长)',NULL,NULL,NULL,NULL,NULL,NULL,383,'A135640D-1F2C-4D8E-BCA3-C385A91F3974',2,'F77B05C8-BA34-4E52-9DF9-BFDE96A664D0'),(1835,'裤腰围(周长)',NULL,NULL,NULL,NULL,NULL,NULL,383,'A135640D-1F2C-4D8E-BCA3-C385A91F3974',1,'F77B05C8-BA34-4E52-9DF9-BFDE96A664D0'),(1836,'裤长',NULL,NULL,NULL,NULL,NULL,NULL,383,'A135640D-1F2C-4D8E-BCA3-C385A91F3974',5,'F77B05C8-BA34-4E52-9DF9-BFDE96A664D0'),(1837,'大腿围',NULL,NULL,NULL,NULL,NULL,NULL,383,'A135640D-1F2C-4D8E-BCA3-C385A91F3974',4,'F77B05C8-BA34-4E52-9DF9-BFDE96A664D0'),(1838,'前立裆',NULL,NULL,NULL,NULL,NULL,NULL,383,'A135640D-1F2C-4D8E-BCA3-C385A91F3974',3,'F77B05C8-BA34-4E52-9DF9-BFDE96A664D0'),(1839,'跟高',NULL,NULL,NULL,NULL,NULL,NULL,384,'2E1FB0D8-7A18-46B1-8EA5-C39CED029B7A',1,'D2EF2FD2-7783-4DC4-A3E4-169C07CAED2F'),(1840,'内长',NULL,NULL,NULL,NULL,NULL,NULL,384,'2E1FB0D8-7A18-46B1-8EA5-C39CED029B7A',3,'D2EF2FD2-7783-4DC4-A3E4-169C07CAED2F'),(1841,'防水台',NULL,NULL,NULL,NULL,NULL,NULL,384,'2E1FB0D8-7A18-46B1-8EA5-C39CED029B7A',2,'D2EF2FD2-7783-4DC4-A3E4-169C07CAED2F'),(1842,'鞋宽',NULL,NULL,NULL,NULL,NULL,NULL,384,'2E1FB0D8-7A18-46B1-8EA5-C39CED029B7A',4,'D2EF2FD2-7783-4DC4-A3E4-169C07CAED2F'),(1843,'中国码',NULL,NULL,NULL,NULL,NULL,NULL,384,'2E1FB0D8-7A18-46B1-8EA5-C39CED029B7A',5,'D2EF2FD2-7783-4DC4-A3E4-169C07CAED2F'),(1844,'袖长',NULL,NULL,NULL,NULL,NULL,NULL,386,'92F2D920-1B3F-4C97-9674-C52145F269E8',6,'89448EA5-A31D-4023-9F9A-0E48F9B1686B'),(1845,'肩宽',NULL,NULL,NULL,NULL,NULL,NULL,386,'92F2D920-1B3F-4C97-9674-C52145F269E8',1,'89448EA5-A31D-4023-9F9A-0E48F9B1686B'),(1846,'腰围(周长)',NULL,NULL,NULL,NULL,NULL,NULL,386,'92F2D920-1B3F-4C97-9674-C52145F269E8',3,'89448EA5-A31D-4023-9F9A-0E48F9B1686B'),(1847,'中国码',NULL,NULL,NULL,NULL,NULL,NULL,386,'92F2D920-1B3F-4C97-9674-C52145F269E8',7,'89448EA5-A31D-4023-9F9A-0E48F9B1686B'),(1848,'衣长',NULL,NULL,NULL,NULL,NULL,NULL,386,'92F2D920-1B3F-4C97-9674-C52145F269E8',5,'89448EA5-A31D-4023-9F9A-0E48F9B1686B'),(1849,'下摆围(周长)',NULL,NULL,NULL,NULL,NULL,NULL,386,'92F2D920-1B3F-4C97-9674-C52145F269E8',4,'89448EA5-A31D-4023-9F9A-0E48F9B1686B'),(1850,'胸围(周长)',NULL,NULL,NULL,NULL,NULL,NULL,386,'92F2D920-1B3F-4C97-9674-C52145F269E8',2,'89448EA5-A31D-4023-9F9A-0E48F9B1686B'),(1851,'高度',NULL,NULL,NULL,NULL,NULL,NULL,387,'7B814EB4-7482-4A47-81D8-C819454A83A7',3,'5A31C3E9-9B25-4EFC-B2BB-AF7F3DD0D4D6'),(1852,'距地面高',NULL,NULL,NULL,NULL,NULL,NULL,387,'7B814EB4-7482-4A47-81D8-C819454A83A7',5,'5A31C3E9-9B25-4EFC-B2BB-AF7F3DD0D4D6'),(1853,'宽度',NULL,NULL,NULL,NULL,NULL,NULL,387,'7B814EB4-7482-4A47-81D8-C819454A83A7',2,'5A31C3E9-9B25-4EFC-B2BB-AF7F3DD0D4D6'),(1854,'长度',NULL,NULL,NULL,NULL,NULL,NULL,387,'7B814EB4-7482-4A47-81D8-C819454A83A7',1,'5A31C3E9-9B25-4EFC-B2BB-AF7F3DD0D4D6'),(1855,'深度',NULL,NULL,NULL,NULL,NULL,NULL,387,'7B814EB4-7482-4A47-81D8-C819454A83A7',4,'5A31C3E9-9B25-4EFC-B2BB-AF7F3DD0D4D6'),(1856,'跟高',NULL,NULL,NULL,NULL,NULL,NULL,388,'F6AC5B12-EBF2-4765-A8AD-C918D86D3F6D',1,'D2EF2FD2-7783-4DC4-A3E4-169C07CAED2F'),(1857,'内长',NULL,NULL,NULL,NULL,NULL,NULL,388,'F6AC5B12-EBF2-4765-A8AD-C918D86D3F6D',3,'D2EF2FD2-7783-4DC4-A3E4-169C07CAED2F'),(1858,'防水台',NULL,NULL,NULL,NULL,NULL,NULL,388,'F6AC5B12-EBF2-4765-A8AD-C918D86D3F6D',2,'D2EF2FD2-7783-4DC4-A3E4-169C07CAED2F'),(1859,'鞋宽',NULL,NULL,NULL,NULL,NULL,NULL,388,'F6AC5B12-EBF2-4765-A8AD-C918D86D3F6D',4,'D2EF2FD2-7783-4DC4-A3E4-169C07CAED2F'),(1860,'中国码',NULL,NULL,NULL,NULL,NULL,NULL,388,'F6AC5B12-EBF2-4765-A8AD-C918D86D3F6D',5,'D2EF2FD2-7783-4DC4-A3E4-169C07CAED2F'),(1861,'长度',NULL,NULL,NULL,NULL,NULL,NULL,390,'AB1E2EAC-4ABC-4876-AADF-CACA08E9E5DC',1,'A11E9A33-177E-4D18-99F1-28E5685C56AE'),(1862,'宽度',NULL,NULL,NULL,NULL,NULL,NULL,390,'AB1E2EAC-4ABC-4876-AADF-CACA08E9E5DC',2,'A11E9A33-177E-4D18-99F1-28E5685C56AE'),(1863,'臀围(周长)',NULL,NULL,NULL,NULL,NULL,NULL,391,'07A49811-1C26-400B-8810-CC0348ECFD4B',4,'FFC692C8-1DBA-4AA5-BD09-FD8A6DEEFA31'),(1864,'腰围(周长)',NULL,NULL,NULL,NULL,NULL,NULL,391,'07A49811-1C26-400B-8810-CC0348ECFD4B',3,'FFC692C8-1DBA-4AA5-BD09-FD8A6DEEFA31'),(1865,'肩宽',NULL,NULL,NULL,NULL,NULL,NULL,391,'07A49811-1C26-400B-8810-CC0348ECFD4B',1,'FFC692C8-1DBA-4AA5-BD09-FD8A6DEEFA31'),(1866,'袖长',NULL,NULL,NULL,NULL,NULL,NULL,391,'07A49811-1C26-400B-8810-CC0348ECFD4B',7,'FFC692C8-1DBA-4AA5-BD09-FD8A6DEEFA31'),(1867,'中国码',NULL,NULL,NULL,NULL,NULL,NULL,391,'07A49811-1C26-400B-8810-CC0348ECFD4B',10,'FFC692C8-1DBA-4AA5-BD09-FD8A6DEEFA31'),(1868,'上衣长',NULL,NULL,NULL,NULL,NULL,NULL,391,'07A49811-1C26-400B-8810-CC0348ECFD4B',8,'FFC692C8-1DBA-4AA5-BD09-FD8A6DEEFA31'),(1869,'裤脚围(周长)',NULL,NULL,NULL,NULL,NULL,NULL,391,'07A49811-1C26-400B-8810-CC0348ECFD4B',5,'FFC692C8-1DBA-4AA5-BD09-FD8A6DEEFA31'),(1870,'胸围(周长)',NULL,NULL,NULL,NULL,NULL,NULL,391,'07A49811-1C26-400B-8810-CC0348ECFD4B',2,'FFC692C8-1DBA-4AA5-BD09-FD8A6DEEFA31'),(1871,'裤长',NULL,NULL,NULL,NULL,NULL,NULL,391,'07A49811-1C26-400B-8810-CC0348ECFD4B',9,'FFC692C8-1DBA-4AA5-BD09-FD8A6DEEFA31'),(1872,'前立裆',NULL,NULL,NULL,NULL,NULL,NULL,391,'07A49811-1C26-400B-8810-CC0348ECFD4B',6,'FFC692C8-1DBA-4AA5-BD09-FD8A6DEEFA31'),(1873,'厚度',NULL,NULL,NULL,NULL,NULL,NULL,392,'D0127A90-544B-4201-9FBE-CCE0915A3881',3,'B6918CED-7372-4388-8662-CD7C1769C73D'),(1874,'宽度',NULL,NULL,NULL,NULL,NULL,NULL,392,'D0127A90-544B-4201-9FBE-CCE0915A3881',2,'B6918CED-7372-4388-8662-CD7C1769C73D'),(1875,'高度',NULL,NULL,NULL,NULL,NULL,NULL,392,'D0127A90-544B-4201-9FBE-CCE0915A3881',1,'B6918CED-7372-4388-8662-CD7C1769C73D'),(1876,'裤腰围（周长）',NULL,NULL,NULL,NULL,NULL,NULL,393,'01B610F4-5C39-49D7-BB00-CDAA92426510',8,'8879ABBA-8C05-4534-8386-5CF2C893D406'),(1877,'肩宽',NULL,NULL,NULL,NULL,NULL,NULL,393,'01B610F4-5C39-49D7-BB00-CDAA92426510',1,'8879ABBA-8C05-4534-8386-5CF2C893D406'),(1878,'腰围(周长)',NULL,NULL,NULL,NULL,NULL,NULL,393,'01B610F4-5C39-49D7-BB00-CDAA92426510',3,'8879ABBA-8C05-4534-8386-5CF2C893D406'),(1879,'下摆围(周长)',NULL,NULL,NULL,NULL,NULL,NULL,393,'01B610F4-5C39-49D7-BB00-CDAA92426510',4,'8879ABBA-8C05-4534-8386-5CF2C893D406'),(1880,'裤脚围(周长)',NULL,NULL,NULL,NULL,NULL,NULL,393,'01B610F4-5C39-49D7-BB00-CDAA92426510',10,'8879ABBA-8C05-4534-8386-5CF2C893D406'),(1881,'袖长',NULL,NULL,NULL,NULL,NULL,NULL,393,'01B610F4-5C39-49D7-BB00-CDAA92426510',6,'8879ABBA-8C05-4534-8386-5CF2C893D406'),(1882,'衣长',NULL,NULL,NULL,NULL,NULL,NULL,393,'01B610F4-5C39-49D7-BB00-CDAA92426510',5,'8879ABBA-8C05-4534-8386-5CF2C893D406'),(1883,'臀围(周长)',NULL,NULL,NULL,NULL,NULL,NULL,393,'01B610F4-5C39-49D7-BB00-CDAA92426510',9,'8879ABBA-8C05-4534-8386-5CF2C893D406'),(1884,'胸围(周长)',NULL,NULL,NULL,NULL,NULL,NULL,393,'01B610F4-5C39-49D7-BB00-CDAA92426510',2,'8879ABBA-8C05-4534-8386-5CF2C893D406'),(1885,'中国码',NULL,NULL,NULL,NULL,NULL,NULL,393,'01B610F4-5C39-49D7-BB00-CDAA92426510',11,'8879ABBA-8C05-4534-8386-5CF2C893D406'),(1886,'裤长',NULL,NULL,NULL,NULL,NULL,NULL,393,'01B610F4-5C39-49D7-BB00-CDAA92426510',7,'8879ABBA-8C05-4534-8386-5CF2C893D406'),(1887,'宽度',NULL,NULL,NULL,NULL,NULL,NULL,395,'809C3645-D22A-4427-A3FD-CE795A4ADD08',2,'7590A392-2744-4C6A-95C8-B9B68045B8C1'),(1888,'长度',NULL,NULL,NULL,NULL,NULL,NULL,395,'809C3645-D22A-4427-A3FD-CE795A4ADD08',1,'7590A392-2744-4C6A-95C8-B9B68045B8C1'),(1889,'厚度',NULL,NULL,NULL,NULL,NULL,NULL,395,'809C3645-D22A-4427-A3FD-CE795A4ADD08',3,'7590A392-2744-4C6A-95C8-B9B68045B8C1'),(1890,'厚度',NULL,NULL,NULL,NULL,NULL,NULL,396,'34F32CC3-011C-42E0-9431-CE7D0B2C8C93',3,'B6918CED-7372-4388-8662-CD7C1769C73D'),(1891,'宽度',NULL,NULL,NULL,NULL,NULL,NULL,396,'34F32CC3-011C-42E0-9431-CE7D0B2C8C93',2,'B6918CED-7372-4388-8662-CD7C1769C73D'),(1892,'高度',NULL,NULL,NULL,NULL,NULL,NULL,396,'34F32CC3-011C-42E0-9431-CE7D0B2C8C93',1,'B6918CED-7372-4388-8662-CD7C1769C73D'),(1893,'镜片宽度',NULL,NULL,NULL,NULL,NULL,NULL,397,'1886AB15-EAC6-489E-B45C-CF3B36A34519',4,'70B102D1-7B0A-436B-908B-A32EEA369C15'),(1894,'镜脚长度',NULL,NULL,NULL,NULL,NULL,NULL,397,'1886AB15-EAC6-489E-B45C-CF3B36A34519',5,'70B102D1-7B0A-436B-908B-A32EEA369C15'),(1895,'鼻梁宽度',NULL,NULL,NULL,NULL,NULL,NULL,397,'1886AB15-EAC6-489E-B45C-CF3B36A34519',2,'70B102D1-7B0A-436B-908B-A32EEA369C15'),(1896,'总宽度',NULL,NULL,NULL,NULL,NULL,NULL,397,'1886AB15-EAC6-489E-B45C-CF3B36A34519',1,'70B102D1-7B0A-436B-908B-A32EEA369C15'),(1897,'总高度',NULL,NULL,NULL,NULL,NULL,NULL,397,'1886AB15-EAC6-489E-B45C-CF3B36A34519',3,'70B102D1-7B0A-436B-908B-A32EEA369C15'),(1898,'宽度',NULL,NULL,NULL,NULL,NULL,NULL,398,'BF72CF27-878E-405F-9449-D3159B9B4BB4',1,'62CB1CA1-C029-40F0-BC20-B8933B308C4E'),(1899,'肩带宽度',NULL,NULL,NULL,NULL,NULL,NULL,398,'BF72CF27-878E-405F-9449-D3159B9B4BB4',6,'62CB1CA1-C029-40F0-BC20-B8933B308C4E'),(1900,'提把高',NULL,NULL,NULL,NULL,NULL,NULL,398,'BF72CF27-878E-405F-9449-D3159B9B4BB4',4,'62CB1CA1-C029-40F0-BC20-B8933B308C4E'),(1901,'厚度',NULL,NULL,NULL,NULL,NULL,NULL,398,'BF72CF27-878E-405F-9449-D3159B9B4BB4',3,'62CB1CA1-C029-40F0-BC20-B8933B308C4E'),(1902,'肩带长度',NULL,NULL,NULL,NULL,NULL,NULL,398,'BF72CF27-878E-405F-9449-D3159B9B4BB4',5,'62CB1CA1-C029-40F0-BC20-B8933B308C4E'),(1903,'高度',NULL,NULL,NULL,NULL,NULL,NULL,398,'BF72CF27-878E-405F-9449-D3159B9B4BB4',2,'62CB1CA1-C029-40F0-BC20-B8933B308C4E'),(1904,'腰围(周长)',NULL,NULL,NULL,NULL,NULL,NULL,399,'9D726201-DFD6-43A4-B70C-D34B28906F33',3,'4BC4302C-5772-4F98-BB48-52617A58BBBC'),(1905,'下摆围(周长)',NULL,NULL,NULL,NULL,NULL,NULL,399,'9D726201-DFD6-43A4-B70C-D34B28906F33',4,'4BC4302C-5772-4F98-BB48-52617A58BBBC'),(1906,'袖长',NULL,NULL,NULL,NULL,NULL,NULL,399,'9D726201-DFD6-43A4-B70C-D34B28906F33',6,'4BC4302C-5772-4F98-BB48-52617A58BBBC'),(1907,'胸围(周长)',NULL,NULL,NULL,NULL,NULL,NULL,399,'9D726201-DFD6-43A4-B70C-D34B28906F33',2,'4BC4302C-5772-4F98-BB48-52617A58BBBC'),(1908,'衣长',NULL,NULL,NULL,NULL,NULL,NULL,399,'9D726201-DFD6-43A4-B70C-D34B28906F33',5,'4BC4302C-5772-4F98-BB48-52617A58BBBC'),(1909,'中国码',NULL,NULL,NULL,NULL,NULL,NULL,399,'9D726201-DFD6-43A4-B70C-D34B28906F33',7,'4BC4302C-5772-4F98-BB48-52617A58BBBC'),(1910,'肩宽',NULL,NULL,NULL,NULL,NULL,NULL,399,'9D726201-DFD6-43A4-B70C-D34B28906F33',1,'4BC4302C-5772-4F98-BB48-52617A58BBBC'),(1911,'鞋宽',NULL,NULL,NULL,NULL,NULL,NULL,400,'BDC8D122-D804-4B92-9DFE-D526EAF51E3B',4,'C2BE7484-81AB-4DCB-B829-F720525B93F4'),(1912,'鞋帮高',NULL,NULL,NULL,NULL,NULL,NULL,400,'BDC8D122-D804-4B92-9DFE-D526EAF51E3B',2,'C2BE7484-81AB-4DCB-B829-F720525B93F4'),(1913,'中国码',NULL,NULL,NULL,NULL,NULL,NULL,400,'BDC8D122-D804-4B92-9DFE-D526EAF51E3B',5,'C2BE7484-81AB-4DCB-B829-F720525B93F4'),(1914,'内长',NULL,NULL,NULL,NULL,NULL,NULL,400,'BDC8D122-D804-4B92-9DFE-D526EAF51E3B',3,'C2BE7484-81AB-4DCB-B829-F720525B93F4'),(1915,'鞋跟高',NULL,NULL,NULL,NULL,NULL,NULL,400,'BDC8D122-D804-4B92-9DFE-D526EAF51E3B',1,'C2BE7484-81AB-4DCB-B829-F720525B93F4'),(1916,'长度',NULL,NULL,NULL,NULL,NULL,NULL,401,'3EDC155B-C2BA-4219-8E57-D6E1F49B2814',1,'A11E9A33-177E-4D18-99F1-28E5685C56AE'),(1917,'宽度',NULL,NULL,NULL,NULL,NULL,NULL,401,'3EDC155B-C2BA-4219-8E57-D6E1F49B2814',2,'A11E9A33-177E-4D18-99F1-28E5685C56AE'),(1918,'鞋宽',NULL,NULL,NULL,NULL,NULL,NULL,402,'0C17D09A-3E0A-4A37-AEB3-D7246DDC8412',4,'8CDA2CA0-9687-48F5-81AC-F245440776F9'),(1919,'内长',NULL,NULL,NULL,NULL,NULL,NULL,402,'0C17D09A-3E0A-4A37-AEB3-D7246DDC8412',3,'8CDA2CA0-9687-48F5-81AC-F245440776F9'),(1920,'鞋跟高',NULL,NULL,NULL,NULL,NULL,NULL,402,'0C17D09A-3E0A-4A37-AEB3-D7246DDC8412',1,'8CDA2CA0-9687-48F5-81AC-F245440776F9'),(1921,'中国码',NULL,NULL,NULL,NULL,NULL,NULL,402,'0C17D09A-3E0A-4A37-AEB3-D7246DDC8412',5,'8CDA2CA0-9687-48F5-81AC-F245440776F9'),(1922,'鞋帮高',NULL,NULL,NULL,NULL,NULL,NULL,402,'0C17D09A-3E0A-4A37-AEB3-D7246DDC8412',2,'8CDA2CA0-9687-48F5-81AC-F245440776F9'),(1923,'中国码',NULL,NULL,NULL,NULL,NULL,NULL,403,'26969070-CD83-4905-BAAA-D72ACC84DA30',3,'E6D9D190-1357-4FDB-A605-DD07C973B77B'),(1924,'腰围',NULL,NULL,NULL,NULL,NULL,NULL,403,'26969070-CD83-4905-BAAA-D72ACC84DA30',1,'E6D9D190-1357-4FDB-A605-DD07C973B77B'),(1925,'立裆深度',NULL,NULL,NULL,NULL,NULL,NULL,403,'26969070-CD83-4905-BAAA-D72ACC84DA30',2,'E6D9D190-1357-4FDB-A605-DD07C973B77B'),(1926,'袖长',NULL,NULL,NULL,NULL,NULL,NULL,404,'0FB54922-1E3B-496D-AA2C-D77202E46A4B',6,'89448EA5-A31D-4023-9F9A-0E48F9B1686B'),(1927,'肩宽',NULL,NULL,NULL,NULL,NULL,NULL,404,'0FB54922-1E3B-496D-AA2C-D77202E46A4B',1,'89448EA5-A31D-4023-9F9A-0E48F9B1686B'),(1928,'腰围(周长)',NULL,NULL,NULL,NULL,NULL,NULL,404,'0FB54922-1E3B-496D-AA2C-D77202E46A4B',3,'89448EA5-A31D-4023-9F9A-0E48F9B1686B'),(1929,'中国码',NULL,NULL,NULL,NULL,NULL,NULL,404,'0FB54922-1E3B-496D-AA2C-D77202E46A4B',7,'89448EA5-A31D-4023-9F9A-0E48F9B1686B'),(1930,'衣长',NULL,NULL,NULL,NULL,NULL,NULL,404,'0FB54922-1E3B-496D-AA2C-D77202E46A4B',5,'89448EA5-A31D-4023-9F9A-0E48F9B1686B'),(1931,'下摆围(周长)',NULL,NULL,NULL,NULL,NULL,NULL,404,'0FB54922-1E3B-496D-AA2C-D77202E46A4B',4,'89448EA5-A31D-4023-9F9A-0E48F9B1686B'),(1932,'胸围(周长)',NULL,NULL,NULL,NULL,NULL,NULL,404,'0FB54922-1E3B-496D-AA2C-D77202E46A4B',2,'89448EA5-A31D-4023-9F9A-0E48F9B1686B'),(1933,'跟高',NULL,NULL,NULL,NULL,NULL,NULL,405,'8474A587-E6F9-474C-99CF-D81DF3603CEE',1,'D2EF2FD2-7783-4DC4-A3E4-169C07CAED2F'),(1934,'内长',NULL,NULL,NULL,NULL,NULL,NULL,405,'8474A587-E6F9-474C-99CF-D81DF3603CEE',3,'D2EF2FD2-7783-4DC4-A3E4-169C07CAED2F'),(1935,'防水台',NULL,NULL,NULL,NULL,NULL,NULL,405,'8474A587-E6F9-474C-99CF-D81DF3603CEE',2,'D2EF2FD2-7783-4DC4-A3E4-169C07CAED2F'),(1936,'鞋宽',NULL,NULL,NULL,NULL,NULL,NULL,405,'8474A587-E6F9-474C-99CF-D81DF3603CEE',4,'D2EF2FD2-7783-4DC4-A3E4-169C07CAED2F'),(1937,'中国码',NULL,NULL,NULL,NULL,NULL,NULL,405,'8474A587-E6F9-474C-99CF-D81DF3603CEE',5,'D2EF2FD2-7783-4DC4-A3E4-169C07CAED2F'),(1938,'直径',NULL,NULL,NULL,NULL,NULL,NULL,406,'B095D5C7-6FE1-40D1-8A9C-D8543280C924',2,'22FD3AD1-2468-4E08-9026-742CF9220EEC'),(1939,'长度',NULL,NULL,NULL,NULL,NULL,NULL,406,'B095D5C7-6FE1-40D1-8A9C-D8543280C924',1,'22FD3AD1-2468-4E08-9026-742CF9220EEC'),(1940,'脚踝围(周长)',NULL,NULL,NULL,NULL,NULL,NULL,407,'102194B2-C5F5-47A0-A2C5-D8C0B8117A08',3,'03524953-BB55-474F-A039-640EA5157F4F'),(1941,'鞋宽',NULL,NULL,NULL,NULL,NULL,NULL,407,'102194B2-C5F5-47A0-A2C5-D8C0B8117A08',7,'03524953-BB55-474F-A039-640EA5157F4F'),(1942,'内长',NULL,NULL,NULL,NULL,NULL,NULL,407,'102194B2-C5F5-47A0-A2C5-D8C0B8117A08',6,'03524953-BB55-474F-A039-640EA5157F4F'),(1943,'防水台',NULL,NULL,NULL,NULL,NULL,NULL,407,'102194B2-C5F5-47A0-A2C5-D8C0B8117A08',5,'03524953-BB55-474F-A039-640EA5157F4F'),(1944,'鞋跟',NULL,NULL,NULL,NULL,NULL,NULL,407,'102194B2-C5F5-47A0-A2C5-D8C0B8117A08',4,'03524953-BB55-474F-A039-640EA5157F4F'),(1945,'筒围(周长)',NULL,NULL,NULL,NULL,NULL,NULL,407,'102194B2-C5F5-47A0-A2C5-D8C0B8117A08',2,'03524953-BB55-474F-A039-640EA5157F4F'),(1946,'中国码',NULL,NULL,NULL,NULL,NULL,NULL,407,'102194B2-C5F5-47A0-A2C5-D8C0B8117A08',8,'03524953-BB55-474F-A039-640EA5157F4F'),(1947,'筒高',NULL,NULL,NULL,NULL,NULL,NULL,407,'102194B2-C5F5-47A0-A2C5-D8C0B8117A08',1,'03524953-BB55-474F-A039-640EA5157F4F'),(1948,'衣长',NULL,NULL,NULL,NULL,NULL,NULL,408,'281E2D2F-095C-42C4-B11C-D914270FDE38',5,'0ED87C96-D14D-4AEC-B650-BBE4CEDE91EF'),(1949,'腰围（周长）',NULL,NULL,NULL,NULL,NULL,NULL,408,'281E2D2F-095C-42C4-B11C-D914270FDE38',3,'0ED87C96-D14D-4AEC-B650-BBE4CEDE91EF'),(1950,'胸围（周长）',NULL,NULL,NULL,NULL,NULL,NULL,408,'281E2D2F-095C-42C4-B11C-D914270FDE38',2,'0ED87C96-D14D-4AEC-B650-BBE4CEDE91EF'),(1951,'裤口（周长）',NULL,NULL,NULL,NULL,NULL,NULL,408,'281E2D2F-095C-42C4-B11C-D914270FDE38',7,'0ED87C96-D14D-4AEC-B650-BBE4CEDE91EF'),(1952,'中国码',NULL,NULL,NULL,NULL,NULL,NULL,408,'281E2D2F-095C-42C4-B11C-D914270FDE38',8,'0ED87C96-D14D-4AEC-B650-BBE4CEDE91EF'),(1953,'肩到裆',NULL,NULL,NULL,NULL,NULL,NULL,408,'281E2D2F-095C-42C4-B11C-D914270FDE38',4,'0ED87C96-D14D-4AEC-B650-BBE4CEDE91EF'),(1954,'袖长',NULL,NULL,NULL,NULL,NULL,NULL,408,'281E2D2F-095C-42C4-B11C-D914270FDE38',6,'0ED87C96-D14D-4AEC-B650-BBE4CEDE91EF'),(1955,'肩宽',NULL,NULL,NULL,NULL,NULL,NULL,408,'281E2D2F-095C-42C4-B11C-D914270FDE38',1,'0ED87C96-D14D-4AEC-B650-BBE4CEDE91EF'),(1956,'腰围(周长)',NULL,NULL,NULL,NULL,NULL,NULL,409,'96032868-1023-477F-AC16-DA0450B3F6E3',3,'9E1A5D97-37D9-444C-80ED-5DA2482FA3F8'),(1957,'下摆围(周长)',NULL,NULL,NULL,NULL,NULL,NULL,409,'96032868-1023-477F-AC16-DA0450B3F6E3',4,'9E1A5D97-37D9-444C-80ED-5DA2482FA3F8'),(1958,'中国码',NULL,NULL,NULL,NULL,NULL,NULL,409,'96032868-1023-477F-AC16-DA0450B3F6E3',7,'9E1A5D97-37D9-444C-80ED-5DA2482FA3F8'),(1959,'衣长',NULL,NULL,NULL,NULL,NULL,NULL,409,'96032868-1023-477F-AC16-DA0450B3F6E3',5,'9E1A5D97-37D9-444C-80ED-5DA2482FA3F8'),(1960,'胸围(周长)',NULL,NULL,NULL,NULL,NULL,NULL,409,'96032868-1023-477F-AC16-DA0450B3F6E3',2,'9E1A5D97-37D9-444C-80ED-5DA2482FA3F8'),(1961,'袖长',NULL,NULL,NULL,NULL,NULL,NULL,409,'96032868-1023-477F-AC16-DA0450B3F6E3',6,'9E1A5D97-37D9-444C-80ED-5DA2482FA3F8'),(1962,'肩宽',NULL,NULL,NULL,NULL,NULL,NULL,409,'96032868-1023-477F-AC16-DA0450B3F6E3',1,'9E1A5D97-37D9-444C-80ED-5DA2482FA3F8'),(1963,'高度',NULL,NULL,NULL,NULL,NULL,NULL,410,'1A2572F3-3C21-4180-8889-DC035B4219F3',1,'6BBA15B2-24B0-40F3-85C1-B2F4F36B5AF0'),(1964,'宽度',NULL,NULL,NULL,NULL,NULL,NULL,410,'1A2572F3-3C21-4180-8889-DC035B4219F3',2,'6BBA15B2-24B0-40F3-85C1-B2F4F36B5AF0'),(1965,'袖长',NULL,NULL,NULL,NULL,NULL,NULL,411,'0C06E65C-A726-47AA-B8A2-DC4BCCCA0867',6,'0BCBF9AE-1E59-4BD3-8FE5-1545C95313D0'),(1966,'肩宽',NULL,NULL,NULL,NULL,NULL,NULL,411,'0C06E65C-A726-47AA-B8A2-DC4BCCCA0867',1,'0BCBF9AE-1E59-4BD3-8FE5-1545C95313D0'),(1967,'衣长',NULL,NULL,NULL,NULL,NULL,NULL,411,'0C06E65C-A726-47AA-B8A2-DC4BCCCA0867',5,'0BCBF9AE-1E59-4BD3-8FE5-1545C95313D0'),(1968,'袖口围(周长)',NULL,NULL,NULL,NULL,NULL,NULL,411,'0C06E65C-A726-47AA-B8A2-DC4BCCCA0867',7,'0BCBF9AE-1E59-4BD3-8FE5-1545C95313D0'),(1969,'胸围(周长)',NULL,NULL,NULL,NULL,NULL,NULL,411,'0C06E65C-A726-47AA-B8A2-DC4BCCCA0867',2,'0BCBF9AE-1E59-4BD3-8FE5-1545C95313D0'),(1970,'中国码',NULL,NULL,NULL,NULL,NULL,NULL,411,'0C06E65C-A726-47AA-B8A2-DC4BCCCA0867',8,'0BCBF9AE-1E59-4BD3-8FE5-1545C95313D0'),(1971,'领围(周长)',NULL,NULL,NULL,NULL,NULL,NULL,411,'0C06E65C-A726-47AA-B8A2-DC4BCCCA0867',4,'0BCBF9AE-1E59-4BD3-8FE5-1545C95313D0'),(1972,'腰围(周长)',NULL,NULL,NULL,NULL,NULL,NULL,411,'0C06E65C-A726-47AA-B8A2-DC4BCCCA0867',3,'0BCBF9AE-1E59-4BD3-8FE5-1545C95313D0'),(1973,'高度',NULL,NULL,NULL,NULL,NULL,NULL,412,'08D549B4-4359-4C0C-954C-DD549258116C',1,'ADD54E4D-F93B-4360-B6A0-F5B730735E15'),(1974,'拉杆最高度',NULL,NULL,NULL,NULL,NULL,NULL,412,'08D549B4-4359-4C0C-954C-DD549258116C',4,'ADD54E4D-F93B-4360-B6A0-F5B730735E15'),(1975,'宽度',NULL,NULL,NULL,NULL,NULL,NULL,412,'08D549B4-4359-4C0C-954C-DD549258116C',2,'ADD54E4D-F93B-4360-B6A0-F5B730735E15'),(1976,'厚度',NULL,NULL,NULL,NULL,NULL,NULL,412,'08D549B4-4359-4C0C-954C-DD549258116C',3,'ADD54E4D-F93B-4360-B6A0-F5B730735E15'),(1977,'鞋宽',NULL,NULL,NULL,NULL,NULL,NULL,413,'510C895E-B180-4813-8BA3-DD785A9F415E',4,'C2BE7484-81AB-4DCB-B829-F720525B93F4'),(1978,'鞋帮高',NULL,NULL,NULL,NULL,NULL,NULL,413,'510C895E-B180-4813-8BA3-DD785A9F415E',2,'C2BE7484-81AB-4DCB-B829-F720525B93F4'),(1979,'中国码',NULL,NULL,NULL,NULL,NULL,NULL,413,'510C895E-B180-4813-8BA3-DD785A9F415E',5,'C2BE7484-81AB-4DCB-B829-F720525B93F4'),(1980,'内长',NULL,NULL,NULL,NULL,NULL,NULL,413,'510C895E-B180-4813-8BA3-DD785A9F415E',3,'C2BE7484-81AB-4DCB-B829-F720525B93F4'),(1981,'鞋跟高',NULL,NULL,NULL,NULL,NULL,NULL,413,'510C895E-B180-4813-8BA3-DD785A9F415E',1,'C2BE7484-81AB-4DCB-B829-F720525B93F4'),(1982,'臀围(周长)',NULL,NULL,NULL,NULL,NULL,NULL,414,'4A9B4C55-9325-4D8D-9B0A-DDDACFE942DF',2,'6F361B54-8AA7-4898-AA40-10EE7F1EE746'),(1983,'腰围(周长)',NULL,NULL,NULL,NULL,NULL,NULL,414,'4A9B4C55-9325-4D8D-9B0A-DDDACFE942DF',1,'6F361B54-8AA7-4898-AA40-10EE7F1EE746'),(1984,'裙摆围(周长)',NULL,NULL,NULL,NULL,NULL,NULL,414,'4A9B4C55-9325-4D8D-9B0A-DDDACFE942DF',3,'6F361B54-8AA7-4898-AA40-10EE7F1EE746'),(1985,'中国码',NULL,NULL,NULL,NULL,NULL,NULL,414,'4A9B4C55-9325-4D8D-9B0A-DDDACFE942DF',5,'6F361B54-8AA7-4898-AA40-10EE7F1EE746'),(1986,'裙长',NULL,NULL,NULL,NULL,NULL,NULL,414,'4A9B4C55-9325-4D8D-9B0A-DDDACFE942DF',4,'6F361B54-8AA7-4898-AA40-10EE7F1EE746'),(1987,'腰围(周长)',NULL,NULL,NULL,NULL,NULL,NULL,415,'8DD6726C-F7FF-4AE8-AD70-DED49BA102B7',3,'C10B1633-E157-46BA-9F31-254366E44ACA'),(1988,'前领深',NULL,NULL,NULL,NULL,NULL,NULL,415,'8DD6726C-F7FF-4AE8-AD70-DED49BA102B7',6,'C10B1633-E157-46BA-9F31-254366E44ACA'),(1989,'肩宽',NULL,NULL,NULL,NULL,NULL,NULL,415,'8DD6726C-F7FF-4AE8-AD70-DED49BA102B7',1,'C10B1633-E157-46BA-9F31-254366E44ACA'),(1990,'衣长',NULL,NULL,NULL,NULL,NULL,NULL,415,'8DD6726C-F7FF-4AE8-AD70-DED49BA102B7',5,'C10B1633-E157-46BA-9F31-254366E44ACA'),(1991,'下摆围(周长)',NULL,NULL,NULL,NULL,NULL,NULL,415,'8DD6726C-F7FF-4AE8-AD70-DED49BA102B7',4,'C10B1633-E157-46BA-9F31-254366E44ACA'),(1992,'中国码',NULL,NULL,NULL,NULL,NULL,NULL,415,'8DD6726C-F7FF-4AE8-AD70-DED49BA102B7',7,'C10B1633-E157-46BA-9F31-254366E44ACA'),(1993,'胸围(周长)',NULL,NULL,NULL,NULL,NULL,NULL,415,'8DD6726C-F7FF-4AE8-AD70-DED49BA102B7',2,'C10B1633-E157-46BA-9F31-254366E44ACA'),(1994,'腰围',NULL,NULL,NULL,NULL,NULL,NULL,416,'B4B8B828-4A81-48C6-8D6B-E02D01090AA2',3,'EEB06EEE-5A0B-401E-912F-3FC296FE1DC0'),(1995,'肩宽',NULL,NULL,NULL,NULL,NULL,NULL,416,'B4B8B828-4A81-48C6-8D6B-E02D01090AA2',1,'EEB06EEE-5A0B-401E-912F-3FC296FE1DC0'),(1996,'胸围',NULL,NULL,NULL,NULL,NULL,NULL,416,'B4B8B828-4A81-48C6-8D6B-E02D01090AA2',2,'EEB06EEE-5A0B-401E-912F-3FC296FE1DC0'),(1997,'中国码',NULL,NULL,NULL,NULL,NULL,NULL,416,'B4B8B828-4A81-48C6-8D6B-E02D01090AA2',7,'EEB06EEE-5A0B-401E-912F-3FC296FE1DC0'),(1998,'下摆围',NULL,NULL,NULL,NULL,NULL,NULL,416,'B4B8B828-4A81-48C6-8D6B-E02D01090AA2',4,'EEB06EEE-5A0B-401E-912F-3FC296FE1DC0'),(1999,'衣长',NULL,NULL,NULL,NULL,NULL,NULL,416,'B4B8B828-4A81-48C6-8D6B-E02D01090AA2',5,'EEB06EEE-5A0B-401E-912F-3FC296FE1DC0'),(2000,'袖长',NULL,NULL,NULL,NULL,NULL,NULL,416,'B4B8B828-4A81-48C6-8D6B-E02D01090AA2',6,'EEB06EEE-5A0B-401E-912F-3FC296FE1DC0'),(2001,'鞋宽',NULL,NULL,NULL,NULL,NULL,NULL,417,'E343B298-ED39-4BEA-B6F3-E35FAA6CE489',4,'8CDA2CA0-9687-48F5-81AC-F245440776F9'),(2002,'内长',NULL,NULL,NULL,NULL,NULL,NULL,417,'E343B298-ED39-4BEA-B6F3-E35FAA6CE489',3,'8CDA2CA0-9687-48F5-81AC-F245440776F9'),(2003,'鞋跟高',NULL,NULL,NULL,NULL,NULL,NULL,417,'E343B298-ED39-4BEA-B6F3-E35FAA6CE489',1,'8CDA2CA0-9687-48F5-81AC-F245440776F9'),(2004,'中国码',NULL,NULL,NULL,NULL,NULL,NULL,417,'E343B298-ED39-4BEA-B6F3-E35FAA6CE489',5,'8CDA2CA0-9687-48F5-81AC-F245440776F9'),(2005,'鞋帮高',NULL,NULL,NULL,NULL,NULL,NULL,417,'E343B298-ED39-4BEA-B6F3-E35FAA6CE489',2,'8CDA2CA0-9687-48F5-81AC-F245440776F9'),(2006,'表头厚度',NULL,NULL,NULL,NULL,NULL,NULL,418,'6D279BDE-AF9C-4493-B0BF-E54728351A89',4,'2FD1490D-25B1-456A-8551-F1B8698FF809'),(2007,'表带长度',NULL,NULL,NULL,NULL,NULL,NULL,418,'6D279BDE-AF9C-4493-B0BF-E54728351A89',2,'2FD1490D-25B1-456A-8551-F1B8698FF809'),(2008,'表头直径',NULL,NULL,NULL,NULL,NULL,NULL,418,'6D279BDE-AF9C-4493-B0BF-E54728351A89',3,'2FD1490D-25B1-456A-8551-F1B8698FF809'),(2009,'表带宽度',NULL,NULL,NULL,NULL,NULL,NULL,418,'6D279BDE-AF9C-4493-B0BF-E54728351A89',1,'2FD1490D-25B1-456A-8551-F1B8698FF809'),(2010,'内长',NULL,NULL,NULL,NULL,NULL,NULL,420,'3BAFBD68-CE29-4E1A-A201-E7DEB6796639',2,'6477FA9D-89A2-46A8-956D-93810174D0E6'),(2011,'鞋宽',NULL,NULL,NULL,NULL,NULL,NULL,420,'3BAFBD68-CE29-4E1A-A201-E7DEB6796639',3,'6477FA9D-89A2-46A8-956D-93810174D0E6'),(2012,'鞋跟高',NULL,NULL,NULL,NULL,NULL,NULL,420,'3BAFBD68-CE29-4E1A-A201-E7DEB6796639',1,'6477FA9D-89A2-46A8-956D-93810174D0E6'),(2013,'中国码',NULL,NULL,NULL,NULL,NULL,NULL,420,'3BAFBD68-CE29-4E1A-A201-E7DEB6796639',4,'6477FA9D-89A2-46A8-956D-93810174D0E6'),(2014,'袖长',NULL,NULL,NULL,NULL,NULL,NULL,421,'E4D55E7D-B06E-43A1-9CBF-E81D592537F2',6,'89448EA5-A31D-4023-9F9A-0E48F9B1686B'),(2015,'肩宽',NULL,NULL,NULL,NULL,NULL,NULL,421,'E4D55E7D-B06E-43A1-9CBF-E81D592537F2',1,'89448EA5-A31D-4023-9F9A-0E48F9B1686B'),(2016,'腰围(周长)',NULL,NULL,NULL,NULL,NULL,NULL,421,'E4D55E7D-B06E-43A1-9CBF-E81D592537F2',3,'89448EA5-A31D-4023-9F9A-0E48F9B1686B'),(2017,'中国码',NULL,NULL,NULL,NULL,NULL,NULL,421,'E4D55E7D-B06E-43A1-9CBF-E81D592537F2',7,'89448EA5-A31D-4023-9F9A-0E48F9B1686B'),(2018,'衣长',NULL,NULL,NULL,NULL,NULL,NULL,421,'E4D55E7D-B06E-43A1-9CBF-E81D592537F2',5,'89448EA5-A31D-4023-9F9A-0E48F9B1686B'),(2019,'下摆围(周长)',NULL,NULL,NULL,NULL,NULL,NULL,421,'E4D55E7D-B06E-43A1-9CBF-E81D592537F2',4,'89448EA5-A31D-4023-9F9A-0E48F9B1686B'),(2020,'胸围(周长)',NULL,NULL,NULL,NULL,NULL,NULL,421,'E4D55E7D-B06E-43A1-9CBF-E81D592537F2',2,'89448EA5-A31D-4023-9F9A-0E48F9B1686B'),(2021,'臀围(周长)',NULL,NULL,NULL,NULL,NULL,NULL,422,'6A96D2DD-A9F3-4FF6-B438-E94FD9B02CD5',2,'6F361B54-8AA7-4898-AA40-10EE7F1EE746'),(2022,'腰围(周长)',NULL,NULL,NULL,NULL,NULL,NULL,422,'6A96D2DD-A9F3-4FF6-B438-E94FD9B02CD5',1,'6F361B54-8AA7-4898-AA40-10EE7F1EE746'),(2023,'裙摆围(周长)',NULL,NULL,NULL,NULL,NULL,NULL,422,'6A96D2DD-A9F3-4FF6-B438-E94FD9B02CD5',3,'6F361B54-8AA7-4898-AA40-10EE7F1EE746'),(2024,'中国码',NULL,NULL,NULL,NULL,NULL,NULL,422,'6A96D2DD-A9F3-4FF6-B438-E94FD9B02CD5',5,'6F361B54-8AA7-4898-AA40-10EE7F1EE746'),(2025,'裙长',NULL,NULL,NULL,NULL,NULL,NULL,422,'6A96D2DD-A9F3-4FF6-B438-E94FD9B02CD5',4,'6F361B54-8AA7-4898-AA40-10EE7F1EE746'),(2026,'帽沿长',NULL,NULL,NULL,NULL,NULL,NULL,423,'57C5B8B0-6B20-446D-82B2-E9F81BC4FBC6',2,'58DBBA71-6EF3-42AE-A63B-14A09DD98434'),(2027,'头围(周长)',NULL,NULL,NULL,NULL,NULL,NULL,423,'57C5B8B0-6B20-446D-82B2-E9F81BC4FBC6',1,'58DBBA71-6EF3-42AE-A63B-14A09DD98434'),(2028,'下摆围(周长)',NULL,NULL,NULL,NULL,NULL,NULL,424,'F53B95F8-45A0-44CF-A0D7-EF41A842F436',4,'CCC9BEC4-EEC8-4153-9019-F1E85ED12432'),(2029,'肩宽',NULL,NULL,NULL,NULL,NULL,NULL,424,'F53B95F8-45A0-44CF-A0D7-EF41A842F436',1,'CCC9BEC4-EEC8-4153-9019-F1E85ED12432'),(2030,'胸围(周长)',NULL,NULL,NULL,NULL,NULL,NULL,424,'F53B95F8-45A0-44CF-A0D7-EF41A842F436',2,'CCC9BEC4-EEC8-4153-9019-F1E85ED12432'),(2031,'中国码',NULL,NULL,NULL,NULL,NULL,NULL,424,'F53B95F8-45A0-44CF-A0D7-EF41A842F436',8,'CCC9BEC4-EEC8-4153-9019-F1E85ED12432'),(2032,'袖长',NULL,NULL,NULL,NULL,NULL,NULL,424,'F53B95F8-45A0-44CF-A0D7-EF41A842F436',6,'CCC9BEC4-EEC8-4153-9019-F1E85ED12432'),(2033,'袖口围',NULL,NULL,NULL,NULL,NULL,NULL,424,'F53B95F8-45A0-44CF-A0D7-EF41A842F436',7,'CCC9BEC4-EEC8-4153-9019-F1E85ED12432'),(2034,'腰围(周长)',NULL,NULL,NULL,NULL,NULL,NULL,424,'F53B95F8-45A0-44CF-A0D7-EF41A842F436',3,'CCC9BEC4-EEC8-4153-9019-F1E85ED12432'),(2035,'衣长',NULL,NULL,NULL,NULL,NULL,NULL,424,'F53B95F8-45A0-44CF-A0D7-EF41A842F436',5,'CCC9BEC4-EEC8-4153-9019-F1E85ED12432'),(2036,'直径',NULL,NULL,NULL,NULL,NULL,NULL,425,'BA4091B7-4A5F-4DFC-89BE-F20948E8E0A2',2,'22FD3AD1-2468-4E08-9026-742CF9220EEC'),(2037,'长度',NULL,NULL,NULL,NULL,NULL,NULL,425,'BA4091B7-4A5F-4DFC-89BE-F20948E8E0A2',1,'22FD3AD1-2468-4E08-9026-742CF9220EEC'),(2038,'内长',NULL,NULL,NULL,NULL,NULL,NULL,426,'B5EA6495-5BC1-465C-B15D-F25BD6D22960',2,'6477FA9D-89A2-46A8-956D-93810174D0E6'),(2039,'鞋宽',NULL,NULL,NULL,NULL,NULL,NULL,426,'B5EA6495-5BC1-465C-B15D-F25BD6D22960',3,'6477FA9D-89A2-46A8-956D-93810174D0E6'),(2040,'鞋跟高',NULL,NULL,NULL,NULL,NULL,NULL,426,'B5EA6495-5BC1-465C-B15D-F25BD6D22960',1,'6477FA9D-89A2-46A8-956D-93810174D0E6'),(2041,'中国码',NULL,NULL,NULL,NULL,NULL,NULL,426,'B5EA6495-5BC1-465C-B15D-F25BD6D22960',4,'6477FA9D-89A2-46A8-956D-93810174D0E6'),(2042,'宽度',NULL,NULL,NULL,NULL,NULL,NULL,427,'0F63DFAA-0570-4586-80B9-F4E78E2F59B3',2,'A7D5B21C-9731-4740-9B2A-E9465907C4D2'),(2043,'长度',NULL,NULL,NULL,NULL,NULL,NULL,427,'0F63DFAA-0570-4586-80B9-F4E78E2F59B3',1,'A7D5B21C-9731-4740-9B2A-E9465907C4D2'),(2044,'厚度',NULL,NULL,NULL,NULL,NULL,NULL,427,'0F63DFAA-0570-4586-80B9-F4E78E2F59B3',3,'A7D5B21C-9731-4740-9B2A-E9465907C4D2'),(2045,'腰围(周长)',NULL,NULL,NULL,NULL,NULL,NULL,428,'EF2D2CBB-788D-419D-A0E0-F648F13A7073',4,'3AE6EA4B-473C-471F-B3FD-5AA158CE9F18'),(2046,'胸围(周长)',NULL,NULL,NULL,NULL,NULL,NULL,428,'EF2D2CBB-788D-419D-A0E0-F648F13A7073',2,'3AE6EA4B-473C-471F-B3FD-5AA158CE9F18'),(2047,'中国码',NULL,NULL,NULL,NULL,NULL,NULL,428,'EF2D2CBB-788D-419D-A0E0-F648F13A7073',7,'3AE6EA4B-473C-471F-B3FD-5AA158CE9F18'),(2048,'衣长',NULL,NULL,NULL,NULL,NULL,NULL,428,'EF2D2CBB-788D-419D-A0E0-F648F13A7073',4,'3AE6EA4B-473C-471F-B3FD-5AA158CE9F18'),(2049,'肩宽',NULL,NULL,NULL,NULL,NULL,NULL,428,'EF2D2CBB-788D-419D-A0E0-F648F13A7073',1,'3AE6EA4B-473C-471F-B3FD-5AA158CE9F18'),(2050,'袖长',NULL,NULL,NULL,NULL,NULL,NULL,428,'EF2D2CBB-788D-419D-A0E0-F648F13A7073',5,'3AE6EA4B-473C-471F-B3FD-5AA158CE9F18'),(2051,'长度',NULL,NULL,NULL,NULL,NULL,NULL,429,'A4EE2886-7266-4C62-AFA2-F7310CDF2688',1,'A11E9A33-177E-4D18-99F1-28E5685C56AE'),(2052,'宽度',NULL,NULL,NULL,NULL,NULL,NULL,429,'A4EE2886-7266-4C62-AFA2-F7310CDF2688',2,'A11E9A33-177E-4D18-99F1-28E5685C56AE'),(2053,'腰围(周长)',NULL,NULL,NULL,NULL,NULL,NULL,430,'8D14AB90-C80A-4C7C-BF21-F81B199F43E5',4,'3AE6EA4B-473C-471F-B3FD-5AA158CE9F18'),(2054,'胸围(周长)',NULL,NULL,NULL,NULL,NULL,NULL,430,'8D14AB90-C80A-4C7C-BF21-F81B199F43E5',2,'3AE6EA4B-473C-471F-B3FD-5AA158CE9F18'),(2055,'中国码',NULL,NULL,NULL,NULL,NULL,NULL,430,'8D14AB90-C80A-4C7C-BF21-F81B199F43E5',7,'3AE6EA4B-473C-471F-B3FD-5AA158CE9F18'),(2056,'衣长',NULL,NULL,NULL,NULL,NULL,NULL,430,'8D14AB90-C80A-4C7C-BF21-F81B199F43E5',4,'3AE6EA4B-473C-471F-B3FD-5AA158CE9F18'),(2057,'肩宽',NULL,NULL,NULL,NULL,NULL,NULL,430,'8D14AB90-C80A-4C7C-BF21-F81B199F43E5',1,'3AE6EA4B-473C-471F-B3FD-5AA158CE9F18'),(2058,'袖长',NULL,NULL,NULL,NULL,NULL,NULL,430,'8D14AB90-C80A-4C7C-BF21-F81B199F43E5',5,'3AE6EA4B-473C-471F-B3FD-5AA158CE9F18'),(2059,'中国码',NULL,NULL,NULL,NULL,NULL,NULL,431,'5AC1AC03-8D84-45AF-9428-F86A07536923',3,'E6D9D190-1357-4FDB-A605-DD07C973B77B'),(2060,'腰围',NULL,NULL,NULL,NULL,NULL,NULL,431,'5AC1AC03-8D84-45AF-9428-F86A07536923',1,'E6D9D190-1357-4FDB-A605-DD07C973B77B'),(2061,'立裆深度',NULL,NULL,NULL,NULL,NULL,NULL,431,'5AC1AC03-8D84-45AF-9428-F86A07536923',2,'E6D9D190-1357-4FDB-A605-DD07C973B77B'),(2062,'高度',NULL,NULL,NULL,NULL,NULL,NULL,432,'DE7B79ED-B62D-4D66-8DA9-FB5E35A68BEF',1,'6BBA15B2-24B0-40F3-85C1-B2F4F36B5AF0'),(2063,'宽度',NULL,NULL,NULL,NULL,NULL,NULL,432,'DE7B79ED-B62D-4D66-8DA9-FB5E35A68BEF',2,'6BBA15B2-24B0-40F3-85C1-B2F4F36B5AF0'),(2064,'腰围(周长)',NULL,NULL,NULL,NULL,NULL,NULL,433,'57EF1A72-F4AC-4963-AA66-FD0EEB64E832',4,'3AE6EA4B-473C-471F-B3FD-5AA158CE9F18'),(2065,'胸围(周长)',NULL,NULL,NULL,NULL,NULL,NULL,433,'57EF1A72-F4AC-4963-AA66-FD0EEB64E832',2,'3AE6EA4B-473C-471F-B3FD-5AA158CE9F18'),(2066,'中国码',NULL,NULL,NULL,NULL,NULL,NULL,433,'57EF1A72-F4AC-4963-AA66-FD0EEB64E832',7,'3AE6EA4B-473C-471F-B3FD-5AA158CE9F18'),(2067,'衣长',NULL,NULL,NULL,NULL,NULL,NULL,433,'57EF1A72-F4AC-4963-AA66-FD0EEB64E832',4,'3AE6EA4B-473C-471F-B3FD-5AA158CE9F18'),(2068,'肩宽',NULL,NULL,NULL,NULL,NULL,NULL,433,'57EF1A72-F4AC-4963-AA66-FD0EEB64E832',1,'3AE6EA4B-473C-471F-B3FD-5AA158CE9F18'),(2069,'袖长',NULL,NULL,NULL,NULL,NULL,NULL,433,'57EF1A72-F4AC-4963-AA66-FD0EEB64E832',5,'3AE6EA4B-473C-471F-B3FD-5AA158CE9F18'),(2070,'长度',NULL,NULL,NULL,NULL,NULL,NULL,434,'DEB9646D-571B-4BDB-B958-FD367A348B70',1,'B118D9CD-00C3-4FC2-A460-28C2852EE82F'),(2071,'宽度',NULL,NULL,NULL,NULL,NULL,NULL,434,'DEB9646D-571B-4BDB-B958-FD367A348B70',2,'B118D9CD-00C3-4FC2-A460-28C2852EE82F'),(2072,'厚度',NULL,NULL,NULL,NULL,NULL,NULL,434,'DEB9646D-571B-4BDB-B958-FD367A348B70',3,'B118D9CD-00C3-4FC2-A460-28C2852EE82F'),(2073,'直径',NULL,NULL,NULL,NULL,NULL,NULL,435,'5732816F-357A-49C4-9112-FD396DD233F9',2,'22FD3AD1-2468-4E08-9026-742CF9220EEC'),(2074,'长度',NULL,NULL,NULL,NULL,NULL,NULL,435,'5732816F-357A-49C4-9112-FD396DD233F9',1,'22FD3AD1-2468-4E08-9026-742CF9220EEC');

/*Table structure for table `temp_tb_country` */

DROP TABLE IF EXISTS `temp_tb_country`;

CREATE TABLE `temp_tb_country` (
  `id` int(10) unsigned NOT NULL AUTO_INCREMENT COMMENT '主键id',
  `oldid` varchar(36) DEFAULT NULL COMMENT '老数据表对应主键id',
  `code` varchar(20) NOT NULL,
  `name_cn` varchar(100) DEFAULT NULL COMMENT '中文名称',
  `name_en` varchar(100) DEFAULT NULL COMMENT '英文名称',
  `name_hk` varchar(100) DEFAULT NULL COMMENT '粤语名称',
  `name_fr` varchar(100) DEFAULT NULL COMMENT '法语名称',
  `name_it` varchar(100) DEFAULT NULL COMMENT '意大利语名称',
  `name_sp` varchar(100) DEFAULT NULL COMMENT '西班牙语名称',
  `name_de` varchar(100) DEFAULT NULL COMMENT '德语名称',
  `localcurrency` varchar(20) DEFAULT NULL,
  PRIMARY KEY (`id`)
) ENGINE=InnoDB AUTO_INCREMENT=67 DEFAULT CHARSET=utf8mb4 COMMENT='国家表';

/*Data for the table `temp_tb_country` */

insert  into `temp_tb_country`(`id`,`oldid`,`code`,`name_cn`,`name_en`,`name_hk`,`name_fr`,`name_it`,`name_sp`,`name_de`,`localcurrency`) values (1,'215050d8-ba8e-435e-b5e5-7a1bafffae54','ALB','阿尔巴尼亚','ALBANIA',NULL,NULL,NULL,NULL,NULL,NULL),(2,'72a6e4dc-48c7-4edf-876e-b1ef10ba4328','EGY','埃及','EGYPT',NULL,NULL,NULL,NULL,NULL,NULL),(3,'1ca7f133-9e06-4c65-835b-0a1774e73cf9','IRL','爱尔兰','IRELAND',NULL,NULL,NULL,NULL,NULL,NULL),(4,'8b698190-56bf-45b0-8a5d-8d8f1c75deea','AUT','奥地利','AUSTRIA',NULL,NULL,NULL,NULL,NULL,NULL),(5,'365a031d-e332-4048-81b7-5bee48d22de8','AUS','澳大利亚','AUSTRALIA',NULL,NULL,NULL,NULL,NULL,NULL),(6,'b77f1411-7f42-4e1b-a9a3-b0c81e13e993','BRZ','巴西','BRAZIL',NULL,NULL,NULL,NULL,NULL,NULL),(7,'1f834227-460b-411e-b1eb-14f54ecba369','BEL','白俄罗斯','BELARUS',NULL,NULL,NULL,NULL,NULL,NULL),(8,'dbdb3cba-3076-4a2e-bdf7-acd794f8b689','BUL','保加利亚','BULGARIA',NULL,NULL,NULL,NULL,NULL,NULL),(9,'c96ab640-e0fd-48c3-9e58-85f608fe434f','BEL','比利时','BELGIAN',NULL,NULL,NULL,NULL,NULL,NULL),(10,'86fd0d92-4701-4c4f-b204-9223d52c7c76','BIH','波黑','BOSNIA AND HERZEGOVINA',NULL,NULL,NULL,NULL,NULL,NULL),(11,'b8242468-9f0c-4df7-a750-f21f99646889','POL','波兰','POLAND',NULL,NULL,NULL,NULL,NULL,NULL),(12,'ea114ca3-89d0-4a70-81b9-66a961c55c38','波斯尼亚','波斯尼亚','BOSNIA',NULL,NULL,NULL,NULL,NULL,NULL),(13,'82929208-e50a-4238-9c7e-50d98e0dcb68','DEU','德国','GERMANY',NULL,NULL,NULL,NULL,NULL,NULL),(14,'19562b51-5358-4261-80ab-fc667401db5a','ECU','厄瓜多尔','ECUADOR',NULL,NULL,NULL,NULL,NULL,NULL),(15,'a6ccd099-4f36-41b4-aae2-0172f1d90fed','FRE','法国','FRANCE',NULL,NULL,NULL,NULL,NULL,NULL),(16,'7253fc62-b9f4-43aa-92d9-dafb2cfc47b4','EXUE','非欧盟','EXTRA UE',NULL,NULL,NULL,NULL,NULL,NULL),(17,'e9e644dd-0645-4337-b12b-a96f05ca1796','PHI','菲律宾','PHILIPPINES',NULL,NULL,NULL,NULL,NULL,NULL),(18,'3b8d676a-dd82-4abc-bbce-0eaa03d0dad9','GEO','格鲁吉亚','GEORGIA',NULL,NULL,NULL,NULL,NULL,NULL),(19,'3e54973a-5658-4598-969e-c534973a4a95','KRE','韩国','KOREA',NULL,NULL,NULL,NULL,NULL,NULL),(20,'e46fdd5a-59bd-4e05-9706-4fc7985899d9','CAN','加拿大','CANADA',NULL,NULL,NULL,NULL,NULL,NULL),(21,'9bc256bc-574b-4b0f-bfdf-b49c08044583','CAM','柬埔寨','CAMBODIA',NULL,NULL,NULL,NULL,NULL,NULL),(22,'9e3b8033-a435-43b1-a80e-bd7b7fdb4fbd','CRO','克罗地亚','CROATIA',NULL,NULL,NULL,NULL,NULL,NULL),(23,'212e61b3-302e-4ff4-bd79-8756f99e2a65','LAO','老挝','LAOS',NULL,NULL,NULL,NULL,NULL,NULL),(24,'75ca49af-c2f0-4fe9-a357-f81721093c20','LTU','立陶宛','LITHUANIA',NULL,NULL,NULL,NULL,NULL,NULL),(25,'774ded64-391e-4499-ac7f-310d7f8345f4','ROM','罗马尼亚','ROMANIA',NULL,NULL,NULL,NULL,NULL,NULL),(26,'e30b76d6-da2b-45b1-82b4-b387e9631309','MAD','马达加斯加','MADAGASCAR',NULL,NULL,NULL,NULL,NULL,NULL),(27,'dd24816e-1e38-4ced-9d12-b9153964b8e7','MAL','马来西亚','MALAYSIA',NULL,NULL,NULL,NULL,NULL,NULL),(28,'bc0dcbb8-8f09-4f61-ad88-0112378f7173','MAC','马其顿','MACEDONIA',NULL,NULL,NULL,NULL,NULL,NULL),(29,'4562c233-3fb0-459b-a22b-874d91b79e22','MAU','毛里求斯','MAURITIUS',NULL,NULL,NULL,NULL,NULL,NULL),(30,'38fd088c-d588-49da-b1b3-daa85d3e218c','USA','美国','U.S.A.',NULL,NULL,NULL,NULL,NULL,NULL),(31,'fbeb0871-4b43-4c06-baea-da39047599af','BGD','孟加拉','BANGLADESH',NULL,NULL,NULL,NULL,NULL,NULL),(32,'739651c1-2741-4de5-b6dc-2e600f9f338d','PER','秘鲁','PERU',NULL,NULL,NULL,NULL,NULL,NULL),(33,'bcc43004-49f9-43a3-a67f-124e63cfadc1','MMR','缅甸','MYANMAR(BURMA)',NULL,NULL,NULL,NULL,NULL,NULL),(34,'998100f3-aead-4f89-8347-8a698df86aac','MOD','摩尔达维亚','MOLDAVIA',NULL,NULL,NULL,NULL,NULL,NULL),(35,'376da513-f269-480d-bbaf-f6c88b8e539d','MOL','摩尔多瓦','MOLDOVA',NULL,NULL,NULL,NULL,NULL,NULL),(36,'dc50d1e9-0337-4d6c-a8d7-f2065e3b15d8','MAR','摩洛哥','MOROCCO',NULL,NULL,NULL,NULL,NULL,NULL),(37,'82ac831a-6b50-4656-9bc4-7a64ec16fb55','MEX','墨西哥','MEXICAN',NULL,NULL,NULL,NULL,NULL,NULL),(38,'8530e801-f0fe-4fad-9e00-a300d99faa3c','NGA','尼日利亚','NIGERIA',NULL,NULL,NULL,NULL,NULL,NULL),(39,'74fb05fe-6612-4d9f-aacc-d2eced2e4f51','EUR','欧盟','EURO',NULL,NULL,NULL,NULL,NULL,NULL),(40,'1358bfae-7e50-4663-8834-735d0d2bfa05','PRT','葡萄牙','PORTUGAL',NULL,NULL,NULL,NULL,NULL,NULL),(41,'f98b8af4-379f-4de8-b258-4700de9c006b','JPN','日本','JAPAN',NULL,NULL,NULL,NULL,NULL,NULL),(42,'fb8c77a4-30bf-45fd-8c26-df8de215fdda','CHE','瑞士','SWITZERLAND',NULL,NULL,NULL,NULL,NULL,NULL),(43,'9dc38c52-fe56-4aa2-aa46-bc5c95cbcefb','RU','塞尔维亚','SERBIA',NULL,NULL,NULL,NULL,NULL,NULL),(44,'590fd18a-00e3-415e-9fa2-1f030de86645','SLA','斯里兰卡','SRI LANKA',NULL,NULL,NULL,NULL,NULL,NULL),(45,'5ee1ddc1-300a-4739-b1b1-0837ac4f6236','SLK','斯洛伐克','SLOVAKIA',NULL,NULL,NULL,NULL,NULL,NULL),(46,'4922f63c-a2f6-4fe2-bec9-bfec914bb31b','SLO','斯洛文尼亚','SLOVENIA',NULL,NULL,NULL,NULL,NULL,NULL),(47,'16d9bc9b-dacd-41fe-8d0f-ea93837cfd2b','SCO','苏格兰','SCOTLAND',NULL,NULL,NULL,NULL,NULL,NULL),(48,'1d3f5a51-cd1e-42b6-a320-086a5a454cae','TWN','台湾','TAIWAN',NULL,NULL,NULL,NULL,NULL,NULL),(49,'ce9c40b1-22fe-40e4-ac93-40ef2bad1ea8','THA','泰国','THAILAND',NULL,NULL,NULL,NULL,NULL,NULL),(50,'c10fa5ad-94c4-450a-ae49-0431aeb46e52','TUN','突尼斯','TUNIS',NULL,NULL,NULL,NULL,NULL,NULL),(51,'4189090f-1e0d-4b76-82af-caa9e850401c','TUR','土耳其','TURKRY',NULL,NULL,NULL,NULL,NULL,NULL),(52,'ef2f98fd-c2d1-4304-8a4b-30c5f163bbbb','XXX未知','未知AAA','WEIZHI',NULL,NULL,NULL,NULL,NULL,NULL),(53,'5b62bff7-a94e-4418-a931-c5d26cc99089','UKA','乌克兰','UKRAINE',NULL,NULL,NULL,NULL,NULL,NULL),(54,'3f7054fa-182e-4adb-b5b8-7eb6f7be8445','ESP','西班牙','SPAIN',NULL,NULL,NULL,NULL,NULL,NULL),(55,'d09c69be-baf3-4e90-a2e4-764a554b417b','GRE','希腊','GREECE',NULL,NULL,NULL,NULL,NULL,NULL),(56,'8966a3c1-7742-415a-8ba7-93671362e0e8','HKG','香港','HONG KONG',NULL,NULL,NULL,NULL,NULL,NULL),(57,'b878ed09-548c-4542-8eee-b81103645d23','HUN','匈牙利','HUNGARY',NULL,NULL,NULL,NULL,NULL,NULL),(58,'14e9812c-1fac-4992-a024-6f7a4b6aa0b7','ARM','亚美尼亚','ARMENIA',NULL,NULL,NULL,NULL,NULL,NULL),(59,'5e51cd95-2d45-4846-b9b4-bcc49a724649','ILS','以色列','STATE OF ISRAEL',NULL,NULL,NULL,NULL,NULL,NULL),(60,'35d9d8ba-5154-4f9d-8ceb-270cacf361e1','ITA','意大利','ITALY',NULL,NULL,NULL,NULL,NULL,NULL),(61,'2da0fc4b-f8c3-4c6f-ab51-18b048c73c31','IND','印度','INDIA',NULL,NULL,NULL,NULL,NULL,NULL),(62,'e7d44ba0-8c51-4bb4-badc-e07e5e1871a6','INA','印度尼西亚','INDONESIA',NULL,NULL,NULL,NULL,NULL,NULL),(63,'c1f6fb46-0a44-4866-85da-c1f45f9f608c','GBR','英国','ENGLAND',NULL,NULL,NULL,NULL,NULL,NULL),(64,'8a1009ed-9115-4980-b8d5-9595bfc90aaf','UKI','英国','THE UNITED KINGDOM',NULL,NULL,NULL,NULL,NULL,NULL),(65,'74a8f425-9a22-4cb4-b601-894307c6f1c4','VIT','越南','VIETNAM',NULL,NULL,NULL,NULL,NULL,NULL),(66,'748ac5fe-b681-44fa-afa2-20662b278104','CHN','中国','CHINA',NULL,NULL,NULL,NULL,NULL,NULL);

/*Table structure for table `temp_tb_material` */

DROP TABLE IF EXISTS `temp_tb_material`;

CREATE TABLE `temp_tb_material` (
  `id` int(10) unsigned NOT NULL AUTO_INCREMENT COMMENT '主键id',
  `name_cn` varchar(100) DEFAULT NULL COMMENT '中文名称',
  `name_en` varchar(100) DEFAULT NULL COMMENT '英文名称',
  `name_hk` varchar(100) DEFAULT NULL COMMENT '粤语名称',
  `name_fr` varchar(100) DEFAULT NULL COMMENT '法语名称',
  `name_it` varchar(100) DEFAULT NULL COMMENT '意大利语名称',
  `name_sp` varchar(100) DEFAULT NULL COMMENT '西班牙语名称',
  `name_de` varchar(100) DEFAULT NULL COMMENT '德语名称',
  `code` varchar(20) DEFAULT NULL,
  PRIMARY KEY (`id`)
) ENGINE=InnoDB AUTO_INCREMENT=270 DEFAULT CHARSET=utf8mb4 COMMENT='材质';

/*Data for the table `temp_tb_material` */

insert  into `temp_tb_material`(`id`,`name_cn`,`name_en`,`name_hk`,`name_fr`,`name_it`,`name_sp`,`name_de`,`code`) values (1,'绒毛','',NULL,NULL,NULL,NULL,NULL,'RM'),(2,'合成材质','',NULL,NULL,NULL,NULL,NULL,'HCCZ'),(3,'炭素纤维','',NULL,NULL,NULL,NULL,NULL,'TSQW'),(4,'注塑','',NULL,NULL,NULL,NULL,NULL,'ZS'),(5,'陶瓷','',NULL,NULL,NULL,NULL,NULL,'TC'),(6,'棉毛','',NULL,NULL,NULL,NULL,NULL,'MM'),(7,'木制','',NULL,NULL,NULL,NULL,NULL,'M'),(8,'板材','',NULL,NULL,NULL,NULL,NULL,'BC'),(9,'银','',NULL,NULL,NULL,NULL,NULL,'Y'),(10,'鹅毛','',NULL,NULL,NULL,NULL,NULL,'EM'),(11,'骆驼绒','',NULL,NULL,NULL,NULL,NULL,'LTR'),(12,'羊驼绒','',NULL,NULL,NULL,NULL,NULL,'YTR'),(13,'珍珠鱼皮','',NULL,NULL,NULL,NULL,NULL,'ZZYP'),(14,'禁用/环氧树脂','',NULL,NULL,NULL,NULL,NULL,'HYSZ'),(15,'缟玛瑙','',NULL,NULL,NULL,NULL,NULL,'GMN'),(16,'白鸭绒','',NULL,NULL,NULL,NULL,NULL,'BYR'),(17,'未知AAAA','',NULL,NULL,NULL,NULL,NULL,'WZ'),(18,'橡胶皮革','',NULL,NULL,NULL,NULL,NULL,'XJPG'),(19,'牛毛皮','',NULL,NULL,NULL,NULL,NULL,'NMP'),(20,'羽绒','',NULL,NULL,NULL,NULL,NULL,'YR'),(21,'糖','ABC',NULL,NULL,NULL,NULL,NULL,'T'),(22,'醋酸纤维','ACETATE FIBER',NULL,NULL,NULL,NULL,NULL,'CSXW'),(23,'丙烯酸纤维','ACRILICA',NULL,NULL,NULL,NULL,NULL,'BXS'),(24,'压克力','Acryl',NULL,NULL,NULL,NULL,NULL,'Acryl'),(25,'腈纶','ACRYLIC',NULL,NULL,NULL,NULL,NULL,'QL'),(26,'人造皮毛/晴纶','ACRYLIQUE',NULL,NULL,NULL,NULL,NULL,'RZPM'),(27,'磨毛棉','AF',NULL,NULL,NULL,NULL,NULL,'MMM'),(28,'羊驼毛','ALPACA(WP)',NULL,NULL,NULL,NULL,NULL,'YTM'),(29,'奥特纤维','altre fibre',NULL,NULL,NULL,NULL,NULL,'ATQW'),(30,'铝','Aluminum',NULL,NULL,NULL,NULL,NULL,'AI'),(31,'安哥拉兔毛','ANGORA',NULL,NULL,NULL,NULL,NULL,'AGLTM'),(32,'竹纤维','Bamboo',NULL,NULL,NULL,NULL,NULL,'ZXW'),(33,'铜','BRASS',NULL,NULL,NULL,NULL,NULL,'T'),(34,'水牛皮','BUFFALO',NULL,NULL,NULL,NULL,NULL,'SNP'),(35,'牛皮','CALF',NULL,NULL,NULL,NULL,NULL,'NP'),(36,'狼毛','CANIS LATRANS',NULL,NULL,NULL,NULL,NULL,'LM'),(37,'金银线','CANNETILLE',NULL,NULL,NULL,NULL,NULL,'jyx'),(38,'帆布','CANVAS',NULL,NULL,NULL,NULL,NULL,'FB'),(39,'人造帆布','CANVAS',NULL,NULL,NULL,NULL,NULL,'CA'),(40,'羊绒','Cashmere',NULL,NULL,NULL,NULL,NULL,'YR'),(41,'山羊绒','CASHMERE',NULL,NULL,NULL,NULL,NULL,'YR'),(42,'涂层帆布','Coated Canvas',NULL,NULL,NULL,NULL,NULL,'TCFB'),(43,'涂层棉布','COATED COTTON',NULL,NULL,NULL,NULL,NULL,'TCMB'),(44,'兔毛','CONY HAIR',NULL,NULL,NULL,NULL,NULL,'TM'),(45,'果实纽扣','COROZO BOTTON',NULL,NULL,NULL,NULL,NULL,'GSJK'),(46,'棉','COTTON',NULL,NULL,NULL,NULL,NULL,'M'),(47,'牛皮革','cow leather',NULL,NULL,NULL,NULL,NULL,'NPG'),(48,'郊狼毛皮','COYOTE FUR',NULL,NULL,NULL,NULL,NULL,'JLMP'),(49,'鳄鱼皮','CROCODILE LEATHER',NULL,NULL,NULL,NULL,NULL,'EYP'),(50,'凯门鳄','crocodilus',NULL,NULL,NULL,NULL,NULL,'KME'),(51,'水晶','CRYSTAL',NULL,NULL,NULL,NULL,NULL,'SJ'),(52,'铜氨纤维','CUPRO',NULL,NULL,NULL,NULL,NULL,'TAXW'),(53,'鹿皮','DEER SKIN',NULL,NULL,NULL,NULL,NULL,'LP'),(54,'特拉纶','DRALON',NULL,NULL,NULL,NULL,NULL,'TLL'),(55,'绒毛','',NULL,NULL,NULL,NULL,NULL,'RM'),(56,'合成材质','',NULL,NULL,NULL,NULL,NULL,'HCCZ'),(57,'炭素纤维','',NULL,NULL,NULL,NULL,NULL,'TSQW'),(58,'注塑','',NULL,NULL,NULL,NULL,NULL,'ZS'),(59,'陶瓷','',NULL,NULL,NULL,NULL,NULL,'TC'),(60,'棉毛','',NULL,NULL,NULL,NULL,NULL,'MM'),(61,'木制','',NULL,NULL,NULL,NULL,NULL,'M'),(62,'板材','',NULL,NULL,NULL,NULL,NULL,'BC'),(63,'银','',NULL,NULL,NULL,NULL,NULL,'Y'),(64,'鹅毛','',NULL,NULL,NULL,NULL,NULL,'EM'),(65,'骆驼绒','',NULL,NULL,NULL,NULL,NULL,'LTR'),(66,'羊驼绒','',NULL,NULL,NULL,NULL,NULL,'YTR'),(67,'珍珠鱼皮','',NULL,NULL,NULL,NULL,NULL,'ZZYP'),(68,'禁用/环氧树脂','',NULL,NULL,NULL,NULL,NULL,'HYSZ'),(69,'缟玛瑙','',NULL,NULL,NULL,NULL,NULL,'GMN'),(70,'白鸭绒','',NULL,NULL,NULL,NULL,NULL,'BYR'),(71,'未知AAAA','',NULL,NULL,NULL,NULL,NULL,'WZ'),(72,'橡胶皮革','',NULL,NULL,NULL,NULL,NULL,'XJPG'),(73,'牛毛皮','',NULL,NULL,NULL,NULL,NULL,'NMP'),(74,'羽绒','',NULL,NULL,NULL,NULL,NULL,'YR'),(75,'糖','ABC',NULL,NULL,NULL,NULL,NULL,'T'),(76,'醋酸纤维','ACETATE FIBER',NULL,NULL,NULL,NULL,NULL,'CSXW'),(77,'丙烯酸纤维','ACRILICA',NULL,NULL,NULL,NULL,NULL,'BXS'),(78,'压克力','Acryl',NULL,NULL,NULL,NULL,NULL,'Acryl'),(79,'腈纶','ACRYLIC',NULL,NULL,NULL,NULL,NULL,'QL'),(80,'人造皮毛/晴纶','ACRYLIQUE',NULL,NULL,NULL,NULL,NULL,'RZPM'),(81,'磨毛棉','AF',NULL,NULL,NULL,NULL,NULL,'MMM'),(82,'羊驼毛','ALPACA(WP)',NULL,NULL,NULL,NULL,NULL,'YTM'),(83,'奥特纤维','altre fibre',NULL,NULL,NULL,NULL,NULL,'ATQW'),(84,'铝','Aluminum',NULL,NULL,NULL,NULL,NULL,'AI'),(85,'安哥拉兔毛','ANGORA',NULL,NULL,NULL,NULL,NULL,'AGLTM'),(86,'竹纤维','Bamboo',NULL,NULL,NULL,NULL,NULL,'ZXW'),(87,'铜','BRASS',NULL,NULL,NULL,NULL,NULL,'T'),(88,'水牛皮','BUFFALO',NULL,NULL,NULL,NULL,NULL,'SNP'),(89,'牛皮','CALF',NULL,NULL,NULL,NULL,NULL,'NP'),(90,'狼毛','CANIS LATRANS',NULL,NULL,NULL,NULL,NULL,'LM'),(91,'金银线','CANNETILLE',NULL,NULL,NULL,NULL,NULL,'jyx'),(92,'帆布','CANVAS',NULL,NULL,NULL,NULL,NULL,'FB'),(93,'人造帆布','CANVAS',NULL,NULL,NULL,NULL,NULL,'CA'),(94,'羊绒','Cashmere',NULL,NULL,NULL,NULL,NULL,'YR'),(95,'山羊绒','CASHMERE',NULL,NULL,NULL,NULL,NULL,'YR'),(96,'涂层帆布','Coated Canvas',NULL,NULL,NULL,NULL,NULL,'TCFB'),(97,'涂层棉布','COATED COTTON',NULL,NULL,NULL,NULL,NULL,'TCMB'),(98,'兔毛','CONY HAIR',NULL,NULL,NULL,NULL,NULL,'TM'),(99,'果实纽扣','COROZO BOTTON',NULL,NULL,NULL,NULL,NULL,'GSJK'),(100,'棉','COTTON',NULL,NULL,NULL,NULL,NULL,'M'),(101,'牛皮革','cow leather',NULL,NULL,NULL,NULL,NULL,'NPG'),(102,'郊狼毛皮','COYOTE FUR',NULL,NULL,NULL,NULL,NULL,'JLMP'),(103,'鳄鱼皮','CROCODILE LEATHER',NULL,NULL,NULL,NULL,NULL,'EYP'),(104,'凯门鳄','crocodilus',NULL,NULL,NULL,NULL,NULL,'KME'),(105,'水晶','CRYSTAL',NULL,NULL,NULL,NULL,NULL,'SJ'),(106,'铜氨纤维','CUPRO',NULL,NULL,NULL,NULL,NULL,'TAXW'),(107,'鹿皮','DEER SKIN',NULL,NULL,NULL,NULL,NULL,'LP'),(108,'特拉纶','DRALON',NULL,NULL,NULL,NULL,NULL,'TLL'),(109,'绒毛','',NULL,NULL,NULL,NULL,NULL,'RM'),(110,'合成材质','',NULL,NULL,NULL,NULL,NULL,'HCCZ'),(111,'炭素纤维','',NULL,NULL,NULL,NULL,NULL,'TSQW'),(112,'注塑','',NULL,NULL,NULL,NULL,NULL,'ZS'),(113,'陶瓷','',NULL,NULL,NULL,NULL,NULL,'TC'),(114,'棉毛','',NULL,NULL,NULL,NULL,NULL,'MM'),(115,'木制','',NULL,NULL,NULL,NULL,NULL,'M'),(116,'板材','',NULL,NULL,NULL,NULL,NULL,'BC'),(117,'银','',NULL,NULL,NULL,NULL,NULL,'Y'),(118,'鹅毛','',NULL,NULL,NULL,NULL,NULL,'EM'),(119,'骆驼绒','',NULL,NULL,NULL,NULL,NULL,'LTR'),(120,'羊驼绒','',NULL,NULL,NULL,NULL,NULL,'YTR'),(121,'珍珠鱼皮','',NULL,NULL,NULL,NULL,NULL,'ZZYP'),(122,'禁用/环氧树脂','',NULL,NULL,NULL,NULL,NULL,'HYSZ'),(123,'缟玛瑙','',NULL,NULL,NULL,NULL,NULL,'GMN'),(124,'白鸭绒','',NULL,NULL,NULL,NULL,NULL,'BYR'),(125,'未知AAAA','',NULL,NULL,NULL,NULL,NULL,'WZ'),(126,'橡胶皮革','',NULL,NULL,NULL,NULL,NULL,'XJPG'),(127,'牛毛皮','',NULL,NULL,NULL,NULL,NULL,'NMP'),(128,'羽绒','',NULL,NULL,NULL,NULL,NULL,'YR'),(129,'糖','ABC',NULL,NULL,NULL,NULL,NULL,'T'),(130,'醋酸纤维','ACETATE FIBER',NULL,NULL,NULL,NULL,NULL,'CSXW'),(131,'丙烯酸纤维','ACRILICA',NULL,NULL,NULL,NULL,NULL,'BXS'),(132,'压克力','Acryl',NULL,NULL,NULL,NULL,NULL,'Acryl'),(133,'腈纶','ACRYLIC',NULL,NULL,NULL,NULL,NULL,'QL'),(134,'人造皮毛/晴纶','ACRYLIQUE',NULL,NULL,NULL,NULL,NULL,'RZPM'),(135,'磨毛棉','AF',NULL,NULL,NULL,NULL,NULL,'MMM'),(136,'羊驼毛','ALPACA(WP)',NULL,NULL,NULL,NULL,NULL,'YTM'),(137,'奥特纤维','altre fibre',NULL,NULL,NULL,NULL,NULL,'ATQW'),(138,'铝','Aluminum',NULL,NULL,NULL,NULL,NULL,'AI'),(139,'安哥拉兔毛','ANGORA',NULL,NULL,NULL,NULL,NULL,'AGLTM'),(140,'竹纤维','Bamboo',NULL,NULL,NULL,NULL,NULL,'ZXW'),(141,'铜','BRASS',NULL,NULL,NULL,NULL,NULL,'T'),(142,'水牛皮','BUFFALO',NULL,NULL,NULL,NULL,NULL,'SNP'),(143,'牛皮','CALF',NULL,NULL,NULL,NULL,NULL,'NP'),(144,'狼毛','CANIS LATRANS',NULL,NULL,NULL,NULL,NULL,'LM'),(145,'金银线','CANNETILLE',NULL,NULL,NULL,NULL,NULL,'jyx'),(146,'帆布','CANVAS',NULL,NULL,NULL,NULL,NULL,'FB'),(147,'人造帆布','CANVAS',NULL,NULL,NULL,NULL,NULL,'CA'),(148,'羊绒','Cashmere',NULL,NULL,NULL,NULL,NULL,'YR'),(149,'山羊绒','CASHMERE',NULL,NULL,NULL,NULL,NULL,'YR'),(150,'涂层帆布','Coated Canvas',NULL,NULL,NULL,NULL,NULL,'TCFB'),(151,'涂层棉布','COATED COTTON',NULL,NULL,NULL,NULL,NULL,'TCMB'),(152,'兔毛','CONY HAIR',NULL,NULL,NULL,NULL,NULL,'TM'),(153,'果实纽扣','COROZO BOTTON',NULL,NULL,NULL,NULL,NULL,'GSJK'),(154,'棉','COTTON',NULL,NULL,NULL,NULL,NULL,'M'),(155,'牛皮革','cow leather',NULL,NULL,NULL,NULL,NULL,'NPG'),(156,'郊狼毛皮','COYOTE FUR',NULL,NULL,NULL,NULL,NULL,'JLMP'),(157,'鳄鱼皮','CROCODILE LEATHER',NULL,NULL,NULL,NULL,NULL,'EYP'),(158,'凯门鳄','crocodilus',NULL,NULL,NULL,NULL,NULL,'KME'),(159,'水晶','CRYSTAL',NULL,NULL,NULL,NULL,NULL,'SJ'),(160,'铜氨纤维','CUPRO',NULL,NULL,NULL,NULL,NULL,'TAXW'),(161,'鹿皮','DEER SKIN',NULL,NULL,NULL,NULL,NULL,'LP'),(162,'特拉纶','DRALON',NULL,NULL,NULL,NULL,NULL,'TLL'),(163,'鸭绒','DUCK DOWN',NULL,NULL,NULL,NULL,NULL,'YR'),(164,'羽毛','DUCK FEATHER',NULL,NULL,NULL,NULL,NULL,'YM'),(165,'聚氨酯弹性纤维','ELASTAN',NULL,NULL,NULL,NULL,NULL,'JAZTXXW'),(166,'弹性纤维','ELASTIC FIBERS',NULL,NULL,NULL,NULL,NULL,'TXXW'),(167,'弹性多聚酯纤维','ELASTOMUL TIESTER',NULL,NULL,NULL,NULL,NULL,'TXDJZXW'),(168,'珐琅','enamel',NULL,NULL,NULL,NULL,NULL,'FL'),(169,'环氧树脂','EPOXY RESIN',NULL,NULL,NULL,NULL,NULL,'HYSZ'),(170,'金属纤维','FIBRA METALLIZED',NULL,NULL,NULL,NULL,NULL,'JSXW'),(171,'纤维','FIBRE',NULL,NULL,NULL,NULL,NULL,'XW'),(172,'亚麻','FLAX',NULL,NULL,NULL,NULL,NULL,'YM'),(173,'狐狸毛','FOX FUR',NULL,NULL,NULL,NULL,NULL,'HLM'),(174,'玻璃纤维','GLASS FIBRE',NULL,NULL,NULL,NULL,NULL,'BLXW'),(175,'金','GOLD',NULL,NULL,NULL,NULL,NULL,'GOLD'),(176,'鹅绒','GOOSE DOWN',NULL,NULL,NULL,NULL,NULL,'ER'),(177,'马毛','HORSEHAIR MATERIAL',NULL,NULL,NULL,NULL,NULL,'MM'),(178,'马皮','HORSEHIDE',NULL,NULL,NULL,NULL,NULL,'MP'),(179,'日本传统手工纸纤维','JAPANESE PAPER',NULL,NULL,NULL,NULL,NULL,'RBZXW'),(180,'黄麻','JUTE',NULL,NULL,NULL,NULL,NULL,'HM'),(181,'开司米','KASHMIR',NULL,NULL,NULL,NULL,NULL,'KSM'),(182,'羔羊毛','LAMB',NULL,NULL,NULL,NULL,NULL,'GYM'),(183,'羔羊皮','LAMB SKIN',NULL,NULL,NULL,NULL,NULL,'gyp'),(184,'拉娜美利奴羊毛','LANA MERINO MERINO WOOL',NULL,NULL,NULL,NULL,NULL,'LNMLNYM'),(185,'皮','LEATHER',NULL,NULL,NULL,NULL,NULL,'P'),(186,'麻','LINEN',NULL,NULL,NULL,NULL,NULL,'M'),(187,'蜥蜴皮','LIZARD LEATHER',NULL,NULL,NULL,NULL,NULL,'XYP'),(188,'莱卡','LYCRA',NULL,NULL,NULL,NULL,NULL,'LK'),(189,'莱赛尔纤维','LYOCELL',NULL,NULL,NULL,NULL,NULL,'LSE'),(190,'纤维素纤维','LYOCELL',NULL,NULL,NULL,NULL,NULL,'XWSXW'),(191,'溶解性纤维','Lyocell',NULL,NULL,NULL,NULL,NULL,'RJXXW'),(192,'薄棉布','MADRAS',NULL,NULL,NULL,NULL,NULL,'BMB'),(193,'枫木','MAPLE',NULL,NULL,NULL,NULL,NULL,'FM'),(194,'貂毛','MARTEN HAIR',NULL,NULL,NULL,NULL,NULL,'DM'),(195,'马特拉塞凸纹布','MATELASSE',NULL,NULL,NULL,NULL,NULL,'MTLS'),(196,'美利奴羊毛','MERINO WOOL',NULL,NULL,NULL,NULL,NULL,'MLNYM'),(197,'金属','METAL',NULL,NULL,NULL,NULL,NULL,'JS'),(198,'合金','METAL',NULL,NULL,NULL,NULL,NULL,'HJ'),(199,'金属涂层纤维','metallized fibre',NULL,NULL,NULL,NULL,NULL,'JTXW'),(200,'水貂','MINK FUR',NULL,NULL,NULL,NULL,NULL,'SD'),(201,'美耐底','MND',NULL,NULL,NULL,NULL,NULL,'MND'),(202,'腈氯綸','MODACRYLIC',NULL,NULL,NULL,NULL,NULL,'MA'),(203,'莫代尔','MODAL',NULL,NULL,NULL,NULL,NULL,'MDE'),(204,'马海毛','MOHAIR',NULL,NULL,NULL,NULL,NULL,'MHM'),(205,'牛仔布','niuzaibu',NULL,NULL,NULL,NULL,NULL,'NZB'),(206,'貉子毛','NYCTEREUTES PROCYONOIDES',NULL,NULL,NULL,NULL,NULL,'HZM'),(207,'尼龙','NYLON',NULL,NULL,NULL,NULL,NULL,'NL'),(208,'鸵鸟皮','OSTRICH LEATHER',NULL,NULL,NULL,NULL,NULL,'TNP'),(209,'其它','OTHER',NULL,NULL,NULL,NULL,NULL,'QT'),(210,'塑料','PA',NULL,NULL,NULL,NULL,NULL,'SL'),(211,'稻草','PAILLE',NULL,NULL,NULL,NULL,NULL,'DC'),(212,'纸','paper',NULL,NULL,NULL,NULL,NULL,'PAPER'),(213,'毛绒/长毛绒','PELUCHE',NULL,NULL,NULL,NULL,NULL,'MR/CMR'),(214,'猪皮','PIGSKIN',NULL,NULL,NULL,NULL,NULL,'ZP'),(215,'聚烯经','PO',NULL,NULL,NULL,NULL,NULL,'JXJ'),(216,'涤纶','POLISETERE',NULL,NULL,NULL,NULL,NULL,'DL'),(217,'腈纶开司米','POLYAKRYL',NULL,NULL,NULL,NULL,NULL,'QLKSM'),(218,'锦纶','Polyamide',NULL,NULL,NULL,NULL,NULL,'JL'),(219,'聚酰胺','POLYAMIDE',NULL,NULL,NULL,NULL,NULL,'JXA'),(220,'聚碳酸酯','POLYCARBONATE(PC)',NULL,NULL,NULL,NULL,NULL,'JTSZ'),(221,'聚酯纤维','POLYESTER',NULL,NULL,NULL,NULL,NULL,'JZXW'),(222,'涤纶金属丝','POLYESTER METAL',NULL,NULL,NULL,NULL,NULL,'DLJSS'),(223,'金属聚酯纤维','POLYESTER METALLISED',NULL,NULL,NULL,NULL,NULL,'jsjz'),(224,'聚醚','POLYETHER',NULL,NULL,NULL,NULL,NULL,'JM'),(225,'聚乙烯/丙纶','POLYETHYLENE',NULL,NULL,NULL,NULL,NULL,'JYX'),(226,'聚丙烯','POLYPROPYLENE(PP)',NULL,NULL,NULL,NULL,NULL,'JBXQ'),(227,'聚苯乙烯','POLYSTYRENE',NULL,NULL,NULL,NULL,NULL,'PS'),(228,'聚氨酯','POLYURETHANE(PU)',NULL,NULL,NULL,NULL,NULL,'JAZ'),(229,'维纶','POLYVINYL',NULL,NULL,NULL,NULL,NULL,'WL'),(230,'PU','PU',NULL,NULL,NULL,NULL,NULL,'PU'),(231,'聚氯乙烯','PVC',NULL,NULL,NULL,NULL,NULL,'JLYX'),(232,'PVC','PVC',NULL,NULL,NULL,NULL,NULL,'PVC'),(233,'兔毛皮','RABBIT FUR',NULL,NULL,NULL,NULL,NULL,'TMP'),(234,'浣熊毛','RACCOON',NULL,NULL,NULL,NULL,NULL,'HX'),(235,'人造丝','RAYON',NULL,NULL,NULL,NULL,NULL,'RZS'),(236,'树脂','RESINA',NULL,NULL,NULL,NULL,NULL,'SZ'),(237,'橡胶','RUBBER',NULL,NULL,NULL,NULL,NULL,'RUBBER'),(238,'橡胶','RUBBER',NULL,NULL,NULL,NULL,NULL,'XJ'),(239,'人造纤维','RZXW',NULL,NULL,NULL,NULL,NULL,'RZXW'),(240,'绸缎','SATIN',NULL,NULL,NULL,NULL,NULL,'SD'),(241,'剪绒','SHEARLING',NULL,NULL,NULL,NULL,NULL,'JR'),(242,'硅胶','SILICONE',NULL,NULL,NULL,NULL,NULL,'GJ'),(243,'桑蚕丝','SILK',NULL,NULL,NULL,NULL,NULL,'SCS'),(244,'禁用/桑蚕丝','SILK',NULL,NULL,NULL,NULL,NULL,'SI'),(245,'银','SILVER',NULL,NULL,NULL,NULL,NULL,'SILVER'),(246,'蛇皮','SNAKE',NULL,NULL,NULL,NULL,NULL,'SP'),(247,'氨纶','SPANDEX',NULL,NULL,NULL,NULL,NULL,'AL'),(248,'不锈钢','STAINLESS STEEL',NULL,NULL,NULL,NULL,NULL,'BXG'),(249,'钢','STEEL',NULL,NULL,NULL,NULL,NULL,'G'),(250,'玻璃','STRASS',NULL,NULL,NULL,NULL,NULL,'BL'),(251,'秸秆','straw',NULL,NULL,NULL,NULL,NULL,'straw'),(252,'羊皮','SUEDE',NULL,NULL,NULL,NULL,NULL,'YP'),(253,'山羊皮','SUEDE',NULL,NULL,NULL,NULL,NULL,'SYP'),(254,'施华洛世奇水晶','SWAROVSKI CRYSTAL',NULL,NULL,NULL,NULL,NULL,'SHLSQ-SJ'),(255,'合成皮革','SYNTHETIC LEATHER',NULL,NULL,NULL,NULL,NULL,'HCG'),(256,'天丝纤维','TENCEL',NULL,NULL,NULL,NULL,NULL,'TSXW'),(257,'织物','TEXTILE',NULL,NULL,NULL,NULL,NULL,'ZW'),(258,'三醋酯纤维','TRIACETATE',NULL,NULL,NULL,NULL,NULL,'SCZXW'),(259,'醋酯纤维','TRIACETATE',NULL,NULL,NULL,NULL,NULL,'CZXW'),(260,'丝绒','VELVET',NULL,NULL,NULL,NULL,NULL,'SR'),(261,'初剪羊毛','VIRGIN WOOL',NULL,NULL,NULL,NULL,NULL,'CJYM'),(262,'粘胶纤维','VISCOSE',NULL,NULL,NULL,NULL,NULL,'ZJ'),(263,'禁用/粘胶纤维','VISCOSE',NULL,NULL,NULL,NULL,NULL,'禁用JZ'),(264,'羊毛','WOOL',NULL,NULL,NULL,NULL,NULL,'YM'),(265,'羊毛皮','woolfell',NULL,NULL,NULL,NULL,NULL,'YMP'),(266,'牦牛绒','YAK',NULL,NULL,NULL,NULL,NULL,'MNR'),(267,'羊皮革','yangpige',NULL,NULL,NULL,NULL,NULL,'YPG'),(268,'锌合金','ZAMAK',NULL,NULL,NULL,NULL,NULL,'XHJ'),(269,'锌','ZINCO',NULL,NULL,NULL,NULL,NULL,'XIN');

/*Table structure for table `temp_tb_series` */

DROP TABLE IF EXISTS `temp_tb_series`;

CREATE TABLE `temp_tb_series` (
  `id` int(10) unsigned NOT NULL AUTO_INCREMENT COMMENT '主键id',
  `oldid` varchar(36) DEFAULT NULL COMMENT '老数据表主键id',
  `name_cn` varchar(100) DEFAULT NULL COMMENT '中文名称',
  `name_en` varchar(100) DEFAULT NULL COMMENT '英文名称',
  `name_hk` varchar(100) DEFAULT NULL COMMENT '粤语名称',
  `name_fr` varchar(100) DEFAULT NULL COMMENT '法语名称',
  `name_it` varchar(100) DEFAULT NULL COMMENT '意大利语名称',
  `name_sp` varchar(100) DEFAULT NULL COMMENT '西班牙语名称',
  `name_de` varchar(100) DEFAULT NULL COMMENT '德语名称',
  `code` varchar(100) DEFAULT NULL COMMENT '中文代码名称',
  `brandid` int(10) unsigned DEFAULT NULL COMMENT '品牌主键id',
  `oldbrandid` varchar(36) DEFAULT NULL COMMENT '老数据表对应品牌主键id',
  PRIMARY KEY (`id`)
) ENGINE=InnoDB AUTO_INCREMENT=438 DEFAULT CHARSET=utf8mb4 COMMENT='系列表';

/*Data for the table `temp_tb_series` */

insert  into `temp_tb_series`(`id`,`oldid`,`name_cn`,`name_en`,`name_hk`,`name_fr`,`name_it`,`name_sp`,`name_de`,`code`,`brandid`,`oldbrandid`) values (1,'22EFE314-1FD9-4E48-AA05-00522FEAC2AF','BEDFORD',NULL,NULL,NULL,NULL,NULL,NULL,'NULL',147,'70d1fdab-c82f-49fd-86be-4d9a391afddf'),(2,'42A79A22-995F-4758-93DB-00824F4CDDE0','SLIM',NULL,NULL,NULL,NULL,NULL,NULL,'NULL',36,'f2dd445d-fe9c-49de-8423-aff3d50d9bbb'),(3,'46F9EF98-A9BD-44B5-A089-00D0CA750929','PALAZZO MEDUSA',NULL,NULL,NULL,NULL,NULL,NULL,'NULL',215,'1df0e53d-d122-49fe-bb2f-447e99bd94da'),(4,'B295CC27-1951-4179-960E-010AB8EDF135','TRIPLE S',NULL,NULL,NULL,NULL,NULL,NULL,'NULL',23,'2dbd167d-e231-49af-b8dd-c5c86cb3fc0c'),(5,'775C0B5F-6BA3-49AF-9274-01FA7B0D15B5','ICON',NULL,NULL,NULL,NULL,NULL,NULL,'三条卫衣，衬衫，运动裤',207,'d4f88a47-2585-491b-98e0-f2b865501b50'),(6,'40404960-2592-47EA-A0AE-0229C030E4F6','SNOW MANTRA',NULL,NULL,NULL,NULL,NULL,NULL,'NULL',36,'f2dd445d-fe9c-49de-8423-aff3d50d9bbb'),(7,'419007A9-8294-43A8-A8D9-022B789EAAAF','CROISETTE',NULL,NULL,NULL,NULL,NULL,NULL,'NULL',130,'1b75cd4d-2e26-4774-8a1a-d61563319b2a'),(8,'C0FDA9C2-C29E-4038-876D-0234B4425E9C','SAVAVVAH',NULL,NULL,NULL,NULL,NULL,NULL,'NULL',147,'70d1fdab-c82f-49fd-86be-4d9a391afddf'),(9,'A3656987-2B18-4791-9671-0237B8BC915C','SLIM',NULL,NULL,NULL,NULL,NULL,NULL,'PBI CAMP HOODY',36,'f2dd445d-fe9c-49de-8423-aff3d50d9bbb'),(10,'80B75E43-B90F-488A-AD98-0254D9643E84','REGULAR',NULL,NULL,NULL,NULL,NULL,NULL,'MYSTIQUE PARKA',36,'f2dd445d-fe9c-49de-8423-aff3d50d9bbb'),(11,'55C9FA0D-AE04-4F19-ABD4-02A41C7DF2E0','ANDERSEN',NULL,NULL,NULL,NULL,NULL,NULL,'男',150,'aa018146-5873-47f5-aad3-e109628e3d3f'),(12,'759926D5-1ACB-475A-ACF9-02B78E375AE2','SLIM',NULL,NULL,NULL,NULL,NULL,NULL,'CHETEAU PARKA',36,'f2dd445d-fe9c-49de-8423-aff3d50d9bbb'),(13,'0FB60199-37C4-44FF-B5E7-02C205FB20ED','MERCER',NULL,NULL,NULL,NULL,NULL,NULL,'NULL',147,'70d1fdab-c82f-49fd-86be-4d9a391afddf'),(14,'8C6EA9D8-1A83-450A-9B36-02EB44D8A046','SLIM',NULL,NULL,NULL,NULL,NULL,NULL,'CAMP HOODY',36,'f2dd445d-fe9c-49de-8423-aff3d50d9bbb'),(15,'738BCD36-D7EC-47BB-8C00-0301FB65B127','FERITO',NULL,NULL,NULL,NULL,NULL,NULL,'NULL',141,'bf566f25-ef92-4453-b10b-6d2394cdeca2'),(16,'559B35A2-65C3-4A85-866B-034FB4448258','PUMPS',NULL,NULL,NULL,NULL,NULL,NULL,'NULL',45,'7ef596b4-ff9d-4e3f-876a-75ab162a2012'),(17,'889D274A-9368-478D-B0ED-03E52908F543','ROSSCLAIR',NULL,NULL,NULL,NULL,NULL,NULL,'NULL',36,'f2dd445d-fe9c-49de-8423-aff3d50d9bbb'),(18,'4C87985C-688D-42B0-A885-03E6E469EDD4','SELMA',NULL,NULL,NULL,NULL,NULL,NULL,'NULL',147,'70d1fdab-c82f-49fd-86be-4d9a391afddf'),(19,'7124D986-F65C-45F5-99F1-04B2E26CE736','KENSINGTON ',NULL,NULL,NULL,NULL,NULL,NULL,'NULL',36,'f2dd445d-fe9c-49de-8423-aff3d50d9bbb'),(20,'6CBCB57C-E6C2-4B40-B0D3-054C5FBB4074','HIRONDELLE',NULL,NULL,NULL,NULL,NULL,NULL,'NULL',150,'aa018146-5873-47f5-aad3-e109628e3d3f'),(21,'E78514F4-26C1-4390-AE8A-05679F79A18D','REPRAT',NULL,NULL,NULL,NULL,NULL,NULL,'NULL',126,'6826ae77-eb70-44d4-afda-0ecece5af202'),(22,'9601341E-8533-4ACF-A42F-057E87843DC2','UNDER WEAR',NULL,NULL,NULL,NULL,NULL,NULL,'NULL',215,'1df0e53d-d122-49fe-bb2f-447e99bd94da'),(23,'58E897D3-13C3-4A2D-8A77-0656E67DD00B','REGULAR',NULL,NULL,NULL,NULL,NULL,NULL,'GRIZZLY SNOWSUIT',36,'f2dd445d-fe9c-49de-8423-aff3d50d9bbb'),(24,'ED65D139-B8C9-46B1-A827-06F9FD494665','100MM FLAT',NULL,NULL,NULL,NULL,NULL,NULL,'100MM帮高 女鞋',34,'4799fe6b-b142-42bc-bbec-4d267a96bc24'),(25,'108DF39E-D6E5-410A-B92A-079A125158C4','CHEVECHE GILET',NULL,NULL,NULL,NULL,NULL,NULL,'女款',149,'6bdd7a18-0ebe-4620-ba7b-f7a00f6d3dcc'),(26,'8A2C4F48-4F6E-4B08-A46F-07A068A4DC19','ANET',NULL,NULL,NULL,NULL,NULL,NULL,'女款',149,'6bdd7a18-0ebe-4620-ba7b-f7a00f6d3dcc'),(27,'A34E21B3-2F78-456B-810A-07D65FE86683','SLIM',NULL,NULL,NULL,NULL,NULL,NULL,'COASTAL SHELL BLACK LABLE',36,'f2dd445d-fe9c-49de-8423-aff3d50d9bbb'),(28,'08138F85-2BFA-4B91-A49E-07F9ECE598DD','GASTONET',NULL,NULL,NULL,NULL,NULL,NULL,'NULL',150,'aa018146-5873-47f5-aad3-e109628e3d3f'),(29,'7B3C8D55-244D-458A-A51C-0986F57335B3','MAGLIA TRICOT G',NULL,NULL,NULL,NULL,NULL,NULL,'男',150,'aa018146-5873-47f5-aad3-e109628e3d3f'),(30,'6182029F-9A8B-4C0B-BD29-0AC481A6672B','ABITO TRICOT',NULL,NULL,NULL,NULL,NULL,NULL,'NULL',150,'aa018146-5873-47f5-aad3-e109628e3d3f'),(31,'8983E902-7E7C-439E-89C5-0AD8E68DB647','MONTEBELLO',NULL,NULL,NULL,NULL,NULL,NULL,'NULL',36,'f2dd445d-fe9c-49de-8423-aff3d50d9bbb'),(32,'D637AD83-4A74-4BC5-B0F6-0B2D3160796E','MAJEURE',NULL,NULL,NULL,NULL,NULL,NULL,'女',150,'aa018146-5873-47f5-aad3-e109628e3d3f'),(33,'9303D28A-7B8B-46A1-B55F-0D0ABBC61FAD','LIRIOPE',NULL,NULL,NULL,NULL,NULL,NULL,'女款',149,'6bdd7a18-0ebe-4620-ba7b-f7a00f6d3dcc'),(34,'3C1F404B-1D69-4B0D-98D2-0D916CF849CA','CHITALPA',NULL,NULL,NULL,NULL,NULL,NULL,'女款',149,'6bdd7a18-0ebe-4620-ba7b-f7a00f6d3dcc'),(35,'9ABCEEFC-2FCA-4809-B31F-0DB8BBBA10F3','ABY',NULL,NULL,NULL,NULL,NULL,NULL,'NULL',47,'e2de1cd3-f4ec-4db2-9b96-267fe8efc9bd'),(36,'52B7F38D-910A-4F67-999D-0E37D23D4A61','SLIM',NULL,NULL,NULL,NULL,NULL,NULL,'ROWAN PARKA',36,'f2dd445d-fe9c-49de-8423-aff3d50d9bbb'),(37,'2C327C1A-5E44-4BC9-A52F-0F0AFE7B6648','REGULAR',NULL,NULL,NULL,NULL,NULL,NULL,'SOLARIS PARKA',36,'f2dd445d-fe9c-49de-8423-aff3d50d9bbb'),(38,'E1FBE07D-52F2-46D0-A3DF-0F106E7253FA','SLIM',NULL,NULL,NULL,NULL,NULL,NULL,'EMORY PARKA',36,'f2dd445d-fe9c-49de-8423-aff3d50d9bbb'),(39,'CC98A25D-B684-4730-81A6-0F390A0A6501','GARIBALDI',NULL,NULL,NULL,NULL,NULL,NULL,'NULL',36,'f2dd445d-fe9c-49de-8423-aff3d50d9bbb'),(40,'308BC9C9-594E-4BCA-A9E9-10195BAAAE72','ROSEMONT',NULL,NULL,NULL,NULL,NULL,NULL,'NULL',36,'f2dd445d-fe9c-49de-8423-aff3d50d9bbb'),(41,'C263E98A-4612-4038-A123-1054FDFD542F','SLIM',NULL,NULL,NULL,NULL,NULL,NULL,'LORETTE PARKA',36,'f2dd445d-fe9c-49de-8423-aff3d50d9bbb'),(42,'C86C7B56-51BB-4ED7-8BF2-10805225DAD5','PANTALONE',NULL,NULL,NULL,NULL,NULL,NULL,'NULL',150,'aa018146-5873-47f5-aad3-e109628e3d3f'),(43,'18910481-AC65-49A5-8717-11BD9CEBCF30','POINTED SLIPPERS',NULL,NULL,NULL,NULL,NULL,NULL,'NULL',45,'7ef596b4-ff9d-4e3f-876a-75ab162a2012'),(44,'070A66DB-D87C-4FEC-93D2-1222B782534B','SLIM',NULL,NULL,NULL,NULL,NULL,NULL,'HAYWARD SHELL',36,'f2dd445d-fe9c-49de-8423-aff3d50d9bbb'),(45,'EF19BE3C-D546-41A1-BA60-122599A81F8E','MONOGRAM DENIM',NULL,NULL,NULL,NULL,NULL,NULL,'NULL',130,'1b75cd4d-2e26-4774-8a1a-d61563319b2a'),(46,'650522A1-309D-4DA3-B092-129046DB3D56','CHARPAL',NULL,NULL,NULL,NULL,NULL,NULL,'女',150,'aa018146-5873-47f5-aad3-e109628e3d3f'),(47,'73D874BB-534B-48EA-BA1B-139F6C9F77B1','WYNDHAM',NULL,NULL,NULL,NULL,NULL,NULL,'NULL',36,'f2dd445d-fe9c-49de-8423-aff3d50d9bbb'),(48,'6634B4D1-8770-425F-901D-13B4E769831E','PALAZZO EMPIRE',NULL,NULL,NULL,NULL,NULL,NULL,'NULL',215,'1df0e53d-d122-49fe-bb2f-447e99bd94da'),(49,'E35A0CA9-302D-4C67-89FF-1558AF0791EF','REGULAR',NULL,NULL,NULL,NULL,NULL,NULL,'BORDEN BOMBER',36,'f2dd445d-fe9c-49de-8423-aff3d50d9bbb'),(50,'CC6E1097-6D3B-45EB-AE7A-15B887CB228C','SLIM',NULL,NULL,NULL,NULL,NULL,NULL,'NULL',36,'f2dd445d-fe9c-49de-8423-aff3d50d9bbb'),(51,'6625A9E9-7FDB-496E-AB9A-15CA97ADABE6','SLIM',NULL,NULL,NULL,NULL,NULL,NULL,'HYBRIDGE LITE SKIRT',36,'f2dd445d-fe9c-49de-8423-aff3d50d9bbb'),(52,'6A26336A-91D2-4677-8905-165D2651B5CB','AIMEET',NULL,NULL,NULL,NULL,NULL,NULL,'女',150,'aa018146-5873-47f5-aad3-e109628e3d3f'),(53,'CF8086E1-A6DB-4901-9CE8-17A22B0406BF','CHINESE NEW YEAR',NULL,NULL,NULL,NULL,NULL,NULL,'18中国新年款',119,'618c8606-3c5b-4e69-a215-9f12cadad28a'),(54,'3AAB7AB4-BEFD-4239-BB22-181AFD218AFD','SLIM',NULL,NULL,NULL,NULL,NULL,NULL,'NULL',36,'f2dd445d-fe9c-49de-8423-aff3d50d9bbb'),(55,'3FB84C8A-0BE1-459F-AE20-1996E735BD86','SLIM',NULL,NULL,NULL,NULL,NULL,NULL,'HYBRIDGE LITE JACKET',36,'f2dd445d-fe9c-49de-8423-aff3d50d9bbb'),(56,'0E8A13C7-A56F-45AC-B57F-1999F48103E6','COMPLETO MAGLIA',NULL,NULL,NULL,NULL,NULL,NULL,'女',150,'aa018146-5873-47f5-aad3-e109628e3d3f'),(57,'C10C7B1F-6AAA-43D6-8EA2-199E1E378CC6','SIGNATURE',NULL,NULL,NULL,NULL,NULL,NULL,'NULL',215,'1df0e53d-d122-49fe-bb2f-447e99bd94da'),(58,'7B4BB7D1-D7AC-4330-AA56-1B1A211FD806','SLIM',NULL,NULL,NULL,NULL,NULL,NULL,'WOOLFORD JACKET FUSION FIT',36,'f2dd445d-fe9c-49de-8423-aff3d50d9bbb'),(59,'8E62BE26-7E71-4935-8CF0-1BB431EBF4EB','TAURUA',NULL,NULL,NULL,NULL,NULL,NULL,'NULL',150,'aa018146-5873-47f5-aad3-e109628e3d3f'),(60,'10EA051A-AC01-4F97-A5E7-1BBF01D0E33B','LOW SNEAKER',NULL,NULL,NULL,NULL,NULL,NULL,'NULL',45,'7ef596b4-ff9d-4e3f-876a-75ab162a2012'),(61,'2F163C8A-DCEF-4656-97D7-1E7DABED1C6B','SLIM',NULL,NULL,NULL,NULL,NULL,NULL,'HYBRIDGE LITE JACKET',36,'f2dd445d-fe9c-49de-8423-aff3d50d9bbb'),(62,'380AD255-5EDC-494C-B5FB-1F29A4B5E906','ACCENTEUR',NULL,NULL,NULL,NULL,NULL,NULL,'女款',149,'6bdd7a18-0ebe-4620-ba7b-f7a00f6d3dcc'),(63,'4E3D55A2-2AF3-45ED-8213-200CC2200D18','SLIM',NULL,NULL,NULL,NULL,NULL,NULL,'SELKIRK PARKA',36,'f2dd445d-fe9c-49de-8423-aff3d50d9bbb'),(64,'98B72A98-9A89-4D40-9228-20A9541CCE9F','骷髅',NULL,NULL,NULL,NULL,NULL,NULL,'NULL',170,'2b051623-cb36-43bb-bcd5-52a83a0c4a44'),(65,'D9C48130-B71A-4B2C-9461-20C2965868BE','JOYCE',NULL,NULL,NULL,NULL,NULL,NULL,'NULL',126,'6826ae77-eb70-44d4-afda-0ecece5af202'),(66,'489540BA-CFCC-4F1C-BA94-20C95E9D01A3','MAITLAND',NULL,NULL,NULL,NULL,NULL,NULL,'NULL',36,'f2dd445d-fe9c-49de-8423-aff3d50d9bbb'),(67,'6DCE1324-6A90-47A9-9754-20FA98037DC9','SLIM',NULL,NULL,NULL,NULL,NULL,NULL,'SUMMIT JACKET',36,'f2dd445d-fe9c-49de-8423-aff3d50d9bbb'),(68,'53194C21-D5E8-4E19-A97E-20FD3EF7F56E','ODILE',NULL,NULL,NULL,NULL,NULL,NULL,'NULL',150,'aa018146-5873-47f5-aad3-e109628e3d3f'),(69,'FD8DE9ED-D295-4D62-BC8A-211BA651447C','VAIREA',NULL,NULL,NULL,NULL,NULL,NULL,'NULL',150,'aa018146-5873-47f5-aad3-e109628e3d3f'),(70,'0336EB45-4367-46B5-83BE-2179E1C756EF','LINEN',NULL,NULL,NULL,NULL,NULL,NULL,'NULL',126,'6826ae77-eb70-44d4-afda-0ecece5af202'),(71,'5C09717A-96D0-40AD-9CC2-2232F3099FDC','SANDALS',NULL,NULL,NULL,NULL,NULL,NULL,'NULL',45,'7ef596b4-ff9d-4e3f-876a-75ab162a2012'),(72,'B2F94E0B-31F7-4A87-86FA-231D507860B8','FLAMMETTE',NULL,NULL,NULL,NULL,NULL,NULL,'女款 ',149,'6bdd7a18-0ebe-4620-ba7b-f7a00f6d3dcc'),(73,'9056645E-FD46-421A-A13C-23712BAFEDEA','LORETTE',NULL,NULL,NULL,NULL,NULL,NULL,'NULL',36,'f2dd445d-fe9c-49de-8423-aff3d50d9bbb'),(74,'3F9B163F-41FA-4B1E-A57C-23BA9CE2F767','SLIM',NULL,NULL,NULL,NULL,NULL,NULL,'SYLVAN VEST',36,'f2dd445d-fe9c-49de-8423-aff3d50d9bbb'),(75,'C7932E1E-8865-4A0E-B02D-247193949C48','NUAGES',NULL,NULL,NULL,NULL,NULL,NULL,'女',150,'aa018146-5873-47f5-aad3-e109628e3d3f'),(76,'EF3A3030-9EF3-4445-A6F9-2501F32BD06B','SLIM',NULL,NULL,NULL,NULL,NULL,NULL,'RIDGE PANT',36,'f2dd445d-fe9c-49de-8423-aff3d50d9bbb'),(77,'45C16EA1-28CD-4215-8FBA-25C29569BDE9','PON PON',NULL,NULL,NULL,NULL,NULL,NULL,'毛球',113,'c621a1a1-1395-440d-a0af-1c23a7d38b89'),(78,'F4E7577B-88EF-45D3-9DFB-25CCA96E7C67','T-LINE',NULL,NULL,NULL,NULL,NULL,NULL,'NULL',126,'6826ae77-eb70-44d4-afda-0ecece5af202'),(79,'980F2310-128C-4D1F-B811-26322EBD0C91','SLIM',NULL,NULL,NULL,NULL,NULL,NULL,'CARSON PARKA',36,'f2dd445d-fe9c-49de-8423-aff3d50d9bbb'),(80,'74BF4228-B828-463C-A304-26A4E6FDD9E8','SLIM',NULL,NULL,NULL,NULL,NULL,NULL,'LODGE HOODY',36,'f2dd445d-fe9c-49de-8423-aff3d50d9bbb'),(81,'9B44958A-697D-47A2-8782-26C453EC4155','SAINTONGE',NULL,NULL,NULL,NULL,NULL,NULL,'NULL',130,'1b75cd4d-2e26-4774-8a1a-d61563319b2a'),(82,'041A3F57-55D3-4E38-A282-27490E9957C9','RELAXED',NULL,NULL,NULL,NULL,NULL,NULL,'EXPEDITION PARKA',36,'f2dd445d-fe9c-49de-8423-aff3d50d9bbb'),(83,'D964BDD7-CB75-4C71-89FE-27BCCFE196BE','MONTEBELLO',NULL,NULL,NULL,NULL,NULL,NULL,'NULL',36,'f2dd445d-fe9c-49de-8423-aff3d50d9bbb'),(84,'CE0E2F53-842E-43A8-9643-28AA809781C8','CHATEAU',NULL,NULL,NULL,NULL,NULL,NULL,'NULL',36,'f2dd445d-fe9c-49de-8423-aff3d50d9bbb'),(85,'16F33585-9AD7-44E7-9CBD-28C21E5DECAA','ARMSTRONG HOODY',NULL,NULL,NULL,NULL,NULL,NULL,'NULL',36,'f2dd445d-fe9c-49de-8423-aff3d50d9bbb'),(86,'815FE88D-6683-4E11-85BA-29AA01C1606F','ICON',NULL,NULL,NULL,NULL,NULL,NULL,'ICON',119,'618c8606-3c5b-4e69-a215-9f12cadad28a'),(87,'7DD04202-DAA4-4ADD-A9C3-2A53A7BAE5D6','56',NULL,NULL,NULL,NULL,NULL,NULL,'NULL',36,'f2dd445d-fe9c-49de-8423-aff3d50d9bbb'),(88,'312A6A5C-1FC9-43F8-B364-2B259A622D60','REGULAR',NULL,NULL,NULL,NULL,NULL,NULL,'LOGAN PARKA',36,'f2dd445d-fe9c-49de-8423-aff3d50d9bbb'),(89,'91FC92ED-EB17-4706-8DB0-2D13D638C75E','POCHETTE VOYAGE',NULL,NULL,NULL,NULL,NULL,NULL,'NULL',130,'1b75cd4d-2e26-4774-8a1a-d61563319b2a'),(90,'E90AA793-0B37-4E43-9C5A-2D4A05DADA3C','SLIM',NULL,NULL,NULL,NULL,NULL,NULL,'MONTEBELLO PARKA FUSION FIT',36,'f2dd445d-fe9c-49de-8423-aff3d50d9bbb'),(91,'71EDE00F-738D-47C0-851C-2DEF48759460','SLIM',NULL,NULL,NULL,NULL,NULL,NULL,'MONTEBELLO PARKA',36,'f2dd445d-fe9c-49de-8423-aff3d50d9bbb'),(92,'55E572C8-FC5A-4C50-BBE7-2DFCB8C36A4B','YEEZY BOOST',NULL,NULL,NULL,NULL,NULL,NULL,'NULL',6,'d51b13a3-a474-49ea-8000-847853695773'),(93,'C5CA6963-4406-499F-A68D-2E7112A8F030','CHILLIWACK BOMBER',NULL,NULL,NULL,NULL,NULL,NULL,'NULL',36,'f2dd445d-fe9c-49de-8423-aff3d50d9bbb'),(94,'4BC2B549-2778-4D52-8FBA-2EE26339B9D5','MAGLIA GIROCOLL',NULL,NULL,NULL,NULL,NULL,NULL,'NULL',150,'aa018146-5873-47f5-aad3-e109628e3d3f'),(95,'218D0C44-9B7A-487B-9E2F-2FF5D6C6037A','SLIM',NULL,NULL,NULL,NULL,NULL,NULL,'NULL',36,'f2dd445d-fe9c-49de-8423-aff3d50d9bbb'),(96,'176A28E9-224E-4F0D-82FE-306D5AB09878','SLIM',NULL,NULL,NULL,NULL,NULL,NULL,'HYBRIDGE PERREN JACKET',36,'f2dd445d-fe9c-49de-8423-aff3d50d9bbb'),(97,'E497E683-1CA4-4A26-AAC0-30EF18E745CE','MADAME',NULL,NULL,NULL,NULL,NULL,NULL,'经典款',141,'bf566f25-ef92-4453-b10b-6d2394cdeca2'),(98,'D73B9839-C644-4B5E-84E6-30FF3B16BD9C','CAPSULE LACES',NULL,NULL,NULL,NULL,NULL,NULL,'系带',113,'c621a1a1-1395-440d-a0af-1c23a7d38b89'),(99,'13143DC6-1DF8-4AEC-81EE-338B0DCEBB63','BAROQUE',NULL,NULL,NULL,NULL,NULL,NULL,'NULL',215,'1df0e53d-d122-49fe-bb2f-447e99bd94da'),(100,'B457EC47-A788-4CEF-B954-33D7F1933710','SLIM',NULL,NULL,NULL,NULL,NULL,NULL,'LANGFORD PARKA BLACK LABLE',36,'f2dd445d-fe9c-49de-8423-aff3d50d9bbb'),(101,'2C3C3D5D-8183-4922-9859-341F16C025CD','JULES',NULL,NULL,NULL,NULL,NULL,NULL,'男',150,'aa018146-5873-47f5-aad3-e109628e3d3f'),(102,'044E0ABA-574C-402A-AE2E-3440D72E2C6D','GANCIO',NULL,NULL,NULL,NULL,NULL,NULL,'钱夹',197,'c16cf8d5-4cfe-44f2-b435-610bae35704a'),(103,'AD61F27E-49EB-4501-A2D8-346DE91FECEE','SLIM',NULL,NULL,NULL,NULL,NULL,NULL,'CLARENCE COAT BLACK LABLE',36,'f2dd445d-fe9c-49de-8423-aff3d50d9bbb'),(104,'77F755EE-4E93-4431-8066-34F0FC0BF3C9','SLIM',NULL,NULL,NULL,NULL,NULL,NULL,'SKRESLET PARKA',36,'f2dd445d-fe9c-49de-8423-aff3d50d9bbb'),(105,'859493C0-DDAF-480F-A555-352B4FB2D01B','MAGLIA CARDIGAN',NULL,NULL,NULL,NULL,NULL,NULL,'NULL',150,'aa018146-5873-47f5-aad3-e109628e3d3f'),(106,'5886AD1C-8678-4D94-B6D5-3552984D6EBD','SLIM',NULL,NULL,NULL,NULL,NULL,NULL,'LANGFORD PARKA',36,'f2dd445d-fe9c-49de-8423-aff3d50d9bbb'),(107,'910F99B6-6CCB-45FF-A64C-3576E9C155FC','GRIVE',NULL,NULL,NULL,NULL,NULL,NULL,'女款',149,'6bdd7a18-0ebe-4620-ba7b-f7a00f6d3dcc'),(108,'BD445E89-5432-4B32-8132-359459DC1EC0','I FEEL',NULL,NULL,NULL,NULL,NULL,NULL,'NULL',45,'7ef596b4-ff9d-4e3f-876a-75ab162a2012'),(109,'D80A858D-01FA-4164-94B0-3630EDF6AEF7','ACC',NULL,NULL,NULL,NULL,NULL,NULL,'NULL',94,'9e441a8d-0f78-46c8-ad46-9261568ab40d'),(110,'5C24F3B4-5238-4AA4-B51E-365D3C124051','FREESTYLE VEST',NULL,NULL,NULL,NULL,NULL,NULL,'NULL',36,'f2dd445d-fe9c-49de-8423-aff3d50d9bbb'),(111,'F1AB4CC1-25EC-4FD9-AFA5-379DB4F70D88','NEW SENECA',NULL,NULL,NULL,NULL,NULL,NULL,'男',150,'aa018146-5873-47f5-aad3-e109628e3d3f'),(112,'D27645AE-F83B-4E01-9F5A-37D4BAABE9DC','SLIM',NULL,NULL,NULL,NULL,NULL,NULL,'NULL',36,'f2dd445d-fe9c-49de-8423-aff3d50d9bbb'),(113,'BD841E19-84D0-43BE-A969-38262F95AAB5','SLIM',NULL,NULL,NULL,NULL,NULL,NULL,'MAITLAND PARKA BLACK LABLE',36,'f2dd445d-fe9c-49de-8423-aff3d50d9bbb'),(114,'D6FD62B7-2BA0-4F4C-B47A-3896DCB48A80','CARSON',NULL,NULL,NULL,NULL,NULL,NULL,'NULL',36,'f2dd445d-fe9c-49de-8423-aff3d50d9bbb'),(115,'B575F750-12C9-4BE8-91C7-392BBBE787C3','REGULAR',NULL,NULL,NULL,NULL,NULL,NULL,'FREESTYLE VEST',36,'f2dd445d-fe9c-49de-8423-aff3d50d9bbb'),(116,'5380C96B-80EB-404E-B0CF-3A642F769CBE','REGULAR',NULL,NULL,NULL,NULL,NULL,NULL,'WOLVERINE PANTS',36,'f2dd445d-fe9c-49de-8423-aff3d50d9bbb'),(117,'73C6660A-CED5-4BC8-BE63-3A7F581A983A','动物系列',NULL,NULL,NULL,NULL,NULL,NULL,'NULL',126,'6826ae77-eb70-44d4-afda-0ecece5af202'),(118,'26E42BA0-FDD6-4902-9341-3B105A3A1E51','REGULAR',NULL,NULL,NULL,NULL,NULL,NULL,'THUNDER PANTS',36,'f2dd445d-fe9c-49de-8423-aff3d50d9bbb'),(119,'25A4BA2D-1466-46CF-8BB8-3B1C7DC8C9DE','HAMILTON ',NULL,NULL,NULL,NULL,NULL,NULL,'NULL',147,'70d1fdab-c82f-49fd-86be-4d9a391afddf'),(120,'AF37125E-5205-46AB-9E0C-3BDAFB4009E5','TRILLIUM',NULL,NULL,NULL,NULL,NULL,NULL,'NULL',36,'f2dd445d-fe9c-49de-8423-aff3d50d9bbb'),(121,'0733EC3B-3D90-48CB-B248-3BE90EE0CDF8','GIVRON GILBT',NULL,NULL,NULL,NULL,NULL,NULL,'NULL',150,'aa018146-5873-47f5-aad3-e109628e3d3f'),(122,'6C4F7117-9F55-487B-902B-3CFC1219CBB6','NEW TOLEDO',NULL,NULL,NULL,NULL,NULL,NULL,'NULL',126,'6826ae77-eb70-44d4-afda-0ecece5af202'),(123,'FC1F82E8-66D0-497B-B5C6-3E75BF8A441E','MINI PHD BAG',NULL,NULL,NULL,NULL,NULL,NULL,'小号',34,'4799fe6b-b142-42bc-bbec-4d267a96bc24'),(124,'C694F0F2-0CBE-42F3-8133-3FE9E1B02D92','SLIM',NULL,NULL,NULL,NULL,NULL,NULL,'SHELBURNE PARKA FUSION FIT',36,'f2dd445d-fe9c-49de-8423-aff3d50d9bbb'),(125,'BD04E517-23FD-47FA-8C4E-400638DF36F9','SLIM',NULL,NULL,NULL,NULL,NULL,NULL,'NULL',36,'f2dd445d-fe9c-49de-8423-aff3d50d9bbb'),(126,'0E921BA4-33E8-4D6E-9BBE-401CF19EE557','DORIST',NULL,NULL,NULL,NULL,NULL,NULL,'女',150,'aa018146-5873-47f5-aad3-e109628e3d3f'),(127,'6DE507A2-DB12-49A8-A84A-403A919DED77','PUZZLE',NULL,NULL,NULL,NULL,NULL,NULL,'NULL',126,'6826ae77-eb70-44d4-afda-0ecece5af202'),(128,'FC261EDA-DC30-4B90-B938-40AA76CF4BFB','SLIM',NULL,NULL,NULL,NULL,NULL,NULL,'ROSSCLAIR PARKA BLACK LABLE',36,'f2dd445d-fe9c-49de-8423-aff3d50d9bbb'),(129,'E9356E8A-5D21-43F6-8DA3-410DC78BE002','CHILLIWACK BOMBER',NULL,NULL,NULL,NULL,NULL,NULL,'NULL',36,'f2dd445d-fe9c-49de-8423-aff3d50d9bbb'),(130,'E80E81ED-E807-42CD-A57A-4111DECB6D54','REGULAR',NULL,NULL,NULL,NULL,NULL,NULL,'TUNDRA PANT',36,'f2dd445d-fe9c-49de-8423-aff3d50d9bbb'),(131,'19F0B849-C8E9-419F-B2B7-41FEB6AED767','PTE CAR.SIMP.MNG',NULL,NULL,NULL,NULL,NULL,NULL,'NULL',130,'1b75cd4d-2e26-4774-8a1a-d61563319b2a'),(132,'63D52EBA-EBFF-4CCE-BDA4-4387A91232C2','MAGLIA TRICOT C',NULL,NULL,NULL,NULL,NULL,NULL,'男',150,'aa018146-5873-47f5-aad3-e109628e3d3f'),(133,'49865D74-DEC2-41F6-8529-4393D7571740','SLIM',NULL,NULL,NULL,NULL,NULL,NULL,'COASTAL SHELL BLACK LABLE',36,'f2dd445d-fe9c-49de-8423-aff3d50d9bbb'),(134,'EF32793D-163C-4728-987A-4571FF29B6DC','T-LINR',NULL,NULL,NULL,NULL,NULL,NULL,'NULL',126,'6826ae77-eb70-44d4-afda-0ecece5af202'),(135,'9C73FC72-3F6F-4F6D-A979-457FD2116D01','NEVERFULL',NULL,NULL,NULL,NULL,NULL,NULL,'NULL',130,'1b75cd4d-2e26-4774-8a1a-d61563319b2a'),(136,'A3669FBA-DFD0-4B47-8CEC-4659BC9C57D2','CALLIS',NULL,NULL,NULL,NULL,NULL,NULL,'女款',149,'6bdd7a18-0ebe-4620-ba7b-f7a00f6d3dcc'),(137,'26BE08B7-BCF7-42CB-8C97-4694A9740FD7','HYBRIDGE LITE',NULL,NULL,NULL,NULL,NULL,NULL,'NULL',36,'f2dd445d-fe9c-49de-8423-aff3d50d9bbb'),(138,'21F609AE-BEA9-44F6-98CA-481485014634','SKULL',NULL,NULL,NULL,NULL,NULL,NULL,'NULL',8,'a15f608d-a141-4314-8c5b-9a05b8eb2ea6'),(139,'5330C449-0B0C-4C2B-9D21-49153935AA78','BVLGARI BVLGARI',NULL,NULL,NULL,NULL,NULL,NULL,'NULL',35,'853020c5-443a-4139-8ebe-f29dec06be21'),(140,'67F661AF-0F4D-4AD2-B544-493A73C1CFFD','SAVANNAH',NULL,NULL,NULL,NULL,NULL,NULL,'NULL',147,'70d1fdab-c82f-49fd-86be-4d9a391afddf'),(141,'1361D58B-367B-4899-B876-4A316F96925F','THE RUCKSACK ',NULL,NULL,NULL,NULL,NULL,NULL,'NULL',32,'10402a02-7b42-43a3-9693-d189af95ff7b'),(142,'1383F2ED-94A5-471B-BE85-4ACAAAF46F30','SLIM',NULL,NULL,NULL,NULL,NULL,NULL,'BEECHWOOD PARKA BLACK LABLE',36,'f2dd445d-fe9c-49de-8423-aff3d50d9bbb'),(143,'A3AA8E7F-FAEB-4E22-868A-4AD15790617D','SLIM',NULL,NULL,NULL,NULL,NULL,NULL,'CALLAGHAN PARKA',36,'f2dd445d-fe9c-49de-8423-aff3d50d9bbb'),(144,'CB1EF489-216B-4274-B1AE-4B11B3193E26','ALBERTA',NULL,NULL,NULL,NULL,NULL,NULL,'女',150,'aa018146-5873-47f5-aad3-e109628e3d3f'),(145,'A4EE8D5D-A583-4D9C-9837-4B3DBAA515F9','MONTBELIARD',NULL,NULL,NULL,NULL,NULL,NULL,'NULL',150,'aa018146-5873-47f5-aad3-e109628e3d3f'),(146,'7589C4D9-D3C3-45C0-A27B-4BAF34C8A092','LOWLAND',NULL,NULL,NULL,NULL,NULL,NULL,'NULL',204,'587537be-40f0-4a11-87c6-a30eb4ea9d6c'),(147,'335ADC83-2502-4E35-A279-4BB907B15B82','SWIM',NULL,NULL,NULL,NULL,NULL,NULL,'泳装系列',131,'80a2ed00-a067-4ad0-a7e0-5930960da144'),(148,'4A8A0A77-9922-4368-A469-4C866DB1C4D1','IPHONE 6 PLUS',NULL,NULL,NULL,NULL,NULL,NULL,'NULL',45,'7ef596b4-ff9d-4e3f-876a-75ab162a2012'),(149,'893F8851-AEA7-4F64-9E64-4CD0454DF05B','SLIM',NULL,NULL,NULL,NULL,NULL,NULL,'TIMBER SHELL JACKET',36,'f2dd445d-fe9c-49de-8423-aff3d50d9bbb'),(150,'ADE96E89-272D-4BAA-8FCD-4E9639A555CB','CROSSBODIES',NULL,NULL,NULL,NULL,NULL,NULL,'NULL',147,'70d1fdab-c82f-49fd-86be-4d9a391afddf'),(151,'7DFF0485-CB36-43D7-9816-4ECB3C8CE205','SLIM',NULL,NULL,NULL,NULL,NULL,NULL,'PEMBINA COAT BLACK LABLE',36,'f2dd445d-fe9c-49de-8423-aff3d50d9bbb'),(152,'1FFC484E-58B7-446C-A391-4F2ED532EB83','SLIM',NULL,NULL,NULL,NULL,NULL,NULL,'MACMILLAN PARKA BLACK LABLE',36,'f2dd445d-fe9c-49de-8423-aff3d50d9bbb'),(153,'B10AFCC0-E8B2-4B36-92B7-4F6ADC6911CC','COMPL. MAGLIA C',NULL,NULL,NULL,NULL,NULL,NULL,'NULL',150,'aa018146-5873-47f5-aad3-e109628e3d3f'),(154,'56B95937-C811-4E41-B3EA-4F731E41C9C8','EXPEDITION PBI',NULL,NULL,NULL,NULL,NULL,NULL,'NULL',36,'f2dd445d-fe9c-49de-8423-aff3d50d9bbb'),(155,'3283B6A1-ACD7-47C4-8A26-502794F1B713','SLIM',NULL,NULL,NULL,NULL,NULL,NULL,'CARSON PARKA BLACK LABLE',36,'f2dd445d-fe9c-49de-8423-aff3d50d9bbb'),(156,'2A844914-826C-4A79-8933-5028162F57EC','EXPEDITION',NULL,NULL,NULL,NULL,NULL,NULL,'NULL',36,'f2dd445d-fe9c-49de-8423-aff3d50d9bbb'),(157,'74FD9468-63C8-43A3-9237-50F40778723B','REGULAR',NULL,NULL,NULL,NULL,NULL,NULL,'PBI SHERWOOD HOODY',36,'f2dd445d-fe9c-49de-8423-aff3d50d9bbb'),(158,'F2562370-2E6C-427C-A107-510DB5E6569F','123',NULL,NULL,NULL,NULL,NULL,NULL,'NULL',143,'6932eb88-617a-4135-b2ed-17cf3f560175'),(159,'1DF59E07-F125-470B-9376-52463A633D3C','SLIP ON',NULL,NULL,NULL,NULL,NULL,NULL,'NULL',45,'7ef596b4-ff9d-4e3f-876a-75ab162a2012'),(160,'4D7C83B1-41FD-4F00-9F03-5331A3159375','LODGE HOODY',NULL,NULL,NULL,NULL,NULL,NULL,'NULL',36,'f2dd445d-fe9c-49de-8423-aff3d50d9bbb'),(161,'85AA2CAD-16CB-425E-BFA5-542515C8F400','GARSON CREW VEST',NULL,NULL,NULL,NULL,NULL,NULL,'NULL',36,'f2dd445d-fe9c-49de-8423-aff3d50d9bbb'),(162,'D6F95A86-F425-4AF2-8E0A-556A5C228D3C','CAMILLE',NULL,NULL,NULL,NULL,NULL,NULL,'NULL',147,'70d1fdab-c82f-49fd-86be-4d9a391afddf'),(163,'75096043-4391-4BF9-A42C-562DB3759943','CHELSEA',NULL,NULL,NULL,NULL,NULL,NULL,'NULL',36,'f2dd445d-fe9c-49de-8423-aff3d50d9bbb'),(164,'8159DD56-1057-4CCE-A416-56577EE9745B','SLIM',NULL,NULL,NULL,NULL,NULL,NULL,'CALLAGHAN PARKA BLACK LABLE',36,'f2dd445d-fe9c-49de-8423-aff3d50d9bbb'),(165,'46624342-662F-4DA0-AF1A-571A4CBF9CAC','SLIM',NULL,NULL,NULL,NULL,NULL,NULL,'MACMILLAN PARKA FUSION FIT',36,'f2dd445d-fe9c-49de-8423-aff3d50d9bbb'),(166,'4DB83F13-710C-4BEC-B3B0-5762E02CD5FF','SLIM',NULL,NULL,NULL,NULL,NULL,NULL,'BROOKVALE HOODY COAT',36,'f2dd445d-fe9c-49de-8423-aff3d50d9bbb'),(167,'7EE9767B-D80D-4298-AC62-58016374598D','ALLISTON JACKET',NULL,NULL,NULL,NULL,NULL,NULL,'NULL',36,'f2dd445d-fe9c-49de-8423-aff3d50d9bbb'),(168,'28E45E5A-6BBD-47BF-890D-5934F1E75F59','GINNY',NULL,NULL,NULL,NULL,NULL,NULL,'NULL',147,'70d1fdab-c82f-49fd-86be-4d9a391afddf'),(169,'30C0094E-3EE8-48A4-9678-596617CDC274','BURNETT',NULL,NULL,NULL,NULL,NULL,NULL,'NULL',36,'f2dd445d-fe9c-49de-8423-aff3d50d9bbb'),(170,'D512450E-F713-4CF0-9971-5A16545BCCF6','CORNER FRAME DILLON',NULL,NULL,NULL,NULL,NULL,NULL,'NULL',147,'70d1fdab-c82f-49fd-86be-4d9a391afddf'),(171,'3C163222-BBDC-45C1-94A0-5B1FA160235B','RELAXED',NULL,NULL,NULL,NULL,NULL,NULL,'RESOLUTE PARKA',36,'f2dd445d-fe9c-49de-8423-aff3d50d9bbb'),(172,'07CC1C75-87D7-4CC1-960F-5BDCB5DA497C','SUYEN',NULL,NULL,NULL,NULL,NULL,NULL,'女款',149,'6bdd7a18-0ebe-4620-ba7b-f7a00f6d3dcc'),(173,'800CA68A-E924-4952-AADA-5C1736F4AE57','WYNDHAM PARKA',NULL,NULL,NULL,NULL,NULL,NULL,'NULL',36,'f2dd445d-fe9c-49de-8423-aff3d50d9bbb'),(174,'0776339B-5A37-46EF-BF09-5C57BE600404','CHAMPERY',NULL,NULL,NULL,NULL,NULL,NULL,'NULL',150,'aa018146-5873-47f5-aad3-e109628e3d3f'),(175,'904D8519-3BE1-4FAB-A356-5D6E7A80AB75','SLIM',NULL,NULL,NULL,NULL,NULL,NULL,'BROMLEY BOMBER',36,'f2dd445d-fe9c-49de-8423-aff3d50d9bbb'),(176,'9EE624AD-69F0-4381-BE14-5E4803C7CACB','HAMMOCK',NULL,NULL,NULL,NULL,NULL,NULL,'吊床包',126,'6826ae77-eb70-44d4-afda-0ecece5af202'),(177,'257F9FB1-9143-4B11-9C3D-5EC52FCF51DA','HELLO KITTY',NULL,NULL,NULL,NULL,NULL,NULL,'NULL',178,'0f185f4c-c464-462e-8df1-cdf00755722e'),(178,'F76765A8-9F01-489F-9D22-5EDD74EDF453','SLIM',NULL,NULL,NULL,NULL,NULL,NULL,'ELROSE PARKA BLACK LABLE',36,'f2dd445d-fe9c-49de-8423-aff3d50d9bbb'),(179,'8DED8EF6-24D1-4664-A14E-5F3AD8A6DB3D','MOCK CROC',NULL,NULL,NULL,NULL,NULL,NULL,'手包',215,'1df0e53d-d122-49fe-bb2f-447e99bd94da'),(180,'72CC27BD-B017-4BC5-956C-5F3B16DBB3F4','NEVERSTOP',NULL,NULL,NULL,NULL,NULL,NULL,'NULL',45,'7ef596b4-ff9d-4e3f-876a-75ab162a2012'),(181,'3BCD57EF-AAD9-4F6A-8C5F-5F69E8BAD667','COCA COLA合作款',NULL,NULL,NULL,NULL,NULL,NULL,'NULL',178,'0f185f4c-c464-462e-8df1-cdf00755722e'),(182,'C45F4C19-8101-4355-AF52-5FFCCF7FE371','LUCY',NULL,NULL,NULL,NULL,NULL,NULL,'女款',149,'6bdd7a18-0ebe-4620-ba7b-f7a00f6d3dcc'),(183,'7A324328-0A56-4784-8D88-60B081C07C0A','REGULAR',NULL,NULL,NULL,NULL,NULL,NULL,'BRITTANIA PARKA',36,'f2dd445d-fe9c-49de-8423-aff3d50d9bbb'),(184,'FE807B12-B08E-4A6B-825C-60B820FF5C19','ALICE',NULL,NULL,NULL,NULL,NULL,NULL,'女',150,'aa018146-5873-47f5-aad3-e109628e3d3f'),(185,'D6EED336-C2C5-48B1-B173-62FF3F55B69E','FULTON ',NULL,NULL,NULL,NULL,NULL,NULL,'NULL',147,'70d1fdab-c82f-49fd-86be-4d9a391afddf'),(186,'136A155E-F8AE-4788-AA9B-631FEF138438','SLIM',NULL,NULL,NULL,NULL,NULL,NULL,'RIDEAU PARKA',36,'f2dd445d-fe9c-49de-8423-aff3d50d9bbb'),(187,'AD33EEF7-2622-4564-9CBB-636FBEA11568','SLIM',NULL,NULL,NULL,NULL,NULL,NULL,'CHATEAU PARKA FUSION FIT',36,'f2dd445d-fe9c-49de-8423-aff3d50d9bbb'),(188,'D97C0D71-A3D1-4A44-93BD-646B73EE1195','REGULAR',NULL,NULL,NULL,NULL,NULL,NULL,'CONSTABLE PARKA',36,'f2dd445d-fe9c-49de-8423-aff3d50d9bbb'),(189,'78E9B23E-07FA-4BAB-BA27-64A1FE3B26D8','LANGFORD PARKA FF',NULL,NULL,NULL,NULL,NULL,NULL,'NULL',36,'f2dd445d-fe9c-49de-8423-aff3d50d9bbb'),(190,'8E865BF3-D6E6-4545-AA0D-64CE82F1970E','HYPOLAIS',NULL,NULL,NULL,NULL,NULL,NULL,'女款 ',149,'6bdd7a18-0ebe-4620-ba7b-f7a00f6d3dcc'),(191,'1A387869-03A3-40EE-9E1E-65514AE624EC','VICTORIA PARKA FF',NULL,NULL,NULL,NULL,NULL,NULL,'NULL',36,'f2dd445d-fe9c-49de-8423-aff3d50d9bbb'),(192,'1B3AD89F-11CB-4205-B5F4-68333EAC545F','ZAPPA GALAXY',NULL,NULL,NULL,NULL,NULL,NULL,'NULL',204,'587537be-40f0-4a11-87c6-a30eb4ea9d6c'),(193,'E07CB1FD-0E9E-4FED-A3B5-683589E4E5C8','BRIT',NULL,NULL,NULL,NULL,NULL,NULL,'NULL',32,'10402a02-7b42-43a3-9693-d189af95ff7b'),(194,'0C94139A-CC3C-4217-A12F-688FB6A2F4A0','SLIPPERS',NULL,NULL,NULL,NULL,NULL,NULL,'NULL',45,'7ef596b4-ff9d-4e3f-876a-75ab162a2012'),(195,'E02CF81B-0AF7-455A-8AB7-68930C4E2ED1','SLIM',NULL,NULL,NULL,NULL,NULL,NULL,'BRACEBRIDGE JACKET',36,'f2dd445d-fe9c-49de-8423-aff3d50d9bbb'),(196,'523D71A3-7DA4-49C9-A68F-68B186892167','SLIM',NULL,NULL,NULL,NULL,NULL,NULL,'HYBRIDGE LITE HOODY',36,'f2dd445d-fe9c-49de-8423-aff3d50d9bbb'),(197,'D39C5ABC-5679-48C2-99AC-68BDBCD4F9C3','KOZOKO LOW',NULL,NULL,NULL,NULL,NULL,NULL,'限量',221,'bab4af2f-118a-4d19-aa28-916ba06ed5a1'),(198,'BF60EDC6-E346-4097-BF5F-68FABBAE8A02','JONQUIERES',NULL,NULL,NULL,NULL,NULL,NULL,'NULL',150,'aa018146-5873-47f5-aad3-e109628e3d3f'),(199,'E9488030-3648-4347-8EC7-6A9344C128F5','EMORY',NULL,NULL,NULL,NULL,NULL,NULL,'NULL',36,'f2dd445d-fe9c-49de-8423-aff3d50d9bbb'),(200,'E5B4466D-AFC2-4DD1-8D3E-6B19B2A5D442','NAPPA',NULL,NULL,NULL,NULL,NULL,NULL,'NULL',126,'6826ae77-eb70-44d4-afda-0ecece5af202'),(201,'F833716B-E23B-43B7-94FC-6B2E1331DB6C','MACAIRE',NULL,NULL,NULL,NULL,NULL,NULL,'男',150,'aa018146-5873-47f5-aad3-e109628e3d3f'),(202,'1EEDB303-9B8A-45A1-87E4-6BB0BC6D1705','TIELIND',NULL,NULL,NULL,NULL,NULL,NULL,'NULL',204,'587537be-40f0-4a11-87c6-a30eb4ea9d6c'),(203,'1F441F55-0A03-4CD6-8B8D-6C63751CF325','IPHONE 6',NULL,NULL,NULL,NULL,NULL,NULL,'NULL',45,'7ef596b4-ff9d-4e3f-876a-75ab162a2012'),(204,'45911435-C8C0-4BE6-B4ED-6C6BAF1A5A53','CAPSULE CRISS CROSS',NULL,NULL,NULL,NULL,NULL,NULL,'十字绑带',113,'c621a1a1-1395-440d-a0af-1c23a7d38b89'),(205,'81557453-4805-41E3-A5F3-6CBBC2FB9E6C','AUBERT',NULL,NULL,NULL,NULL,NULL,NULL,'男',150,'aa018146-5873-47f5-aad3-e109628e3d3f'),(206,'2CA50C5B-2624-49A6-8B8D-6CD498B1074B','ARTHON',NULL,NULL,NULL,NULL,NULL,NULL,'NULL',150,'aa018146-5873-47f5-aad3-e109628e3d3f'),(207,'362AD3A7-16D1-40DD-BA2B-6D3D024EA5EE','ITALIAN BREAKFAST',NULL,NULL,NULL,NULL,NULL,NULL,'NULL',45,'7ef596b4-ff9d-4e3f-876a-75ab162a2012'),(208,'71C7F045-AC61-444C-89A7-6D5735CB4E55','CAMERON',NULL,NULL,NULL,NULL,NULL,NULL,'NULL',45,'7ef596b4-ff9d-4e3f-876a-75ab162a2012'),(209,'52F64575-2485-49EF-98C2-6D614C2C3010','QUINN',NULL,NULL,NULL,NULL,NULL,NULL,'NULL',147,'70d1fdab-c82f-49fd-86be-4d9a391afddf'),(210,'701F50C8-FE12-4793-91BA-6DB34A2AD285','LODGE JACKET FF',NULL,NULL,NULL,NULL,NULL,NULL,'NULL',36,'f2dd445d-fe9c-49de-8423-aff3d50d9bbb'),(211,'7BAC5F58-5818-4A7A-9F82-6E487189EDBD','ALBERIC',NULL,NULL,NULL,NULL,NULL,NULL,'NULL',150,'aa018146-5873-47f5-aad3-e109628e3d3f'),(212,'BA767FCA-B686-48D2-94CD-6E660E1ADCED','FLIRTING',NULL,NULL,NULL,NULL,NULL,NULL,'NULL',45,'7ef596b4-ff9d-4e3f-876a-75ab162a2012'),(213,'D9C86015-6C1A-4C6B-BEF2-6E91CFA590B4','RELAXED',NULL,NULL,NULL,NULL,NULL,NULL,'TUNDRA BIB OVERALL',36,'f2dd445d-fe9c-49de-8423-aff3d50d9bbb'),(214,'C6312508-F611-4076-93B4-6FD880509659','CALLAGHAN',NULL,NULL,NULL,NULL,NULL,NULL,'NULL',36,'f2dd445d-fe9c-49de-8423-aff3d50d9bbb'),(215,'17085D3B-127B-4F1E-BE08-71E1B9A8DED7','KEY CHARMS ',NULL,NULL,NULL,NULL,NULL,NULL,'NULL',147,'70d1fdab-c82f-49fd-86be-4d9a391afddf'),(216,'7B234CE1-7556-4019-B731-71F284D318D4','FREESTYLE CREW VEST',NULL,NULL,NULL,NULL,NULL,NULL,'NULL',36,'f2dd445d-fe9c-49de-8423-aff3d50d9bbb'),(217,'CF1C881A-790C-4599-875C-721791F63DE5','GELINOTTE',NULL,NULL,NULL,NULL,NULL,NULL,'NULL',150,'aa018146-5873-47f5-aad3-e109628e3d3f'),(218,'AF39FDBF-ABEC-47A4-9993-729874933478','CHILLIWACK BOMBER PBI',NULL,NULL,NULL,NULL,NULL,NULL,'NULL',36,'f2dd445d-fe9c-49de-8423-aff3d50d9bbb'),(219,'AFDC4983-2F03-456E-9DF5-7404C7E10756','SLIM',NULL,NULL,NULL,NULL,NULL,NULL,'BRACEBRIDGE JACKET BLACK LABLE',36,'f2dd445d-fe9c-49de-8423-aff3d50d9bbb'),(220,'AAF2F99F-DEAC-48B3-9692-74284D002B95','NILE',NULL,NULL,NULL,NULL,NULL,NULL,'NULL',47,'e2de1cd3-f4ec-4db2-9b96-267fe8efc9bd'),(221,'739F007D-DB64-475E-9299-744E0ABEEDC4','CITADEL',NULL,NULL,NULL,NULL,NULL,NULL,'NULL',36,'f2dd445d-fe9c-49de-8423-aff3d50d9bbb'),(222,'27D1FF5C-BB3C-499A-B1E1-74E76570C35A','VICTORINE',NULL,NULL,NULL,NULL,NULL,NULL,'NULL',130,'1b75cd4d-2e26-4774-8a1a-d61563319b2a'),(223,'A25BD697-D59E-4BBD-81D6-7503704658E7','SLIM',NULL,NULL,NULL,NULL,NULL,NULL,'BEECHWOOD PARKA',36,'f2dd445d-fe9c-49de-8423-aff3d50d9bbb'),(224,'8E592AF2-27BF-4FB4-BC6F-75B6EA4D76E0','GATE SMALL',NULL,NULL,NULL,NULL,NULL,NULL,'NULL',126,'6826ae77-eb70-44d4-afda-0ecece5af202'),(225,'1D49119D-A62C-460E-9BAC-75D37646E742','GATE MINI',NULL,NULL,NULL,NULL,NULL,NULL,'NULL',126,'6826ae77-eb70-44d4-afda-0ecece5af202'),(226,'B207A71D-EFBD-4DBA-8C3F-7741B5274832','BRANDED',NULL,NULL,NULL,NULL,NULL,NULL,'NULL',126,'6826ae77-eb70-44d4-afda-0ecece5af202'),(227,'6E13C797-BBFB-4F2B-911F-778D01B78EDD','BARCELONA',NULL,NULL,NULL,NULL,NULL,NULL,'NULL',126,'6826ae77-eb70-44d4-afda-0ecece5af202'),(228,'B809573B-7547-4586-BD71-793B21A5205C','CONV TOTE',NULL,NULL,NULL,NULL,NULL,NULL,'NULL',147,'70d1fdab-c82f-49fd-86be-4d9a391afddf'),(229,'62E2DD17-9E8C-4B72-B6F5-79AB2527F88C','RELAXED',NULL,NULL,NULL,NULL,NULL,NULL,'EXPEDITION PARKA FUSION FIT',36,'f2dd445d-fe9c-49de-8423-aff3d50d9bbb'),(230,'E6D14D9B-364D-46EF-86DF-79E20EC8B620','VARA FAMILY',NULL,NULL,NULL,NULL,NULL,NULL,'NULL',197,'c16cf8d5-4cfe-44f2-b435-610bae35704a'),(231,'08ECF111-A445-4888-8159-7A4DA3129D22','SLIM',NULL,NULL,NULL,NULL,NULL,NULL,'SHELBURNE PARKA',36,'f2dd445d-fe9c-49de-8423-aff3d50d9bbb'),(232,'64CF4960-2F33-45E0-AA78-7AB531DCC0F6','MACCULLOCH',NULL,NULL,NULL,NULL,NULL,NULL,'NULL',36,'f2dd445d-fe9c-49de-8423-aff3d50d9bbb'),(233,'3107B652-F3DA-4933-AE14-7AF103D07F95','POCHETTE JOUR',NULL,NULL,NULL,NULL,NULL,NULL,'NULL',130,'1b75cd4d-2e26-4774-8a1a-d61563319b2a'),(234,'6662340D-4E5F-44F3-84A2-7B806885E967','EXPEDITION',NULL,NULL,NULL,NULL,NULL,NULL,'NULL',36,'f2dd445d-fe9c-49de-8423-aff3d50d9bbb'),(235,'164600CE-085A-4E9D-B87F-7BD02DA2F2E9','APHRI',NULL,NULL,NULL,NULL,NULL,NULL,'女款',149,'6bdd7a18-0ebe-4620-ba7b-f7a00f6d3dcc'),(236,'86E114E4-7A89-4A18-B4A8-7C0ADDE44878','DREW',NULL,NULL,NULL,NULL,NULL,NULL,'小猪包',47,'e2de1cd3-f4ec-4db2-9b96-267fe8efc9bd'),(237,'F78E1937-7414-4E18-A487-7D5CBBD0F015','REPEAT',NULL,NULL,NULL,NULL,NULL,NULL,'NULL',126,'6826ae77-eb70-44d4-afda-0ecece5af202'),(238,'EB01A3DB-BAAA-4C3E-904D-7DAAD27579B3','MONOGRAM CONFIDENTIAL',NULL,NULL,NULL,NULL,NULL,NULL,'NULL',130,'1b75cd4d-2e26-4774-8a1a-d61563319b2a'),(239,'F5500D44-76EB-4D04-8640-7EE13A29CDA1','CORE',NULL,NULL,NULL,NULL,NULL,NULL,'核心款',119,'618c8606-3c5b-4e69-a215-9f12cadad28a'),(240,'B074FC06-048B-4A06-A973-7EE7FE999A4F','MAGLIA',NULL,NULL,NULL,NULL,NULL,NULL,'NULL',150,'aa018146-5873-47f5-aad3-e109628e3d3f'),(241,'AEFE4AC2-A672-40B6-AD8B-7F38B84B9AC9','REGULAR',NULL,NULL,NULL,NULL,NULL,NULL,'PBI CHILLIWACK BOMBER',36,'f2dd445d-fe9c-49de-8423-aff3d50d9bbb'),(242,'3BD31DA7-40D5-468B-BED1-803A8172483B','ADORNE',NULL,NULL,NULL,NULL,NULL,NULL,'女',150,'aa018146-5873-47f5-aad3-e109628e3d3f'),(243,'9321C3F5-D8F1-447A-9721-828D41C20999','CAMP HOODED JACKET FF',NULL,NULL,NULL,NULL,NULL,NULL,'NULL',36,'f2dd445d-fe9c-49de-8423-aff3d50d9bbb'),(244,'A003DC8F-299B-43E1-90A5-834186515926','SLIM',NULL,NULL,NULL,NULL,NULL,NULL,'LODGE DOWN JACKET',36,'f2dd445d-fe9c-49de-8423-aff3d50d9bbb'),(245,'CF9233AB-8E4F-45FF-A409-834E1D4D1872','SLIM',NULL,NULL,NULL,NULL,NULL,NULL,'ROSSCLAIR PARKA',36,'f2dd445d-fe9c-49de-8423-aff3d50d9bbb'),(246,'4C86605B-F592-4BEC-992A-83E49152C4B7','SLIM',NULL,NULL,NULL,NULL,NULL,NULL,'MOUNTAINEER JACKET',36,'f2dd445d-fe9c-49de-8423-aff3d50d9bbb'),(247,'91CD868E-BB90-4692-B3A6-8482BEC94184','SLIM',NULL,NULL,NULL,NULL,NULL,NULL,'WINDERMERE COAT BLACK LABLE',36,'f2dd445d-fe9c-49de-8423-aff3d50d9bbb'),(248,'B2DD2017-95A9-49D2-9A37-849D74475ACA','MAGLIA TIRICOT G',NULL,NULL,NULL,NULL,NULL,NULL,'男',150,'aa018146-5873-47f5-aad3-e109628e3d3f'),(249,'A21C242E-D8FD-448E-BAE8-854AB66F68D4','RELAXED',NULL,NULL,NULL,NULL,NULL,NULL,'DAWSON PARKA',36,'f2dd445d-fe9c-49de-8423-aff3d50d9bbb'),(250,'0865B475-E6AB-43D4-BE12-85871A8BB675','T MINI BAG',NULL,NULL,NULL,NULL,NULL,NULL,'NULL',126,'6826ae77-eb70-44d4-afda-0ecece5af202'),(251,'402BA141-C324-4371-A940-8587B97DB15E','SLIM',NULL,NULL,NULL,NULL,NULL,NULL,'LORETTE PARKA BLACK LABLE',36,'f2dd445d-fe9c-49de-8423-aff3d50d9bbb'),(252,'291D0759-FB90-48CF-A10E-861ABD31E78F','LORETTE PARKA FF',NULL,NULL,NULL,NULL,NULL,NULL,'NULL',36,'f2dd445d-fe9c-49de-8423-aff3d50d9bbb'),(253,'2F74AAD8-C127-4C8D-BCE4-866ABE52A439','ANAGRAM',NULL,NULL,NULL,NULL,NULL,NULL,'NULL',126,'6826ae77-eb70-44d4-afda-0ecece5af202'),(254,'A48EE796-0D55-4153-8AD1-8698471B959F','SLIM',NULL,NULL,NULL,NULL,NULL,NULL,'WYNDHAM PARKA',36,'f2dd445d-fe9c-49de-8423-aff3d50d9bbb'),(255,'9448CFAB-9E3F-4695-B26D-8706491598CA','LODGE HOODY PBI',NULL,NULL,NULL,NULL,NULL,NULL,'NULL',36,'f2dd445d-fe9c-49de-8423-aff3d50d9bbb'),(256,'E77DAE60-FC58-4C8B-975A-87AFC0A26D7C','HORSEFERRY',NULL,NULL,NULL,NULL,NULL,NULL,'NULL',32,'10402a02-7b42-43a3-9693-d189af95ff7b'),(257,'6842BC41-67F9-4353-A0B1-887AB483DD87','SOFT HORSE FULL GRAIN',NULL,NULL,NULL,NULL,NULL,NULL,'马皮',96,'de6432a2-a321-4733-b17d-6c9f063da176'),(258,'EF496669-23BF-40EB-9D87-89545D5F7B9B','ESPADRILLAS',NULL,NULL,NULL,NULL,NULL,NULL,'NULL',45,'7ef596b4-ff9d-4e3f-876a-75ab162a2012'),(259,'7D10AC98-5AFA-476F-A000-8A495222EA57','PHD BLCKPACK',NULL,NULL,NULL,NULL,NULL,NULL,'大号',34,'4799fe6b-b142-42bc-bbec-4d267a96bc24'),(260,'BB6148D6-15E5-45E5-BB75-8C02A0986361','REN',NULL,NULL,NULL,NULL,NULL,NULL,'NULL',221,'bab4af2f-118a-4d19-aa28-916ba06ed5a1'),(261,'83656B40-A6B6-4996-818F-8D50E41FC375','K2',NULL,NULL,NULL,NULL,NULL,NULL,'NULL',150,'aa018146-5873-47f5-aad3-e109628e3d3f'),(262,'0756C065-BC13-4ED3-9FAA-8DB89B3FF7FE','JERSEY',NULL,NULL,NULL,NULL,NULL,NULL,'卫衣T恤',119,'618c8606-3c5b-4e69-a215-9f12cadad28a'),(263,'034D801E-5A59-456E-91C2-8E10D3C68EC0','YOUTH BRITTANIA PARKA',NULL,NULL,NULL,NULL,NULL,NULL,'NULL',37,'2d873ca9-7a5e-467b-b7a5-d2bb8bc44cd8'),(264,'7F555B58-9367-4C6C-9352-8EAABF530A72','JASMINUM',NULL,NULL,NULL,NULL,NULL,NULL,'女款',149,'6bdd7a18-0ebe-4620-ba7b-f7a00f6d3dcc'),(265,'FC34C8E4-2344-4FB2-915F-8EFA985BE6ED','GOYA',NULL,NULL,NULL,NULL,NULL,NULL,'NULL',126,'6826ae77-eb70-44d4-afda-0ecece5af202'),(266,'CA582337-9027-4A13-8576-8F61DF0F44AD','SLIM',NULL,NULL,NULL,NULL,NULL,NULL,'HYBRIDGE LITE COAT',36,'f2dd445d-fe9c-49de-8423-aff3d50d9bbb'),(267,'4AD696B3-F056-4395-B5F0-90CD5251F8BB','CHILLIWACK',NULL,NULL,NULL,NULL,NULL,NULL,'NULL',36,'f2dd445d-fe9c-49de-8423-aff3d50d9bbb'),(268,'9C9416B1-D44B-471D-A189-9100DEC29A68','WRONG PICTURE',NULL,NULL,NULL,NULL,NULL,NULL,'NULL',81,'d3196eb6-e526-4a9b-9b7e-fc5e8911974a'),(269,'0AB04066-1A18-404C-88B7-913249D769DC','SLIM',NULL,NULL,NULL,NULL,NULL,NULL,'BROOKVALE HOODED COAT BLACK LABLE',36,'f2dd445d-fe9c-49de-8423-aff3d50d9bbb'),(270,'CC6EA9EE-21DB-4B68-8F6E-9171F293EFEF','SLIM',NULL,NULL,NULL,NULL,NULL,NULL,'MAITLAND PARKA',36,'f2dd445d-fe9c-49de-8423-aff3d50d9bbb'),(271,'4F2DCE73-3A83-4132-9DDA-91A22948463E','REGULAR',NULL,NULL,NULL,NULL,NULL,NULL,'RUNDLE BOMBER',36,'f2dd445d-fe9c-49de-8423-aff3d50d9bbb'),(272,'23143176-AAE2-425E-99AC-91C92E43E567','REGULAR',NULL,NULL,NULL,NULL,NULL,NULL,'TRILLIUM PARKA FUSION FIT',36,'f2dd445d-fe9c-49de-8423-aff3d50d9bbb'),(273,'E6998C54-C7C0-4DA6-BAA8-928AAE5FAB77','BADY',NULL,NULL,NULL,NULL,NULL,NULL,'女款',149,'6bdd7a18-0ebe-4620-ba7b-f7a00f6d3dcc'),(274,'2BC10586-F6B6-4962-BACD-9290E84B252D','ROSSCLAIR PARKA FF',NULL,NULL,NULL,NULL,NULL,NULL,'NULL',36,'f2dd445d-fe9c-49de-8423-aff3d50d9bbb'),(275,'13A6ACC9-271C-4316-ADD1-92F201DC902E','123',NULL,NULL,NULL,NULL,NULL,NULL,'NULL',143,'6932eb88-617a-4135-b2ed-17cf3f560175'),(276,'A6AF4BB0-E4BC-4B08-BF36-938E11A7D5DE','SLIM',NULL,NULL,NULL,NULL,NULL,NULL,'HYBRIDGE LITE JACKET BLACK LABLE',36,'f2dd445d-fe9c-49de-8423-aff3d50d9bbb'),(277,'35B6914C-4648-46A8-89C9-9552B85F3EC5','APHROTITI',NULL,NULL,NULL,NULL,NULL,NULL,'女款',149,'6bdd7a18-0ebe-4620-ba7b-f7a00f6d3dcc'),(278,'FA79CDCF-BF3D-47E2-85FC-9553BF597A03','SALIX',NULL,NULL,NULL,NULL,NULL,NULL,'女款',149,'6bdd7a18-0ebe-4620-ba7b-f7a00f6d3dcc'),(279,'CB8CD3FC-D140-4E3E-B981-95B2F7F026E6','SLIM',NULL,NULL,NULL,NULL,NULL,NULL,'BROOKVALE JACKET BLACK LABLE',36,'f2dd445d-fe9c-49de-8423-aff3d50d9bbb'),(280,'52276B3F-17E4-4A88-A25A-97F1DE111653','NETTARE PANT',NULL,NULL,NULL,NULL,NULL,NULL,'NULL',141,'bf566f25-ef92-4453-b10b-6d2394cdeca2'),(281,'EBEB622A-DF27-4535-ADFD-9A453B48C195','SLIM',NULL,NULL,NULL,NULL,NULL,NULL,'CANNINGTON PARKA BLACK LABLE',36,'f2dd445d-fe9c-49de-8423-aff3d50d9bbb'),(282,'3361D56D-27FC-46F8-A326-9AD0B6B3E444','LONDON',NULL,NULL,NULL,NULL,NULL,NULL,'NULL',32,'10402a02-7b42-43a3-9693-d189af95ff7b'),(283,'C3ECE614-47BC-4CFD-9061-9B1830046393','VARA 1',NULL,NULL,NULL,NULL,NULL,NULL,'NULL',197,'c16cf8d5-4cfe-44f2-b435-610bae35704a'),(284,'3D56E337-7700-456E-81AD-9B754BAAB2A0','CHATEAU',NULL,NULL,NULL,NULL,NULL,NULL,'NULL',36,'f2dd445d-fe9c-49de-8423-aff3d50d9bbb'),(285,'05A40936-0BF4-4E41-9D49-9C1DE8861409','SLIM',NULL,NULL,NULL,NULL,NULL,NULL,'CHETEAU PARKA BLACK LABLE',36,'f2dd445d-fe9c-49de-8423-aff3d50d9bbb'),(286,'D6EF01B2-27B1-4E66-A8CF-9E38EF05308D','SLIM',NULL,NULL,NULL,NULL,NULL,NULL,'LODGE DOWN VEST',36,'f2dd445d-fe9c-49de-8423-aff3d50d9bbb'),(287,'B5C8973C-4E87-4807-A604-9FDFE344B151','GATE',NULL,NULL,NULL,NULL,NULL,NULL,'NULL',126,'6826ae77-eb70-44d4-afda-0ecece5af202'),(288,'0C3732DD-A0B7-4F38-A91F-A01F6018B976','FUR FRINGE',NULL,NULL,NULL,NULL,NULL,NULL,'毛穗',113,'c621a1a1-1395-440d-a0af-1c23a7d38b89'),(289,'71FCD6D3-C316-4485-B3D5-A0CC290E0DA6','SPLENDEUR',NULL,NULL,NULL,NULL,NULL,NULL,'女',150,'aa018146-5873-47f5-aad3-e109628e3d3f'),(290,'C5438001-2821-48B8-B55D-A0CFB1D09B02','SLIM',NULL,NULL,NULL,NULL,NULL,NULL,'WOOLFORD JACKET',36,'f2dd445d-fe9c-49de-8423-aff3d50d9bbb'),(291,'79E72DBD-650B-4994-9372-A116E56A25AD','FAUCON',NULL,NULL,NULL,NULL,NULL,NULL,'女款',149,'6bdd7a18-0ebe-4620-ba7b-f7a00f6d3dcc'),(292,'63E04F47-8D7E-4F63-989F-A11B60CA20BB','SLIM',NULL,NULL,NULL,NULL,NULL,NULL,'BANFF PARKA',36,'f2dd445d-fe9c-49de-8423-aff3d50d9bbb'),(293,'C4F512A4-9494-47CE-936B-A14414D864A2','OTHER',NULL,NULL,NULL,NULL,NULL,NULL,'其他',119,'618c8606-3c5b-4e69-a215-9f12cadad28a'),(294,'B8A818A4-3FA2-4FD2-A593-A1EC7AE4C723','TORCYN',NULL,NULL,NULL,NULL,NULL,NULL,'女款',149,'6bdd7a18-0ebe-4620-ba7b-f7a00f6d3dcc'),(295,'B5925ECD-129F-4086-A7FE-A248DD46EA96','SLIM',NULL,NULL,NULL,NULL,NULL,NULL,'PBI LODGE HOODY',36,'f2dd445d-fe9c-49de-8423-aff3d50d9bbb'),(296,'83161317-8D95-4BE7-8CEB-A559E14B737A','SLIM',NULL,NULL,NULL,NULL,NULL,NULL,'ALDERWOOD SHELL',36,'f2dd445d-fe9c-49de-8423-aff3d50d9bbb'),(297,'9B81C902-E613-416F-AF05-A579ED3B2534','RESOLUTE ',NULL,NULL,NULL,NULL,NULL,NULL,'NULL',36,'f2dd445d-fe9c-49de-8423-aff3d50d9bbb'),(298,'FCF80EFF-4FE4-4448-9633-A5B6AE5D5CB9','SLIM',NULL,NULL,NULL,NULL,NULL,NULL,'BRUNSWICK ANORAK SHELL',36,'f2dd445d-fe9c-49de-8423-aff3d50d9bbb'),(299,'423D9479-4EEB-48F0-BB84-A6DAFC0550B2','SLIM',NULL,NULL,NULL,NULL,NULL,NULL,'HYBRIDGE SUTTON PARKA',36,'f2dd445d-fe9c-49de-8423-aff3d50d9bbb'),(300,'E90248DB-2192-4B5C-9A35-A7389A8DEAF4','MAGLIA POLO MAN',NULL,NULL,NULL,NULL,NULL,NULL,'男',150,'aa018146-5873-47f5-aad3-e109628e3d3f'),(301,'F224C936-F213-47B8-85F6-A7464903D7F3','SLIM',NULL,NULL,NULL,NULL,NULL,NULL,'CITADEL PARKA',36,'f2dd445d-fe9c-49de-8423-aff3d50d9bbb'),(302,'FFA8C3C0-6C3B-4211-B45A-A76A5C714676','DANAE',NULL,NULL,NULL,NULL,NULL,NULL,'女款',149,'6bdd7a18-0ebe-4620-ba7b-f7a00f6d3dcc'),(303,'F26773B6-DAA9-47FF-8BF1-A858DCDA7C40','BADY',NULL,NULL,NULL,NULL,NULL,NULL,'女',150,'aa018146-5873-47f5-aad3-e109628e3d3f'),(304,'96CCAB4A-55D2-4FB8-8BD2-A980E39232DB','RIDEAU',NULL,NULL,NULL,NULL,NULL,NULL,'NULL',36,'f2dd445d-fe9c-49de-8423-aff3d50d9bbb'),(305,'EDE13DFB-17BC-41DB-B31F-A9FDD53C6C45','GASTON',NULL,NULL,NULL,NULL,NULL,NULL,'男',150,'aa018146-5873-47f5-aad3-e109628e3d3f'),(306,'1B29116C-15AD-418E-9E73-AA4941F5F74C','RELAXED',NULL,NULL,NULL,NULL,NULL,NULL,'SNOW MANTRA PARKA',36,'f2dd445d-fe9c-49de-8423-aff3d50d9bbb'),(307,'FE23A286-466B-41B7-B6F9-AA7108AC22A2','REGULAR',NULL,NULL,NULL,NULL,NULL,NULL,'LYNX PARKA',36,'f2dd445d-fe9c-49de-8423-aff3d50d9bbb'),(308,'8B792A8A-A8A8-4D94-A6F0-AB31A8A24D8C','MOKA',NULL,NULL,NULL,NULL,NULL,NULL,'女款',149,'6bdd7a18-0ebe-4620-ba7b-f7a00f6d3dcc'),(309,'87622B98-E640-45A2-83C6-ABA10CCFCE8C','KINLEY',NULL,NULL,NULL,NULL,NULL,NULL,'NULL',36,'f2dd445d-fe9c-49de-8423-aff3d50d9bbb'),(310,'3C000C05-64CA-47E1-8363-ABBB8D38AA5D','BEECHWOOD',NULL,NULL,NULL,NULL,NULL,NULL,'NULL',36,'f2dd445d-fe9c-49de-8423-aff3d50d9bbb'),(311,'A40A4F3D-48E1-474A-B43E-AEBD77DE16B5','CAPSULE NY - LA',NULL,NULL,NULL,NULL,NULL,NULL,'字母',113,'c621a1a1-1395-440d-a0af-1c23a7d38b89'),(312,'2250EF99-72DA-4466-A007-AEC0C50290EA','BUTOR',NULL,NULL,NULL,NULL,NULL,NULL,'NULL',150,'aa018146-5873-47f5-aad3-e109628e3d3f'),(313,'6CAB3D44-1291-4786-AEF4-B03E69D8CB06','LILIA',NULL,NULL,NULL,NULL,NULL,NULL,'NULL',141,'bf566f25-ef92-4453-b10b-6d2394cdeca2'),(314,'A63C0AB7-68FF-4382-AFC1-B06C9846AE51','MYSTIQUE',NULL,NULL,NULL,NULL,NULL,NULL,'NULL',36,'f2dd445d-fe9c-49de-8423-aff3d50d9bbb'),(315,'EC854E31-FC9B-4259-AB85-B0E42511D5F2','SHELBURNE PARKA',NULL,NULL,NULL,NULL,NULL,NULL,'NULL',36,'f2dd445d-fe9c-49de-8423-aff3d50d9bbb'),(316,'4A4D0EA5-0E76-4C15-B360-B141F579E233','SLIM',NULL,NULL,NULL,NULL,NULL,NULL,'CHELSEA PARKA BLACK LABLE',36,'f2dd445d-fe9c-49de-8423-aff3d50d9bbb'),(317,'48743B28-B10F-4F23-90CB-B144DE9D07F9','NEW AUBERT',NULL,NULL,NULL,NULL,NULL,NULL,'NULL',150,'aa018146-5873-47f5-aad3-e109628e3d3f'),(318,'721D54DD-504D-4BB9-BAA9-B167A4CA9C4F','MYSTIQUE PARKA FF',NULL,NULL,NULL,NULL,NULL,NULL,'NULL',36,'f2dd445d-fe9c-49de-8423-aff3d50d9bbb'),(319,'4255B9F7-4FCE-48E8-8A32-B1D78C8FBBE9','STAMP',NULL,NULL,NULL,NULL,NULL,NULL,'NULL',126,'6826ae77-eb70-44d4-afda-0ecece5af202'),(320,'CF8A5972-B230-4A9F-8765-B1EC51B539A7','PERLEY',NULL,NULL,NULL,NULL,NULL,NULL,'NULL',36,'f2dd445d-fe9c-49de-8423-aff3d50d9bbb'),(321,'C2D5E6E8-5CB0-433F-BBD5-B2A545E789D1','MACMILLAN PARKA FF',NULL,NULL,NULL,NULL,NULL,NULL,'NULL',36,'f2dd445d-fe9c-49de-8423-aff3d50d9bbb'),(322,'1C0871AA-7E83-41BC-8A1A-B2B6DECAB421','VICTORIA',NULL,NULL,NULL,NULL,NULL,NULL,'NULL',36,'f2dd445d-fe9c-49de-8423-aff3d50d9bbb'),(323,'71D9E53F-B205-4736-858B-B41E3B6C25AB','LANGFORD',NULL,NULL,NULL,NULL,NULL,NULL,'NULL',36,'f2dd445d-fe9c-49de-8423-aff3d50d9bbb'),(324,'E147D328-A692-4DC1-943B-B4913EED545C','AKEBIA',NULL,NULL,NULL,NULL,NULL,NULL,'女款',149,'6bdd7a18-0ebe-4620-ba7b-f7a00f6d3dcc'),(325,'1EFF59F8-7930-4D7A-AB57-B4E87EDB7D22','TESS',NULL,NULL,NULL,NULL,NULL,NULL,'NULL',47,'e2de1cd3-f4ec-4db2-9b96-267fe8efc9bd'),(326,'DAFE3BD8-0206-40A8-BDEC-B6870E19692A','ABITO',NULL,NULL,NULL,NULL,NULL,NULL,'NULL',150,'aa018146-5873-47f5-aad3-e109628e3d3f'),(327,'812B7627-DEE9-4694-9C34-B6966DAD533D','BERRETTO',NULL,NULL,NULL,NULL,NULL,NULL,'NULL',150,'aa018146-5873-47f5-aad3-e109628e3d3f'),(328,'E3472994-71AF-4256-BDC1-B6BB5129074E','CAPSULE SMILE',NULL,NULL,NULL,NULL,NULL,NULL,'笑脸',113,'c621a1a1-1395-440d-a0af-1c23a7d38b89'),(329,'AAC393FC-8ACD-4C92-8975-B70DD1C1C096','SLIM',NULL,NULL,NULL,NULL,NULL,NULL,'BROOKVALE HOODY',36,'f2dd445d-fe9c-49de-8423-aff3d50d9bbb'),(330,'48898800-5CAC-4CDA-B414-B7260F40D86F','BLOIS',NULL,NULL,NULL,NULL,NULL,NULL,'NULL',150,'aa018146-5873-47f5-aad3-e109628e3d3f'),(331,'B5940860-8757-4C08-B1F3-B7A9FDB69349','123',NULL,NULL,NULL,NULL,NULL,NULL,'NULL',143,'6932eb88-617a-4135-b2ed-17cf3f560175'),(332,'C30369FD-34EF-4783-B5EC-BB99EEAED2A7','100MM ALTA',NULL,NULL,NULL,NULL,NULL,NULL,'100MM内增高',34,'4799fe6b-b142-42bc-bbec-4d267a96bc24'),(333,'92E1779C-B9BE-4831-A277-BCA8B2034856','GUITAR STRAPS',NULL,NULL,NULL,NULL,NULL,NULL,'NULL',147,'70d1fdab-c82f-49fd-86be-4d9a391afddf'),(334,'F2F2D576-D23E-4960-B247-BCC37E9893C6','CINDY',NULL,NULL,NULL,NULL,NULL,NULL,'NULL',147,'70d1fdab-c82f-49fd-86be-4d9a391afddf'),(335,'02E43931-C863-4C78-96E4-BDC061A04032','CAMP HOODY',NULL,NULL,NULL,NULL,NULL,NULL,'NULL',36,'f2dd445d-fe9c-49de-8423-aff3d50d9bbb'),(336,'FB8CDD95-4DED-4A86-BE8E-BDD2145D41CE','REGULAR',NULL,NULL,NULL,NULL,NULL,NULL,'PBI BOBCAT HOODY',36,'f2dd445d-fe9c-49de-8423-aff3d50d9bbb'),(337,'1431F6A2-2EEA-444C-80FF-BE2D223E9647','MONSTERS',NULL,NULL,NULL,NULL,NULL,NULL,'NULL',45,'7ef596b4-ff9d-4e3f-876a-75ab162a2012'),(338,'CD968603-35F2-42BD-A837-BE447FD0837E','CAMUSTARS',NULL,NULL,NULL,NULL,NULL,NULL,'NULL',212,'8e93d3a6-a43f-4972-88af-3c1b615e6b85'),(339,'A58B517E-668F-439D-8CFC-BE8E90370BF7','SLIM',NULL,NULL,NULL,NULL,NULL,NULL,'NULL',36,'f2dd445d-fe9c-49de-8423-aff3d50d9bbb'),(340,'52CF8469-13F7-43E5-83E9-BEF7F8E2061A','5050',NULL,NULL,NULL,NULL,NULL,NULL,'NULL',204,'587537be-40f0-4a11-87c6-a30eb4ea9d6c'),(341,'DCB4CA22-61B2-47DF-91DE-C23E5A7CA26E','MAYA',NULL,NULL,NULL,NULL,NULL,NULL,'男',150,'aa018146-5873-47f5-aad3-e109628e3d3f'),(342,'1BB9F68F-15DE-456B-9CA0-C2AA8972B7AB','MAYA',NULL,NULL,NULL,NULL,NULL,NULL,'男款',149,'6bdd7a18-0ebe-4620-ba7b-f7a00f6d3dcc'),(343,'21F872E0-415C-4CBF-8B2C-C35D2253916B','B21 NEO',NULL,NULL,NULL,NULL,NULL,NULL,'NULL',63,'c55a1de3-83fd-4802-a5d1-8135dca8a41e'),(344,'DF2DE1EC-FA78-4956-8733-C500B56388F3','DILLON',NULL,NULL,NULL,NULL,NULL,NULL,'NULL',147,'70d1fdab-c82f-49fd-86be-4d9a391afddf'),(345,'A7D0F894-C046-47A2-8506-C5543ED3C64A','SLIM',NULL,NULL,NULL,NULL,NULL,NULL,'BALMORAL PARKA BLACK LABLE',36,'f2dd445d-fe9c-49de-8423-aff3d50d9bbb'),(346,'59F1555C-D326-4FF9-9DAC-C55776383DFA','RELAXED',NULL,NULL,NULL,NULL,NULL,NULL,'NULL',36,'f2dd445d-fe9c-49de-8423-aff3d50d9bbb'),(347,'5BC1BEE4-FF71-4D0F-8ED2-C71FF0E0C67D','INSIGNIA',NULL,NULL,NULL,NULL,NULL,NULL,'NULL',8,'a15f608d-a141-4314-8c5b-9a05b8eb2ea6'),(348,'15BCE760-CC11-4524-A793-C7C293700880','SLIM',NULL,NULL,NULL,NULL,NULL,NULL,'HYBRIDGE SUTTON PARKA',36,'f2dd445d-fe9c-49de-8423-aff3d50d9bbb'),(349,'448AC43E-5D21-4963-B13F-C898CA4B38BD','YOUTH LOGAN PARKA',NULL,NULL,NULL,NULL,NULL,NULL,'NULL',37,'2d873ca9-7a5e-467b-b7a5-d2bb8bc44cd8'),(350,'AA85A421-6BEC-4F4D-BC90-C8D00C91FBB7','RESERVE',NULL,NULL,NULL,NULL,NULL,NULL,'NULL',204,'587537be-40f0-4a11-87c6-a30eb4ea9d6c'),(351,'891A4A5D-CD47-4A64-908B-C9135FA77454','REGULAR',NULL,NULL,NULL,NULL,NULL,NULL,'ARCTIC RIGGER COVERALL',36,'f2dd445d-fe9c-49de-8423-aff3d50d9bbb'),(352,'1AE2FA29-EFB8-446A-81B3-C9BFF1E629C4','SLIM',NULL,NULL,NULL,NULL,NULL,NULL,'HYBRIDGE LITE VEST',36,'f2dd445d-fe9c-49de-8423-aff3d50d9bbb'),(353,'865894CE-75B5-4528-81E7-C9C5FE728097','SLOAN',NULL,NULL,NULL,NULL,NULL,NULL,'NULL',147,'70d1fdab-c82f-49fd-86be-4d9a391afddf'),(354,'7898F52C-EAA2-41C4-B188-CAAE8E88BEE3','GHANY',NULL,NULL,NULL,NULL,NULL,NULL,'女',150,'aa018146-5873-47f5-aad3-e109628e3d3f'),(355,'A9C5B57A-0E31-45CC-A9F2-CB22ED85B249','SUTTON',NULL,NULL,NULL,NULL,NULL,NULL,'NULL',147,'70d1fdab-c82f-49fd-86be-4d9a391afddf'),(356,'9ADD9EA2-0BD2-4AB8-B9AF-CC3C84AFD15F','JADE',NULL,NULL,NULL,NULL,NULL,NULL,'NULL',147,'70d1fdab-c82f-49fd-86be-4d9a391afddf'),(357,'8F70AEFC-52C0-482D-886C-CC98A78C6573','HYBRIDGE LITE HOODY',NULL,NULL,NULL,NULL,NULL,NULL,'NULL',36,'f2dd445d-fe9c-49de-8423-aff3d50d9bbb'),(358,'7A93F6DE-333F-426B-B58A-CCCA469E93E9','CHLOE C',NULL,NULL,NULL,NULL,NULL,NULL,'NULL',47,'e2de1cd3-f4ec-4db2-9b96-267fe8efc9bd'),(359,'6DDD9E12-3A9B-45DF-826A-CD601C2040B4','FLAMENCO  ',NULL,NULL,NULL,NULL,NULL,NULL,'NULL',126,'6826ae77-eb70-44d4-afda-0ecece5af202'),(360,'32B58890-FDE3-48F5-9666-CF8378E49B2C','HOLLY',NULL,NULL,NULL,NULL,NULL,NULL,'NULL',45,'7ef596b4-ff9d-4e3f-876a-75ab162a2012'),(361,'52663FC2-FB23-4A61-9B54-CFB29B1EC931','100MM',NULL,NULL,NULL,NULL,NULL,NULL,'100MM帮高',34,'4799fe6b-b142-42bc-bbec-4d267a96bc24'),(362,'46B4EC27-D78E-4389-9ED9-CFD972165223','SLIM',NULL,NULL,NULL,NULL,NULL,NULL,'SHELBURNE PARKA BLACK LABLE',36,'f2dd445d-fe9c-49de-8423-aff3d50d9bbb'),(363,'0609C2F8-D1E9-48B6-B1A8-D0791C8320BB','SLIM',NULL,NULL,NULL,NULL,NULL,NULL,'NULL',36,'f2dd445d-fe9c-49de-8423-aff3d50d9bbb'),(364,'A860CC6D-EF36-4B4F-AE41-D22112989E30','SLIM',NULL,NULL,NULL,NULL,NULL,NULL,'NULL',36,'f2dd445d-fe9c-49de-8423-aff3d50d9bbb'),(365,'2E58CC2C-AB93-444A-9BA2-D2B1430FC1C2','FAYE',NULL,NULL,NULL,NULL,NULL,NULL,'NULL',47,'e2de1cd3-f4ec-4db2-9b96-267fe8efc9bd'),(366,'1F9413CD-DFDC-48A5-A8A1-D2B5F66AD4B0','ANIMALES',NULL,NULL,NULL,NULL,NULL,NULL,'动物系列',126,'6826ae77-eb70-44d4-afda-0ecece5af202'),(367,'C24BD97D-C7ED-4498-9E2F-D36D8281A72B','CARSON',NULL,NULL,NULL,NULL,NULL,NULL,'NULL',36,'f2dd445d-fe9c-49de-8423-aff3d50d9bbb'),(368,'DEB943AA-12F4-4E57-BBC7-D39354546CCF','HERMINE',NULL,NULL,NULL,NULL,NULL,NULL,'女款 ',149,'6bdd7a18-0ebe-4620-ba7b-f7a00f6d3dcc'),(369,'8475163E-DAF9-4A9E-AB8B-D4A46BD9434D','ELLISON JACKET',NULL,NULL,NULL,NULL,NULL,NULL,'NULL',36,'f2dd445d-fe9c-49de-8423-aff3d50d9bbb'),(370,'73C2283E-FEF1-4948-92C0-D4C35EC470D9','CABRI HOODY',NULL,NULL,NULL,NULL,NULL,NULL,'NULL',36,'f2dd445d-fe9c-49de-8423-aff3d50d9bbb'),(371,'9E432157-A6A9-4702-BE5E-D5219BF1CC79','SHELBURNE',NULL,NULL,NULL,NULL,NULL,NULL,'NULL',36,'f2dd445d-fe9c-49de-8423-aff3d50d9bbb'),(372,'F40DA828-FAA2-4B8A-A8D4-D6C636BA223D','VARA',NULL,NULL,NULL,NULL,NULL,NULL,'NULL',197,'c16cf8d5-4cfe-44f2-b435-610bae35704a'),(373,'6B0F2E2C-DB1E-4696-9710-D9830792B98A','REGULAR',NULL,NULL,NULL,NULL,NULL,NULL,'LAMB SNOWSUIT',36,'f2dd445d-fe9c-49de-8423-aff3d50d9bbb'),(374,'968A32CA-ECB0-4FE6-8A44-DA439CB583AD','SERPENTI FOREVER',NULL,NULL,NULL,NULL,NULL,NULL,'NULL',35,'853020c5-443a-4139-8ebe-f29dec06be21'),(375,'2FDE38ED-1A59-4495-ABA4-DA4FE08720FF','CLAPTON BPACK',NULL,NULL,NULL,NULL,NULL,NULL,'NULL',130,'1b75cd4d-2e26-4774-8a1a-d61563319b2a'),(376,'11E390D3-F1F4-4DFA-9354-DA7B52906A5D','ROCKSTUD',NULL,NULL,NULL,NULL,NULL,NULL,'NULL',212,'8e93d3a6-a43f-4972-88af-3c1b615e6b85'),(377,'5CDDD94A-E764-4376-A18A-DAD824E9DC56','SLIM',NULL,NULL,NULL,NULL,NULL,NULL,'LANGFORD PARKA FUSION FIT',36,'f2dd445d-fe9c-49de-8423-aff3d50d9bbb'),(378,'A26B0292-4B10-49BA-A901-DD0FA89B1F7C','GRENOBLE',NULL,NULL,NULL,NULL,NULL,NULL,'女款',149,'6bdd7a18-0ebe-4620-ba7b-f7a00f6d3dcc'),(379,'16770DEE-680E-4F34-9B48-DD163ABD601D','SLIM',NULL,NULL,NULL,NULL,NULL,NULL,'KENSINGTON PARKA FUSION FIT',36,'f2dd445d-fe9c-49de-8423-aff3d50d9bbb'),(380,'50D8EFE5-677B-4C93-A7D9-DD4237D1A1EF','REGULAR',NULL,NULL,NULL,NULL,NULL,NULL,'NULL',36,'f2dd445d-fe9c-49de-8423-aff3d50d9bbb'),(381,'AE92A926-EA2C-4CD3-826D-DDBE3C939F6F','AZINZA',NULL,NULL,NULL,NULL,NULL,NULL,'女',150,'aa018146-5873-47f5-aad3-e109628e3d3f'),(382,'68C81DB9-E0AF-41BA-9837-DDFB9ADBCCB1','NEW MAYA',NULL,NULL,NULL,NULL,NULL,NULL,'NULL',150,'aa018146-5873-47f5-aad3-e109628e3d3f'),(383,'CC8A67C5-2ACA-4CDF-BF9E-DE5CB62D8987','T-POUCH',NULL,NULL,NULL,NULL,NULL,NULL,'NULL',126,'6826ae77-eb70-44d4-afda-0ecece5af202'),(384,'4B772590-9829-4677-B64A-DEED3B3BE629','SLIM',NULL,NULL,NULL,NULL,NULL,NULL,'HYBRIDGE LITE VEST',36,'f2dd445d-fe9c-49de-8423-aff3d50d9bbb'),(385,'1CB4E9CF-1FB4-4508-87E2-DF091EBB21A9','MACMILLAN',NULL,NULL,NULL,NULL,NULL,NULL,'NULL',36,'f2dd445d-fe9c-49de-8423-aff3d50d9bbb'),(386,'0B714602-4D15-4176-AB31-DF4B31E22EDA','SLIM',NULL,NULL,NULL,NULL,NULL,NULL,'ROSSCLAIR PARKA FUSION FIT',36,'f2dd445d-fe9c-49de-8423-aff3d50d9bbb'),(387,'036492AA-E2DF-447F-95A4-DF540C59ADD2','SUYEN',NULL,NULL,NULL,NULL,NULL,NULL,'NULL',150,'aa018146-5873-47f5-aad3-e109628e3d3f'),(388,'D9E19890-6F7F-4F33-B819-E071D83E4AE6','MOKA',NULL,NULL,NULL,NULL,NULL,NULL,'女',150,'aa018146-5873-47f5-aad3-e109628e3d3f'),(389,'0629C794-AFE5-47EA-A3DA-E0A980EC3844','CHATEAU',NULL,NULL,NULL,NULL,NULL,NULL,'NULL',36,'f2dd445d-fe9c-49de-8423-aff3d50d9bbb'),(390,'2D1E6C50-07A9-4012-AA16-E0E650F941FF','PEMBINA COAT BLACK LABLE',NULL,NULL,NULL,NULL,NULL,NULL,'NULL',36,'f2dd445d-fe9c-49de-8423-aff3d50d9bbb'),(391,'6D6BB4CF-8AE4-4A55-BDCD-E107E0852453','RODEZ',NULL,NULL,NULL,NULL,NULL,NULL,'NULL',150,'aa018146-5873-47f5-aad3-e109628e3d3f'),(392,'E191CC51-CEA1-4222-8D50-E18B3DEA1B04','SLIM',NULL,NULL,NULL,NULL,NULL,NULL,'PRITCHARD COAT BLACK LABLE',36,'f2dd445d-fe9c-49de-8423-aff3d50d9bbb'),(393,'738F20C1-2095-4389-BF1B-E1991D340FF8','ROUBAIX',NULL,NULL,NULL,NULL,NULL,NULL,'婴童',150,'aa018146-5873-47f5-aad3-e109628e3d3f'),(394,'51E65441-60C2-42D7-BD5E-E23B8DAB46D6','ADDA',NULL,NULL,NULL,NULL,NULL,NULL,'NULL',141,'bf566f25-ef92-4453-b10b-6d2394cdeca2'),(395,'692EC8B8-320A-44EB-BEB1-E3114569AC0A','YOUTH RUNDLE BOMBER',NULL,NULL,NULL,NULL,NULL,NULL,'NULL',37,'2d873ca9-7a5e-467b-b7a5-d2bb8bc44cd8'),(396,'E09BE820-555B-4603-A7E3-E3AEFD1C4464','ANETTE',NULL,NULL,NULL,NULL,NULL,NULL,'女',150,'aa018146-5873-47f5-aad3-e109628e3d3f'),(397,'F70029D0-12C7-483B-AC95-E3D3580D7937','TARTAN',NULL,NULL,NULL,NULL,NULL,NULL,'格子',113,'c621a1a1-1395-440d-a0af-1c23a7d38b89'),(398,'DD5536EA-706F-42A5-9610-E429405B4757','SLIM',NULL,NULL,NULL,NULL,NULL,NULL,'NULL',36,'f2dd445d-fe9c-49de-8423-aff3d50d9bbb'),(399,'9100FF48-4E3B-498E-9E44-E4513E20F770','SLIM',NULL,NULL,NULL,NULL,NULL,NULL,'CAMP COAT',36,'f2dd445d-fe9c-49de-8423-aff3d50d9bbb'),(400,'D2ACB3EE-A920-4224-A1EB-E60F3575A8AB','MAYA',NULL,NULL,NULL,NULL,NULL,NULL,'男款',149,'6bdd7a18-0ebe-4620-ba7b-f7a00f6d3dcc'),(401,'75AA2832-82EE-4D92-9FE2-E6901852C4DC','ROGER',NULL,NULL,NULL,NULL,NULL,NULL,'NULL',45,'7ef596b4-ff9d-4e3f-876a-75ab162a2012'),(402,'D0D8D6DF-803D-4DCD-8590-E9249DB6C2C4','SELMA STUD',NULL,NULL,NULL,NULL,NULL,NULL,'NULL',147,'70d1fdab-c82f-49fd-86be-4d9a391afddf'),(403,'F38427E6-7838-41CC-BAA2-EAA1604093A1','BLACK LABEL',NULL,NULL,NULL,NULL,NULL,NULL,'NULL',45,'7ef596b4-ff9d-4e3f-876a-75ab162a2012'),(404,'06848CB0-9E9D-4A33-BC58-EAA9AEDBEF58','NEW MACAIRE',NULL,NULL,NULL,NULL,NULL,NULL,'NULL',150,'aa018146-5873-47f5-aad3-e109628e3d3f'),(405,'A5BC03B3-BC32-4D47-906B-EB4079C8075D','PAGLIACCETTO',NULL,NULL,NULL,NULL,NULL,NULL,'婴童 ',150,'aa018146-5873-47f5-aad3-e109628e3d3f'),(406,'C228D038-1668-462C-818D-EC5B42FEC30D','TEMOE',NULL,NULL,NULL,NULL,NULL,NULL,'NULL',150,'aa018146-5873-47f5-aad3-e109628e3d3f'),(407,'1580B07E-2214-4AF1-8219-ECD59423B2D2','SLIM',NULL,NULL,NULL,NULL,NULL,NULL,'SAVONA BOMBER BLACK LABLE',36,'f2dd445d-fe9c-49de-8423-aff3d50d9bbb'),(408,'62E1E62C-ADA6-476F-A48C-ED9FB1C183D0','SLIM',NULL,NULL,NULL,NULL,NULL,NULL,'HYBRIDGE LITE HOODY',36,'f2dd445d-fe9c-49de-8423-aff3d50d9bbb'),(409,'FCEB9D49-2756-43BE-8729-EE36119FCB7E','SLIM',NULL,NULL,NULL,NULL,NULL,NULL,'WHISTLER PARKA',36,'f2dd445d-fe9c-49de-8423-aff3d50d9bbb'),(410,'B12AA8A1-238E-4D0C-AD95-EEBDB078E58F','BERANGER',NULL,NULL,NULL,NULL,NULL,NULL,'女',150,'aa018146-5873-47f5-aad3-e109628e3d3f'),(411,'AB9C4143-46BF-439E-8312-EF39745991EF','MONIEUX',NULL,NULL,NULL,NULL,NULL,NULL,'NULL',150,'aa018146-5873-47f5-aad3-e109628e3d3f'),(412,'D21E3B9A-1DE4-41C2-9C2A-EF90B5D95464','SLIM',NULL,NULL,NULL,NULL,NULL,NULL,'SAVONA BOMBER',36,'f2dd445d-fe9c-49de-8423-aff3d50d9bbb'),(413,'F251440E-3A9F-4889-B295-F007A2F68091','KENSINGTON',NULL,NULL,NULL,NULL,NULL,NULL,'NULL',36,'f2dd445d-fe9c-49de-8423-aff3d50d9bbb'),(414,'A2C789E6-6045-48EC-8A34-F126AE24A04A','CLAIRETTE',NULL,NULL,NULL,NULL,NULL,NULL,'女款',149,'6bdd7a18-0ebe-4620-ba7b-f7a00f6d3dcc'),(415,'A8A69340-ED00-402E-B963-F24058B3E431','MAKE UP',NULL,NULL,NULL,NULL,NULL,NULL,'NULL',45,'7ef596b4-ff9d-4e3f-876a-75ab162a2012'),(416,'884BBCCF-680A-426D-8668-F2ACBDEE6C3B','REGULAR',NULL,NULL,NULL,NULL,NULL,NULL,'PBI PUP BUNTING',36,'f2dd445d-fe9c-49de-8423-aff3d50d9bbb'),(417,'58E47F96-910B-4D98-AABD-F37DA8D7EA2A','RELAXED',NULL,NULL,NULL,NULL,NULL,NULL,'PBI EXPEDITION PARKA',36,'f2dd445d-fe9c-49de-8423-aff3d50d9bbb'),(418,'675FD4F3-496C-4A96-94D5-F3C4E002C7F0','WOOLFORD',NULL,NULL,NULL,NULL,NULL,NULL,'NULL',36,'f2dd445d-fe9c-49de-8423-aff3d50d9bbb'),(419,'96EC248F-2862-4230-BC05-F45F632C08C1','SATCHEL',NULL,NULL,NULL,NULL,NULL,NULL,'NULL',147,'70d1fdab-c82f-49fd-86be-4d9a391afddf'),(420,'E1F97BB7-6F14-4AEA-8D28-F4DA3FDEF2D7','TAHIATA',NULL,NULL,NULL,NULL,NULL,NULL,'NULL',150,'aa018146-5873-47f5-aad3-e109628e3d3f'),(421,'9FD26F2F-2F12-4A77-A80B-F4E08366A204','丝绒系列',NULL,NULL,NULL,NULL,NULL,NULL,'NULL',175,'47c2fdd8-4521-43c9-a56d-9aafd6f36978'),(422,'6F19FA8F-46ED-46C5-B616-F5943984D655','SLIM',NULL,NULL,NULL,NULL,NULL,NULL,'HEATHERTON PARKA',36,'f2dd445d-fe9c-49de-8423-aff3d50d9bbb'),(423,'A8708820-5238-46D0-A351-F5DE24A529B7','BETULA',NULL,NULL,NULL,NULL,NULL,NULL,'女款',149,'6bdd7a18-0ebe-4620-ba7b-f7a00f6d3dcc'),(424,'3B13CE05-4852-46BB-8961-F604891959AE','LABBRO ',NULL,NULL,NULL,NULL,NULL,NULL,'NULL',141,'bf566f25-ef92-4453-b10b-6d2394cdeca2'),(425,'67E03063-2D94-4AA7-A854-F6DE73E6EBE7','JET SET TRAVEL',NULL,NULL,NULL,NULL,NULL,NULL,'NULL',147,'70d1fdab-c82f-49fd-86be-4d9a391afddf'),(426,'34748AC3-BCF1-47F9-9B6A-F72F2D4ED793','SLIM',NULL,NULL,NULL,NULL,NULL,NULL,'NULL',36,'f2dd445d-fe9c-49de-8423-aff3d50d9bbb'),(427,'CB5A9BEE-4A65-4379-9750-F97F84A1EF94','REGULAR',NULL,NULL,NULL,NULL,NULL,NULL,'TRILLIUM PARKA',36,'f2dd445d-fe9c-49de-8423-aff3d50d9bbb'),(428,'C2256E4C-F557-4C5F-B129-FAB84CBBD008','SLIM',NULL,NULL,NULL,NULL,NULL,NULL,'PRITCHARD COAT',36,'f2dd445d-fe9c-49de-8423-aff3d50d9bbb'),(429,'67E440A8-64C0-48CA-AAC1-FB51FEC36BCD','DELFINA',NULL,NULL,NULL,NULL,NULL,NULL,'NULL',147,'70d1fdab-c82f-49fd-86be-4d9a391afddf'),(430,'0DDADBE6-DD2F-4174-AD67-FB6A9C9CBA39','SACCO PORTA BEBE',NULL,NULL,NULL,NULL,NULL,NULL,'NULL',150,'aa018146-5873-47f5-aad3-e109628e3d3f'),(431,'D7A3B3E0-5035-4365-9B4F-FBE36E345BFC','SLIM',NULL,NULL,NULL,NULL,NULL,NULL,'KENSINGTON PARKA',36,'f2dd445d-fe9c-49de-8423-aff3d50d9bbb'),(432,'65FDEE4D-5DF5-4850-9C5D-FCE0953F4D46','SLIM',NULL,NULL,NULL,NULL,NULL,NULL,'HYBRIDGE PERREN JACKET',36,'f2dd445d-fe9c-49de-8423-aff3d50d9bbb'),(433,'8AF36639-8DAE-4BCE-8202-FD39E97A1793','SWIM',NULL,NULL,NULL,NULL,NULL,NULL,'NULL',165,'c4edde3b-5823-4a38-ae86-1d04f0d3cb52'),(434,'99503D2A-8A1D-4E63-978A-FD4B573B0F25','AVA',NULL,NULL,NULL,NULL,NULL,NULL,'NULL',147,'70d1fdab-c82f-49fd-86be-4d9a391afddf'),(435,'7013C1AD-3F77-4306-B90A-FD5C9C3AD432','REGULAR',NULL,NULL,NULL,NULL,NULL,NULL,'CHILLIWACK BOMBER',36,'f2dd445d-fe9c-49de-8423-aff3d50d9bbb'),(436,'B6DCEF3E-8442-46E3-9FB2-FDB9B4E3560F','PALAZZO',NULL,NULL,NULL,NULL,NULL,NULL,'NULL',215,'1df0e53d-d122-49fe-bb2f-447e99bd94da'),(437,'45ECBF71-89A8-4D20-86FC-FE843DC1C516','QASA',NULL,NULL,NULL,NULL,NULL,NULL,'武士系列',221,'bab4af2f-118a-4d19-aa28-916ba06ed5a1');

/*Table structure for table `temp_tb_series2` */

DROP TABLE IF EXISTS `temp_tb_series2`;

CREATE TABLE `temp_tb_series2` (
  `id` int(10) unsigned NOT NULL AUTO_INCREMENT COMMENT '主键id',
  `seriesid` int(10) unsigned DEFAULT NULL COMMENT '系列主键ID',
  `oldseriesid` varchar(36) DEFAULT NULL COMMENT '老数据表系列主键id',
  `name_cn` varchar(100) DEFAULT NULL COMMENT '中文名称',
  `name_en` varchar(100) DEFAULT NULL COMMENT '英文名称',
  `name_hk` varchar(100) DEFAULT NULL COMMENT '粤语名称',
  `name_fr` varchar(100) DEFAULT NULL COMMENT '法语名称',
  `name_it` varchar(100) DEFAULT NULL COMMENT '意大利语名称',
  `name_sp` varchar(100) DEFAULT NULL COMMENT '西班牙语名称',
  `name_de` varchar(100) DEFAULT NULL COMMENT '德语名称',
  `code` varchar(100) DEFAULT NULL COMMENT '中文代码名称',
  PRIMARY KEY (`id`)
) ENGINE=InnoDB AUTO_INCREMENT=140 DEFAULT CHARSET=utf8mb4 COMMENT='子系列';

/*Data for the table `temp_tb_series2` */

insert  into `temp_tb_series2`(`id`,`seriesid`,`oldseriesid`,`name_cn`,`name_en`,`name_hk`,`name_fr`,`name_it`,`name_sp`,`name_de`,`code`) values (1,2,'42A79A22-995F-4758-93DB-00824F4CDDE0','ALDERWOOD SHELL',NULL,NULL,NULL,NULL,NULL,NULL,''),(2,380,'50D8EFE5-677B-4C93-A7D9-DD4237D1A1EF','ARCTIC RIGGER COVERALL',NULL,NULL,NULL,NULL,NULL,NULL,''),(3,2,'42A79A22-995F-4758-93DB-00824F4CDDE0','BALMORAL PARKA BLACK LABLE',NULL,NULL,NULL,NULL,NULL,NULL,''),(4,2,'42A79A22-995F-4758-93DB-00824F4CDDE0','BANFF PARKA',NULL,NULL,NULL,NULL,NULL,NULL,''),(5,2,'42A79A22-995F-4758-93DB-00824F4CDDE0','BEECHWOOD PARKA',NULL,NULL,NULL,NULL,NULL,NULL,''),(6,2,'42A79A22-995F-4758-93DB-00824F4CDDE0','BEECHWOOD PARKA BLACK LABLE',NULL,NULL,NULL,NULL,NULL,NULL,''),(7,380,'50D8EFE5-677B-4C93-A7D9-DD4237D1A1EF','BORDEN BOMBER',NULL,NULL,NULL,NULL,NULL,NULL,''),(8,2,'42A79A22-995F-4758-93DB-00824F4CDDE0','BRACEBRIDGE JACKET',NULL,NULL,NULL,NULL,NULL,NULL,''),(9,2,'42A79A22-995F-4758-93DB-00824F4CDDE0','BRACEBRIDGE JACKET BLACK LABLE',NULL,NULL,NULL,NULL,NULL,NULL,''),(10,380,'50D8EFE5-677B-4C93-A7D9-DD4237D1A1EF','BRITTANIA PARKA',NULL,NULL,NULL,NULL,NULL,NULL,'YOUTH'),(11,380,'50D8EFE5-677B-4C93-A7D9-DD4237D1A1EF','BRITTANIA PARKA',NULL,NULL,NULL,NULL,NULL,NULL,''),(12,2,'42A79A22-995F-4758-93DB-00824F4CDDE0','BROMLEY BOMBER',NULL,NULL,NULL,NULL,NULL,NULL,''),(13,2,'42A79A22-995F-4758-93DB-00824F4CDDE0','BROOKVALE HOODED COAT BLACK LABLE',NULL,NULL,NULL,NULL,NULL,NULL,''),(14,2,'42A79A22-995F-4758-93DB-00824F4CDDE0','BROOKVALE HOODY',NULL,NULL,NULL,NULL,NULL,NULL,''),(15,2,'42A79A22-995F-4758-93DB-00824F4CDDE0','BROOKVALE HOODY COAT',NULL,NULL,NULL,NULL,NULL,NULL,''),(16,2,'42A79A22-995F-4758-93DB-00824F4CDDE0','BROOKVALE JACKET',NULL,NULL,NULL,NULL,NULL,NULL,''),(17,2,'42A79A22-995F-4758-93DB-00824F4CDDE0','BROOKVALE JACKET BLACK LABLE',NULL,NULL,NULL,NULL,NULL,NULL,''),(18,2,'42A79A22-995F-4758-93DB-00824F4CDDE0','BRUNSWICK ANORAK SHELL',NULL,NULL,NULL,NULL,NULL,NULL,''),(19,2,'42A79A22-995F-4758-93DB-00824F4CDDE0','BURNETT JACKET',NULL,NULL,NULL,NULL,NULL,NULL,''),(20,2,'42A79A22-995F-4758-93DB-00824F4CDDE0','CALLAGHAN PARKA',NULL,NULL,NULL,NULL,NULL,NULL,''),(21,2,'42A79A22-995F-4758-93DB-00824F4CDDE0','CALLAGHAN PARKA BLACK LABLE',NULL,NULL,NULL,NULL,NULL,NULL,''),(22,2,'42A79A22-995F-4758-93DB-00824F4CDDE0','CAMP COAT',NULL,NULL,NULL,NULL,NULL,NULL,''),(23,2,'42A79A22-995F-4758-93DB-00824F4CDDE0','CAMP HOODED JACKET',NULL,NULL,NULL,NULL,NULL,NULL,''),(24,2,'42A79A22-995F-4758-93DB-00824F4CDDE0','CAMP HOODY',NULL,NULL,NULL,NULL,NULL,NULL,''),(25,2,'42A79A22-995F-4758-93DB-00824F4CDDE0','CANNINGTON PARKA BLACK LABLE',NULL,NULL,NULL,NULL,NULL,NULL,''),(26,2,'42A79A22-995F-4758-93DB-00824F4CDDE0','CARSON PARKA',NULL,NULL,NULL,NULL,NULL,NULL,''),(27,2,'42A79A22-995F-4758-93DB-00824F4CDDE0','CARSON PARKA BLACK LABLE',NULL,NULL,NULL,NULL,NULL,NULL,''),(28,2,'42A79A22-995F-4758-93DB-00824F4CDDE0','CHATEAU PARKA',NULL,NULL,NULL,NULL,NULL,NULL,''),(29,2,'42A79A22-995F-4758-93DB-00824F4CDDE0','CHATEAU PARKA BLACK LABLE',NULL,NULL,NULL,NULL,NULL,NULL,''),(30,2,'42A79A22-995F-4758-93DB-00824F4CDDE0','CHATEAU PARKA FUSION FIT',NULL,NULL,NULL,NULL,NULL,NULL,''),(31,2,'42A79A22-995F-4758-93DB-00824F4CDDE0','CHELSEA PARKA',NULL,NULL,NULL,NULL,NULL,NULL,''),(32,2,'42A79A22-995F-4758-93DB-00824F4CDDE0','CHELSEA PARKA BLACK LABLE',NULL,NULL,NULL,NULL,NULL,NULL,''),(33,2,'42A79A22-995F-4758-93DB-00824F4CDDE0','CHELSEA PARKA FUSION FIT',NULL,NULL,NULL,NULL,NULL,NULL,''),(34,380,'50D8EFE5-677B-4C93-A7D9-DD4237D1A1EF','CHILLIWACK BOMBER',NULL,NULL,NULL,NULL,NULL,NULL,''),(35,2,'42A79A22-995F-4758-93DB-00824F4CDDE0','CITADEL PARKA',NULL,NULL,NULL,NULL,NULL,NULL,''),(36,2,'42A79A22-995F-4758-93DB-00824F4CDDE0','CLARENCE COAT BLACK LABLE',NULL,NULL,NULL,NULL,NULL,NULL,''),(37,2,'42A79A22-995F-4758-93DB-00824F4CDDE0','COASTAL SHELL BLACK LABLE',NULL,NULL,NULL,NULL,NULL,NULL,''),(38,380,'50D8EFE5-677B-4C93-A7D9-DD4237D1A1EF','CONSTABLE PARKA',NULL,NULL,NULL,NULL,NULL,NULL,''),(39,346,'59F1555C-D326-4FF9-9DAC-C55776383DFA','DAWSON PARKA',NULL,NULL,NULL,NULL,NULL,NULL,''),(40,380,'50D8EFE5-677B-4C93-A7D9-DD4237D1A1EF','EAKIN PARKA',NULL,NULL,NULL,NULL,NULL,NULL,'YOUTH'),(41,2,'42A79A22-995F-4758-93DB-00824F4CDDE0','ELROSE PARKA BLACK LABLE',NULL,NULL,NULL,NULL,NULL,NULL,''),(42,2,'42A79A22-995F-4758-93DB-00824F4CDDE0','EMORY PARKA',NULL,NULL,NULL,NULL,NULL,NULL,''),(43,2,'42A79A22-995F-4758-93DB-00824F4CDDE0','EMORY PARKA BLACK LABLE',NULL,NULL,NULL,NULL,NULL,NULL,''),(44,346,'59F1555C-D326-4FF9-9DAC-C55776383DFA','EXPEDITION PARKA',NULL,NULL,NULL,NULL,NULL,NULL,''),(45,346,'59F1555C-D326-4FF9-9DAC-C55776383DFA','EXPEDITION PARKA FUSION FIT',NULL,NULL,NULL,NULL,NULL,NULL,''),(46,380,'50D8EFE5-677B-4C93-A7D9-DD4237D1A1EF','FREESTYLE VEST',NULL,NULL,NULL,NULL,NULL,NULL,''),(47,2,'42A79A22-995F-4758-93DB-00824F4CDDE0','FREESTYLE VEST',NULL,NULL,NULL,NULL,NULL,NULL,''),(48,380,'50D8EFE5-677B-4C93-A7D9-DD4237D1A1EF','GRIZZLY BOMBER ',NULL,NULL,NULL,NULL,NULL,NULL,'KID'),(49,380,'50D8EFE5-677B-4C93-A7D9-DD4237D1A1EF','GRIZZLY SNOWSUIT',NULL,NULL,NULL,NULL,NULL,NULL,'KID'),(50,380,'50D8EFE5-677B-4C93-A7D9-DD4237D1A1EF','GRIZZLY SNOWSUIT',NULL,NULL,NULL,NULL,NULL,NULL,''),(51,2,'42A79A22-995F-4758-93DB-00824F4CDDE0','HAYWARD SHELL',NULL,NULL,NULL,NULL,NULL,NULL,''),(52,2,'42A79A22-995F-4758-93DB-00824F4CDDE0','HEATHERTON PARKA',NULL,NULL,NULL,NULL,NULL,NULL,''),(53,2,'42A79A22-995F-4758-93DB-00824F4CDDE0','HYBRIDGE LITE COAT',NULL,NULL,NULL,NULL,NULL,NULL,''),(54,2,'42A79A22-995F-4758-93DB-00824F4CDDE0','HYBRIDGE LITE HOODY',NULL,NULL,NULL,NULL,NULL,NULL,''),(55,2,'42A79A22-995F-4758-93DB-00824F4CDDE0','HYBRIDGE LITE JACKET',NULL,NULL,NULL,NULL,NULL,NULL,''),(56,2,'42A79A22-995F-4758-93DB-00824F4CDDE0','HYBRIDGE LITE JACKET BLACK LABLE',NULL,NULL,NULL,NULL,NULL,NULL,''),(57,2,'42A79A22-995F-4758-93DB-00824F4CDDE0','HYBRIDGE LITE SKIRT',NULL,NULL,NULL,NULL,NULL,NULL,''),(58,2,'42A79A22-995F-4758-93DB-00824F4CDDE0','HYBRIDGE LITE VEST',NULL,NULL,NULL,NULL,NULL,NULL,''),(59,2,'42A79A22-995F-4758-93DB-00824F4CDDE0','HYBRIDGE PERREN JACKET',NULL,NULL,NULL,NULL,NULL,NULL,''),(60,2,'42A79A22-995F-4758-93DB-00824F4CDDE0','HYBRIDGE SUTTON PARKA',NULL,NULL,NULL,NULL,NULL,NULL,''),(61,380,'50D8EFE5-677B-4C93-A7D9-DD4237D1A1EF','JUNIPER PARKA',NULL,NULL,NULL,NULL,NULL,NULL,'YOUTH'),(62,2,'42A79A22-995F-4758-93DB-00824F4CDDE0','KENSINGTON PARKA',NULL,NULL,NULL,NULL,NULL,NULL,''),(63,2,'42A79A22-995F-4758-93DB-00824F4CDDE0','KENSINGTON PARKA FUSION FIT',NULL,NULL,NULL,NULL,NULL,NULL,''),(64,380,'50D8EFE5-677B-4C93-A7D9-DD4237D1A1EF','KIDS PBI BOCAT HOODY',NULL,NULL,NULL,NULL,NULL,NULL,'KID'),(65,380,'50D8EFE5-677B-4C93-A7D9-DD4237D1A1EF','LAMB SNOWSUIT',NULL,NULL,NULL,NULL,NULL,NULL,''),(66,380,'50D8EFE5-677B-4C93-A7D9-DD4237D1A1EF','LAMB SNOWSUIT',NULL,NULL,NULL,NULL,NULL,NULL,'BABY'),(67,2,'42A79A22-995F-4758-93DB-00824F4CDDE0','LANGFORD PARKA',NULL,NULL,NULL,NULL,NULL,NULL,''),(68,2,'42A79A22-995F-4758-93DB-00824F4CDDE0','LANGFORD PARKA BLACK LABLE',NULL,NULL,NULL,NULL,NULL,NULL,''),(69,2,'42A79A22-995F-4758-93DB-00824F4CDDE0','LANGFORD PARKA FUSION FIT',NULL,NULL,NULL,NULL,NULL,NULL,''),(70,2,'42A79A22-995F-4758-93DB-00824F4CDDE0','LODGE DOWN JACKET',NULL,NULL,NULL,NULL,NULL,NULL,''),(71,2,'42A79A22-995F-4758-93DB-00824F4CDDE0','LODGE DOWN VEST',NULL,NULL,NULL,NULL,NULL,NULL,''),(72,2,'42A79A22-995F-4758-93DB-00824F4CDDE0','LODGE HOODY',NULL,NULL,NULL,NULL,NULL,NULL,''),(73,380,'50D8EFE5-677B-4C93-A7D9-DD4237D1A1EF','LOGAN PARKA',NULL,NULL,NULL,NULL,NULL,NULL,'YOUTH'),(74,2,'42A79A22-995F-4758-93DB-00824F4CDDE0','LORETTE PARKA',NULL,NULL,NULL,NULL,NULL,NULL,''),(75,2,'42A79A22-995F-4758-93DB-00824F4CDDE0','LORETTE PARKA BLACK LABLE',NULL,NULL,NULL,NULL,NULL,NULL,''),(76,380,'50D8EFE5-677B-4C93-A7D9-DD4237D1A1EF','LUNENBERG PARKA',NULL,NULL,NULL,NULL,NULL,NULL,''),(77,380,'50D8EFE5-677B-4C93-A7D9-DD4237D1A1EF','LYNX PARKA',NULL,NULL,NULL,NULL,NULL,NULL,''),(78,380,'50D8EFE5-677B-4C93-A7D9-DD4237D1A1EF','LYNX PARKA',NULL,NULL,NULL,NULL,NULL,NULL,'KID'),(79,2,'42A79A22-995F-4758-93DB-00824F4CDDE0','MACMILLAN PARKA',NULL,NULL,NULL,NULL,NULL,NULL,''),(80,2,'42A79A22-995F-4758-93DB-00824F4CDDE0','MACMILLAN PARKA BLACK LABLE',NULL,NULL,NULL,NULL,NULL,NULL,''),(81,2,'42A79A22-995F-4758-93DB-00824F4CDDE0','MACMILLAN PARKA FUSION FIT',NULL,NULL,NULL,NULL,NULL,NULL,''),(82,2,'42A79A22-995F-4758-93DB-00824F4CDDE0','MAITLAND PARKA',NULL,NULL,NULL,NULL,NULL,NULL,''),(83,2,'42A79A22-995F-4758-93DB-00824F4CDDE0','MAITLAND PARKA BLACK LABLE',NULL,NULL,NULL,NULL,NULL,NULL,''),(84,2,'42A79A22-995F-4758-93DB-00824F4CDDE0','MONTEBELLO PARKA',NULL,NULL,NULL,NULL,NULL,NULL,''),(85,2,'42A79A22-995F-4758-93DB-00824F4CDDE0','MONTEBELLO PARKA FUSION FIT',NULL,NULL,NULL,NULL,NULL,NULL,''),(86,2,'42A79A22-995F-4758-93DB-00824F4CDDE0','MOUNTAINEER JACKET',NULL,NULL,NULL,NULL,NULL,NULL,''),(87,380,'50D8EFE5-677B-4C93-A7D9-DD4237D1A1EF','MYSTIQUE PARKA',NULL,NULL,NULL,NULL,NULL,NULL,''),(88,380,'50D8EFE5-677B-4C93-A7D9-DD4237D1A1EF','PBI BOBCAT HOODY',NULL,NULL,NULL,NULL,NULL,NULL,''),(89,2,'42A79A22-995F-4758-93DB-00824F4CDDE0','PBI CAMP HOODY',NULL,NULL,NULL,NULL,NULL,NULL,''),(90,380,'50D8EFE5-677B-4C93-A7D9-DD4237D1A1EF','PBI CHILLIWACK BOMBER',NULL,NULL,NULL,NULL,NULL,NULL,''),(91,346,'59F1555C-D326-4FF9-9DAC-C55776383DFA','PBI EXPEDITION PARKA',NULL,NULL,NULL,NULL,NULL,NULL,''),(92,2,'42A79A22-995F-4758-93DB-00824F4CDDE0','PBI LODGE HOODY',NULL,NULL,NULL,NULL,NULL,NULL,''),(93,380,'50D8EFE5-677B-4C93-A7D9-DD4237D1A1EF','PBI PUP BUNTING',NULL,NULL,NULL,NULL,NULL,NULL,''),(94,380,'50D8EFE5-677B-4C93-A7D9-DD4237D1A1EF','PBI SHERWOOD HOODY',NULL,NULL,NULL,NULL,NULL,NULL,''),(95,2,'42A79A22-995F-4758-93DB-00824F4CDDE0','PEMBINA COAT BLACK LABLE',NULL,NULL,NULL,NULL,NULL,NULL,''),(96,346,'59F1555C-D326-4FF9-9DAC-C55776383DFA','PERLEY 3-IN-1 PARKA',NULL,NULL,NULL,NULL,NULL,NULL,''),(97,2,'42A79A22-995F-4758-93DB-00824F4CDDE0','PRITCHARD COAT',NULL,NULL,NULL,NULL,NULL,NULL,''),(98,2,'42A79A22-995F-4758-93DB-00824F4CDDE0','PRITCHARD COAT BLACK LABLE',NULL,NULL,NULL,NULL,NULL,NULL,''),(99,346,'59F1555C-D326-4FF9-9DAC-C55776383DFA','RESOLUTE PARKA',NULL,NULL,NULL,NULL,NULL,NULL,''),(100,2,'42A79A22-995F-4758-93DB-00824F4CDDE0','RIDEAU PARKA',NULL,NULL,NULL,NULL,NULL,NULL,''),(101,2,'42A79A22-995F-4758-93DB-00824F4CDDE0','RIDEAU PARKA BLACK LABLE',NULL,NULL,NULL,NULL,NULL,NULL,''),(102,2,'42A79A22-995F-4758-93DB-00824F4CDDE0','RIDGE PANT',NULL,NULL,NULL,NULL,NULL,NULL,''),(103,2,'42A79A22-995F-4758-93DB-00824F4CDDE0','ROSSCLAIR PARKA',NULL,NULL,NULL,NULL,NULL,NULL,''),(104,2,'42A79A22-995F-4758-93DB-00824F4CDDE0','ROSSCLAIR PARKA BLACK LABLE',NULL,NULL,NULL,NULL,NULL,NULL,''),(105,2,'42A79A22-995F-4758-93DB-00824F4CDDE0','ROSSCLAIR PARKA FUSION FIT',NULL,NULL,NULL,NULL,NULL,NULL,''),(106,2,'42A79A22-995F-4758-93DB-00824F4CDDE0','ROWAN PARKA',NULL,NULL,NULL,NULL,NULL,NULL,''),(107,380,'50D8EFE5-677B-4C93-A7D9-DD4237D1A1EF','RUNDLE BOMBER',NULL,NULL,NULL,NULL,NULL,NULL,'YOUTH'),(108,380,'50D8EFE5-677B-4C93-A7D9-DD4237D1A1EF','RUNDLE BOMBER',NULL,NULL,NULL,NULL,NULL,NULL,''),(109,2,'42A79A22-995F-4758-93DB-00824F4CDDE0','SAVONA BOMBER',NULL,NULL,NULL,NULL,NULL,NULL,''),(110,2,'42A79A22-995F-4758-93DB-00824F4CDDE0','SAVONA BOMBER BLACK LABLE',NULL,NULL,NULL,NULL,NULL,NULL,''),(111,2,'42A79A22-995F-4758-93DB-00824F4CDDE0','SELKIRK PARKA',NULL,NULL,NULL,NULL,NULL,NULL,''),(112,2,'42A79A22-995F-4758-93DB-00824F4CDDE0','SHELBURNE PARKA',NULL,NULL,NULL,NULL,NULL,NULL,''),(113,2,'42A79A22-995F-4758-93DB-00824F4CDDE0','SHELBURNE PARKA BLACK LABLE',NULL,NULL,NULL,NULL,NULL,NULL,''),(114,2,'42A79A22-995F-4758-93DB-00824F4CDDE0','SHELBURNE PARKA FUSION FIT',NULL,NULL,NULL,NULL,NULL,NULL,''),(115,2,'42A79A22-995F-4758-93DB-00824F4CDDE0','SKRESLET PARKA',NULL,NULL,NULL,NULL,NULL,NULL,''),(116,346,'59F1555C-D326-4FF9-9DAC-C55776383DFA','SNOW MANTRA PARKA',NULL,NULL,NULL,NULL,NULL,NULL,''),(117,380,'50D8EFE5-677B-4C93-A7D9-DD4237D1A1EF','SNOWY OWL PARKA',NULL,NULL,NULL,NULL,NULL,NULL,'KID'),(118,380,'50D8EFE5-677B-4C93-A7D9-DD4237D1A1EF','SOLARIS PARKA',NULL,NULL,NULL,NULL,NULL,NULL,''),(119,2,'42A79A22-995F-4758-93DB-00824F4CDDE0','SUMMIT JACKET',NULL,NULL,NULL,NULL,NULL,NULL,''),(120,2,'42A79A22-995F-4758-93DB-00824F4CDDE0','SYLVAN VEST',NULL,NULL,NULL,NULL,NULL,NULL,''),(121,380,'50D8EFE5-677B-4C93-A7D9-DD4237D1A1EF','THUNDER PANT',NULL,NULL,NULL,NULL,NULL,NULL,'KID'),(122,380,'50D8EFE5-677B-4C93-A7D9-DD4237D1A1EF','THUNDER PANTS',NULL,NULL,NULL,NULL,NULL,NULL,''),(123,2,'42A79A22-995F-4758-93DB-00824F4CDDE0','TIMBER SHELL JACKET',NULL,NULL,NULL,NULL,NULL,NULL,''),(124,380,'50D8EFE5-677B-4C93-A7D9-DD4237D1A1EF','TRILLIUM PARKA',NULL,NULL,NULL,NULL,NULL,NULL,''),(125,380,'50D8EFE5-677B-4C93-A7D9-DD4237D1A1EF','TRILLIUM PARKA FUSION FIT',NULL,NULL,NULL,NULL,NULL,NULL,''),(126,346,'59F1555C-D326-4FF9-9DAC-C55776383DFA','TUNDRA BIB OVERALL',NULL,NULL,NULL,NULL,NULL,NULL,''),(127,380,'50D8EFE5-677B-4C93-A7D9-DD4237D1A1EF','TUNDRA PANT',NULL,NULL,NULL,NULL,NULL,NULL,''),(128,380,'50D8EFE5-677B-4C93-A7D9-DD4237D1A1EF','VANIER VEST',NULL,NULL,NULL,NULL,NULL,NULL,'YOUTH'),(129,2,'42A79A22-995F-4758-93DB-00824F4CDDE0','VICTORIA PARKA',NULL,NULL,NULL,NULL,NULL,NULL,''),(130,2,'42A79A22-995F-4758-93DB-00824F4CDDE0','WHISTLER PARKA',NULL,NULL,NULL,NULL,NULL,NULL,''),(131,2,'42A79A22-995F-4758-93DB-00824F4CDDE0','WINDERMERE COAT BLACK LABLE',NULL,NULL,NULL,NULL,NULL,NULL,''),(132,380,'50D8EFE5-677B-4C93-A7D9-DD4237D1A1EF','WOLVERINE PANT',NULL,NULL,NULL,NULL,NULL,NULL,'YOUTH'),(133,380,'50D8EFE5-677B-4C93-A7D9-DD4237D1A1EF','WOLVERINE PANTS',NULL,NULL,NULL,NULL,NULL,NULL,''),(134,2,'42A79A22-995F-4758-93DB-00824F4CDDE0','WOOLFORD JACKET',NULL,NULL,NULL,NULL,NULL,NULL,''),(135,2,'42A79A22-995F-4758-93DB-00824F4CDDE0','WOOLFORD JACKET FUSION FIT',NULL,NULL,NULL,NULL,NULL,NULL,''),(136,2,'42A79A22-995F-4758-93DB-00824F4CDDE0','WYNDHAM PARKA',NULL,NULL,NULL,NULL,NULL,NULL,''),(137,380,'50D8EFE5-677B-4C93-A7D9-DD4237D1A1EF','YOUTH PBI CHILLIWACK',NULL,NULL,NULL,NULL,NULL,NULL,'YOUTH'),(138,380,'50D8EFE5-677B-4C93-A7D9-DD4237D1A1EF','YOUTH PBI EXPEDITION',NULL,NULL,NULL,NULL,NULL,NULL,'YOUTH'),(139,380,'50D8EFE5-677B-4C93-A7D9-DD4237D1A1EF','YOUTH PBI SHERWOOD HOODY',NULL,NULL,NULL,NULL,NULL,NULL,'YOUTH');

/*Table structure for table `temp_tb_sizecontent` */

DROP TABLE IF EXISTS `temp_tb_sizecontent`;

CREATE TABLE `temp_tb_sizecontent` (
  `id` int(10) unsigned NOT NULL AUTO_INCREMENT COMMENT '主键id',
  `topid` int(10) unsigned DEFAULT NULL COMMENT '尺码组主键id',
  `oldtopid` varchar(36) DEFAULT NULL COMMENT '老数据表尺码组主键id',
  `content_cn` varchar(100) DEFAULT NULL COMMENT '中文代码名称',
  `content_en` varchar(100) DEFAULT NULL COMMENT '英文代码名称',
  `content_hk` varchar(100) DEFAULT NULL COMMENT '粤语代码名称',
  `content_fr` varchar(100) DEFAULT NULL COMMENT '法语代码名称',
  `content_it` varchar(100) DEFAULT NULL COMMENT '意大利语代码名称',
  `content_sp` varchar(100) DEFAULT NULL COMMENT '西班牙语代码名称',
  `content_de` varchar(100) DEFAULT NULL COMMENT '德语代码名称',
  `sortnum` int(11) DEFAULT NULL,
  `memo_cn` text COMMENT '中文备注',
  `memo_en` text COMMENT '英文备注',
  `memo_hk` text COMMENT '粤语备注',
  `memo_fr` text COMMENT '法语备注',
  `memo_it` text COMMENT '意大利语备注',
  `memo_sp` text COMMENT '西班牙语备注',
  `memo_de` text COMMENT '德语备注',
  PRIMARY KEY (`id`)
) ENGINE=InnoDB AUTO_INCREMENT=467 DEFAULT CHARSET=utf8mb4 COMMENT='尺码明细';

/*Data for the table `temp_tb_sizecontent` */

insert  into `temp_tb_sizecontent`(`id`,`topid`,`oldtopid`,`content_cn`,`content_en`,`content_hk`,`content_fr`,`content_it`,`content_sp`,`content_de`,`sortnum`,`memo_cn`,`memo_en`,`memo_hk`,`memo_fr`,`memo_it`,`memo_sp`,`memo_de`) values (1,1,'74CF592A-761C-4972-92D0-0B4B48629F5C','35',NULL,NULL,NULL,NULL,NULL,NULL,1,NULL,NULL,NULL,NULL,NULL,NULL,NULL),(2,1,'74CF592A-761C-4972-92D0-0B4B48629F5C','35.5',NULL,NULL,NULL,NULL,NULL,NULL,2,NULL,NULL,NULL,NULL,NULL,NULL,NULL),(3,1,'74CF592A-761C-4972-92D0-0B4B48629F5C','36',NULL,NULL,NULL,NULL,NULL,NULL,3,NULL,NULL,NULL,NULL,NULL,NULL,NULL),(4,1,'74CF592A-761C-4972-92D0-0B4B48629F5C','36.5',NULL,NULL,NULL,NULL,NULL,NULL,4,NULL,NULL,NULL,NULL,NULL,NULL,NULL),(5,1,'74CF592A-761C-4972-92D0-0B4B48629F5C','37',NULL,NULL,NULL,NULL,NULL,NULL,5,NULL,NULL,NULL,NULL,NULL,NULL,NULL),(6,1,'74CF592A-761C-4972-92D0-0B4B48629F5C','37.5',NULL,NULL,NULL,NULL,NULL,NULL,6,NULL,NULL,NULL,NULL,NULL,NULL,NULL),(7,1,'74CF592A-761C-4972-92D0-0B4B48629F5C','38',NULL,NULL,NULL,NULL,NULL,NULL,7,NULL,NULL,NULL,NULL,NULL,NULL,NULL),(8,1,'74CF592A-761C-4972-92D0-0B4B48629F5C','38.5',NULL,NULL,NULL,NULL,NULL,NULL,8,NULL,NULL,NULL,NULL,NULL,NULL,NULL),(9,1,'74CF592A-761C-4972-92D0-0B4B48629F5C','39',NULL,NULL,NULL,NULL,NULL,NULL,9,NULL,NULL,NULL,NULL,NULL,NULL,NULL),(10,1,'74CF592A-761C-4972-92D0-0B4B48629F5C','39.5',NULL,NULL,NULL,NULL,NULL,NULL,10,NULL,NULL,NULL,NULL,NULL,NULL,NULL),(11,1,'74CF592A-761C-4972-92D0-0B4B48629F5C','40',NULL,NULL,NULL,NULL,NULL,NULL,11,NULL,NULL,NULL,NULL,NULL,NULL,NULL),(12,1,'74CF592A-761C-4972-92D0-0B4B48629F5C','40.5',NULL,NULL,NULL,NULL,NULL,NULL,12,NULL,NULL,NULL,NULL,NULL,NULL,NULL),(13,1,'74CF592A-761C-4972-92D0-0B4B48629F5C','41',NULL,NULL,NULL,NULL,NULL,NULL,13,NULL,NULL,NULL,NULL,NULL,NULL,NULL),(14,1,'74CF592A-761C-4972-92D0-0B4B48629F5C','41.5',NULL,NULL,NULL,NULL,NULL,NULL,14,NULL,NULL,NULL,NULL,NULL,NULL,NULL),(15,1,'74CF592A-761C-4972-92D0-0B4B48629F5C','42',NULL,NULL,NULL,NULL,NULL,NULL,15,NULL,NULL,NULL,NULL,NULL,NULL,NULL),(16,1,'74CF592A-761C-4972-92D0-0B4B48629F5C','42.5',NULL,NULL,NULL,NULL,NULL,NULL,16,NULL,NULL,NULL,NULL,NULL,NULL,NULL),(17,1,'74CF592A-761C-4972-92D0-0B4B48629F5C','43',NULL,NULL,NULL,NULL,NULL,NULL,17,NULL,NULL,NULL,NULL,NULL,NULL,NULL),(18,1,'74CF592A-761C-4972-92D0-0B4B48629F5C','43.5',NULL,NULL,NULL,NULL,NULL,NULL,18,NULL,NULL,NULL,NULL,NULL,NULL,NULL),(19,1,'74CF592A-761C-4972-92D0-0B4B48629F5C','44',NULL,NULL,NULL,NULL,NULL,NULL,19,NULL,NULL,NULL,NULL,NULL,NULL,NULL),(20,1,'74CF592A-761C-4972-92D0-0B4B48629F5C','44.5',NULL,NULL,NULL,NULL,NULL,NULL,20,NULL,NULL,NULL,NULL,NULL,NULL,NULL),(21,1,'74CF592A-761C-4972-92D0-0B4B48629F5C','45',NULL,NULL,NULL,NULL,NULL,NULL,21,NULL,NULL,NULL,NULL,NULL,NULL,NULL),(22,2,'567300D9-B6BA-43F4-A396-1197B2CE6D85','44',NULL,NULL,NULL,NULL,NULL,NULL,1,NULL,NULL,NULL,NULL,NULL,NULL,NULL),(23,2,'567300D9-B6BA-43F4-A396-1197B2CE6D85','46',NULL,NULL,NULL,NULL,NULL,NULL,2,NULL,NULL,NULL,NULL,NULL,NULL,NULL),(24,2,'567300D9-B6BA-43F4-A396-1197B2CE6D85','48',NULL,NULL,NULL,NULL,NULL,NULL,3,NULL,NULL,NULL,NULL,NULL,NULL,NULL),(25,2,'567300D9-B6BA-43F4-A396-1197B2CE6D85','50',NULL,NULL,NULL,NULL,NULL,NULL,4,NULL,NULL,NULL,NULL,NULL,NULL,NULL),(26,2,'567300D9-B6BA-43F4-A396-1197B2CE6D85','52',NULL,NULL,NULL,NULL,NULL,NULL,5,NULL,NULL,NULL,NULL,NULL,NULL,NULL),(27,2,'567300D9-B6BA-43F4-A396-1197B2CE6D85','54',NULL,NULL,NULL,NULL,NULL,NULL,6,NULL,NULL,NULL,NULL,NULL,NULL,NULL),(28,2,'567300D9-B6BA-43F4-A396-1197B2CE6D85','56',NULL,NULL,NULL,NULL,NULL,NULL,7,NULL,NULL,NULL,NULL,NULL,NULL,NULL),(29,3,'B3D61A4A-0956-4EAD-8D11-1672F0832CD2','35-37',NULL,NULL,NULL,NULL,NULL,NULL,1,NULL,NULL,NULL,NULL,NULL,NULL,NULL),(30,3,'B3D61A4A-0956-4EAD-8D11-1672F0832CD2','38-40',NULL,NULL,NULL,NULL,NULL,NULL,2,NULL,NULL,NULL,NULL,NULL,NULL,NULL),(31,4,'F42DD5D9-40F6-4ABD-B5B5-16F5E851FFC4','20-21',NULL,NULL,NULL,NULL,NULL,NULL,1,NULL,NULL,NULL,NULL,NULL,NULL,NULL),(32,4,'F42DD5D9-40F6-4ABD-B5B5-16F5E851FFC4','22-23',NULL,NULL,NULL,NULL,NULL,NULL,2,NULL,NULL,NULL,NULL,NULL,NULL,NULL),(33,4,'F42DD5D9-40F6-4ABD-B5B5-16F5E851FFC4','24-25',NULL,NULL,NULL,NULL,NULL,NULL,3,NULL,NULL,NULL,NULL,NULL,NULL,NULL),(34,4,'F42DD5D9-40F6-4ABD-B5B5-16F5E851FFC4','26-27',NULL,NULL,NULL,NULL,NULL,NULL,4,NULL,NULL,NULL,NULL,NULL,NULL,NULL),(35,4,'F42DD5D9-40F6-4ABD-B5B5-16F5E851FFC4','28-29',NULL,NULL,NULL,NULL,NULL,NULL,5,NULL,NULL,NULL,NULL,NULL,NULL,NULL),(36,4,'F42DD5D9-40F6-4ABD-B5B5-16F5E851FFC4','30-31',NULL,NULL,NULL,NULL,NULL,NULL,6,NULL,NULL,NULL,NULL,NULL,NULL,NULL),(37,4,'F42DD5D9-40F6-4ABD-B5B5-16F5E851FFC4','32-33',NULL,NULL,NULL,NULL,NULL,NULL,7,NULL,NULL,NULL,NULL,NULL,NULL,NULL),(38,4,'F42DD5D9-40F6-4ABD-B5B5-16F5E851FFC4','34-35',NULL,NULL,NULL,NULL,NULL,NULL,8,NULL,NULL,NULL,NULL,NULL,NULL,NULL),(39,5,'3E1B370F-3B12-4CAB-958F-188F1C3ACBB9','27-29',NULL,NULL,NULL,NULL,NULL,NULL,1,NULL,NULL,NULL,NULL,NULL,NULL,NULL),(40,5,'3E1B370F-3B12-4CAB-958F-188F1C3ACBB9','30-32',NULL,NULL,NULL,NULL,NULL,NULL,2,NULL,NULL,NULL,NULL,NULL,NULL,NULL),(41,5,'3E1B370F-3B12-4CAB-958F-188F1C3ACBB9','33-35',NULL,NULL,NULL,NULL,NULL,NULL,3,NULL,NULL,NULL,NULL,NULL,NULL,NULL),(42,6,'FD45834E-7374-418A-A36A-1CA4F6F2B3C4','XS/S',NULL,NULL,NULL,NULL,NULL,NULL,1,NULL,NULL,NULL,NULL,NULL,NULL,NULL),(43,6,'FD45834E-7374-418A-A36A-1CA4F6F2B3C4','S/M',NULL,NULL,NULL,NULL,NULL,NULL,2,NULL,NULL,NULL,NULL,NULL,NULL,NULL),(44,6,'FD45834E-7374-418A-A36A-1CA4F6F2B3C4','M/L',NULL,NULL,NULL,NULL,NULL,NULL,3,NULL,NULL,NULL,NULL,NULL,NULL,NULL),(45,6,'FD45834E-7374-418A-A36A-1CA4F6F2B3C4','L/XL',NULL,NULL,NULL,NULL,NULL,NULL,4,NULL,NULL,NULL,NULL,NULL,NULL,NULL),(46,6,'FD45834E-7374-418A-A36A-1CA4F6F2B3C4','XXS/XS',NULL,NULL,NULL,NULL,NULL,NULL,5,NULL,NULL,NULL,NULL,NULL,NULL,NULL),(47,7,'8D68737A-A595-43B5-8D1C-232B4A545730','2',NULL,NULL,NULL,NULL,NULL,NULL,1,NULL,NULL,NULL,NULL,NULL,NULL,NULL),(48,7,'8D68737A-A595-43B5-8D1C-232B4A545730','2.5',NULL,NULL,NULL,NULL,NULL,NULL,2,NULL,NULL,NULL,NULL,NULL,NULL,NULL),(49,7,'8D68737A-A595-43B5-8D1C-232B4A545730','3',NULL,NULL,NULL,NULL,NULL,NULL,3,NULL,NULL,NULL,NULL,NULL,NULL,NULL),(50,7,'8D68737A-A595-43B5-8D1C-232B4A545730','3.5',NULL,NULL,NULL,NULL,NULL,NULL,4,NULL,NULL,NULL,NULL,NULL,NULL,NULL),(51,7,'8D68737A-A595-43B5-8D1C-232B4A545730','4',NULL,NULL,NULL,NULL,NULL,NULL,5,NULL,NULL,NULL,NULL,NULL,NULL,NULL),(52,7,'8D68737A-A595-43B5-8D1C-232B4A545730','4.5',NULL,NULL,NULL,NULL,NULL,NULL,6,NULL,NULL,NULL,NULL,NULL,NULL,NULL),(53,7,'8D68737A-A595-43B5-8D1C-232B4A545730','5',NULL,NULL,NULL,NULL,NULL,NULL,7,NULL,NULL,NULL,NULL,NULL,NULL,NULL),(54,7,'8D68737A-A595-43B5-8D1C-232B4A545730','5.5',NULL,NULL,NULL,NULL,NULL,NULL,8,NULL,NULL,NULL,NULL,NULL,NULL,NULL),(55,7,'8D68737A-A595-43B5-8D1C-232B4A545730','6',NULL,NULL,NULL,NULL,NULL,NULL,9,NULL,NULL,NULL,NULL,NULL,NULL,NULL),(56,7,'8D68737A-A595-43B5-8D1C-232B4A545730','6.5',NULL,NULL,NULL,NULL,NULL,NULL,10,NULL,NULL,NULL,NULL,NULL,NULL,NULL),(57,7,'8D68737A-A595-43B5-8D1C-232B4A545730','7',NULL,NULL,NULL,NULL,NULL,NULL,11,NULL,NULL,NULL,NULL,NULL,NULL,NULL),(58,7,'8D68737A-A595-43B5-8D1C-232B4A545730','7.5',NULL,NULL,NULL,NULL,NULL,NULL,12,NULL,NULL,NULL,NULL,NULL,NULL,NULL),(59,7,'8D68737A-A595-43B5-8D1C-232B4A545730','8',NULL,NULL,NULL,NULL,NULL,NULL,13,NULL,NULL,NULL,NULL,NULL,NULL,NULL),(60,7,'8D68737A-A595-43B5-8D1C-232B4A545730','8.5',NULL,NULL,NULL,NULL,NULL,NULL,14,NULL,NULL,NULL,NULL,NULL,NULL,NULL),(61,7,'8D68737A-A595-43B5-8D1C-232B4A545730','9',NULL,NULL,NULL,NULL,NULL,NULL,15,NULL,NULL,NULL,NULL,NULL,NULL,NULL),(62,7,'8D68737A-A595-43B5-8D1C-232B4A545730','9.5',NULL,NULL,NULL,NULL,NULL,NULL,16,NULL,NULL,NULL,NULL,NULL,NULL,NULL),(63,7,'8D68737A-A595-43B5-8D1C-232B4A545730','10',NULL,NULL,NULL,NULL,NULL,NULL,17,NULL,NULL,NULL,NULL,NULL,NULL,NULL),(64,8,'03C7DD73-88F2-4C4D-90F7-2AA152219024','4.5',NULL,NULL,NULL,NULL,NULL,NULL,1,NULL,NULL,NULL,NULL,NULL,NULL,NULL),(65,8,'03C7DD73-88F2-4C4D-90F7-2AA152219024','4',NULL,NULL,NULL,NULL,NULL,NULL,1,NULL,NULL,NULL,NULL,NULL,NULL,NULL),(66,8,'03C7DD73-88F2-4C4D-90F7-2AA152219024','5',NULL,NULL,NULL,NULL,NULL,NULL,2,NULL,NULL,NULL,NULL,NULL,NULL,NULL),(67,8,'03C7DD73-88F2-4C4D-90F7-2AA152219024','5.5',NULL,NULL,NULL,NULL,NULL,NULL,3,NULL,NULL,NULL,NULL,NULL,NULL,NULL),(68,8,'03C7DD73-88F2-4C4D-90F7-2AA152219024','6',NULL,NULL,NULL,NULL,NULL,NULL,4,NULL,NULL,NULL,NULL,NULL,NULL,NULL),(69,8,'03C7DD73-88F2-4C4D-90F7-2AA152219024','6.5',NULL,NULL,NULL,NULL,NULL,NULL,5,NULL,NULL,NULL,NULL,NULL,NULL,NULL),(70,8,'03C7DD73-88F2-4C4D-90F7-2AA152219024','7',NULL,NULL,NULL,NULL,NULL,NULL,6,NULL,NULL,NULL,NULL,NULL,NULL,NULL),(71,8,'03C7DD73-88F2-4C4D-90F7-2AA152219024','7.5',NULL,NULL,NULL,NULL,NULL,NULL,7,NULL,NULL,NULL,NULL,NULL,NULL,NULL),(72,8,'03C7DD73-88F2-4C4D-90F7-2AA152219024','8',NULL,NULL,NULL,NULL,NULL,NULL,8,NULL,NULL,NULL,NULL,NULL,NULL,NULL),(73,8,'03C7DD73-88F2-4C4D-90F7-2AA152219024','8.5',NULL,NULL,NULL,NULL,NULL,NULL,9,NULL,NULL,NULL,NULL,NULL,NULL,NULL),(74,8,'03C7DD73-88F2-4C4D-90F7-2AA152219024','9',NULL,NULL,NULL,NULL,NULL,NULL,10,NULL,NULL,NULL,NULL,NULL,NULL,NULL),(75,8,'03C7DD73-88F2-4C4D-90F7-2AA152219024','9.5',NULL,NULL,NULL,NULL,NULL,NULL,11,NULL,NULL,NULL,NULL,NULL,NULL,NULL),(76,8,'03C7DD73-88F2-4C4D-90F7-2AA152219024','10',NULL,NULL,NULL,NULL,NULL,NULL,12,NULL,NULL,NULL,NULL,NULL,NULL,NULL),(77,8,'03C7DD73-88F2-4C4D-90F7-2AA152219024','10.5',NULL,NULL,NULL,NULL,NULL,NULL,13,NULL,NULL,NULL,NULL,NULL,NULL,NULL),(78,8,'03C7DD73-88F2-4C4D-90F7-2AA152219024','11',NULL,NULL,NULL,NULL,NULL,NULL,14,NULL,NULL,NULL,NULL,NULL,NULL,NULL),(79,8,'03C7DD73-88F2-4C4D-90F7-2AA152219024','11.5',NULL,NULL,NULL,NULL,NULL,NULL,15,NULL,NULL,NULL,NULL,NULL,NULL,NULL),(80,9,'96088D8E-1C62-40EC-BC54-2C716A4098F3','1',NULL,NULL,NULL,NULL,NULL,NULL,1,NULL,NULL,NULL,NULL,NULL,NULL,NULL),(81,9,'96088D8E-1C62-40EC-BC54-2C716A4098F3','2',NULL,NULL,NULL,NULL,NULL,NULL,2,NULL,NULL,NULL,NULL,NULL,NULL,NULL),(82,9,'96088D8E-1C62-40EC-BC54-2C716A4098F3','3',NULL,NULL,NULL,NULL,NULL,NULL,3,NULL,NULL,NULL,NULL,NULL,NULL,NULL),(83,10,'E7F5C977-E357-4506-A70B-308BF9FA48BD','60',NULL,NULL,NULL,NULL,NULL,NULL,1,NULL,NULL,NULL,NULL,NULL,NULL,NULL),(84,10,'E7F5C977-E357-4506-A70B-308BF9FA48BD','61',NULL,NULL,NULL,NULL,NULL,NULL,2,NULL,NULL,NULL,NULL,NULL,NULL,NULL),(85,10,'E7F5C977-E357-4506-A70B-308BF9FA48BD','62',NULL,NULL,NULL,NULL,NULL,NULL,3,NULL,NULL,NULL,NULL,NULL,NULL,NULL),(86,10,'E7F5C977-E357-4506-A70B-308BF9FA48BD','63',NULL,NULL,NULL,NULL,NULL,NULL,4,NULL,NULL,NULL,NULL,NULL,NULL,NULL),(87,10,'E7F5C977-E357-4506-A70B-308BF9FA48BD','64',NULL,NULL,NULL,NULL,NULL,NULL,5,NULL,NULL,NULL,NULL,NULL,NULL,NULL),(88,10,'E7F5C977-E357-4506-A70B-308BF9FA48BD','65',NULL,NULL,NULL,NULL,NULL,NULL,6,NULL,NULL,NULL,NULL,NULL,NULL,NULL),(89,10,'E7F5C977-E357-4506-A70B-308BF9FA48BD','66',NULL,NULL,NULL,NULL,NULL,NULL,7,NULL,NULL,NULL,NULL,NULL,NULL,NULL),(90,12,'C3A006FF-4D9C-4F03-8051-32B0A543C34E','OVER SIZE',NULL,NULL,NULL,NULL,NULL,NULL,1,NULL,NULL,NULL,NULL,NULL,NULL,NULL),(91,12,'C3A006FF-4D9C-4F03-8051-32B0A543C34E','O/S',NULL,NULL,NULL,NULL,NULL,NULL,2,NULL,NULL,NULL,NULL,NULL,NULL,NULL),(92,12,'C3A006FF-4D9C-4F03-8051-32B0A543C34E','O/M',NULL,NULL,NULL,NULL,NULL,NULL,3,NULL,NULL,NULL,NULL,NULL,NULL,NULL),(93,12,'C3A006FF-4D9C-4F03-8051-32B0A543C34E','O/L',NULL,NULL,NULL,NULL,NULL,NULL,4,NULL,NULL,NULL,NULL,NULL,NULL,NULL),(94,14,'01959BBE-0EBD-44D5-8304-4031A6A49566','7A',NULL,NULL,NULL,NULL,NULL,NULL,1,NULL,NULL,NULL,NULL,NULL,NULL,NULL),(95,14,'01959BBE-0EBD-44D5-8304-4031A6A49566','8A',NULL,NULL,NULL,NULL,NULL,NULL,2,NULL,NULL,NULL,NULL,NULL,NULL,NULL),(96,14,'01959BBE-0EBD-44D5-8304-4031A6A49566','XXS',NULL,NULL,NULL,NULL,NULL,NULL,3,NULL,NULL,NULL,NULL,NULL,NULL,NULL),(97,14,'01959BBE-0EBD-44D5-8304-4031A6A49566','XS',NULL,NULL,NULL,NULL,NULL,NULL,4,NULL,NULL,NULL,NULL,NULL,NULL,NULL),(98,14,'01959BBE-0EBD-44D5-8304-4031A6A49566','S',NULL,NULL,NULL,NULL,NULL,NULL,5,NULL,NULL,NULL,NULL,NULL,NULL,NULL),(99,15,'85D3FA66-3A9B-4BE8-83C7-43A18392A1FA','12',NULL,NULL,NULL,NULL,NULL,NULL,1,NULL,NULL,NULL,NULL,NULL,NULL,NULL),(100,15,'85D3FA66-3A9B-4BE8-83C7-43A18392A1FA','13',NULL,NULL,NULL,NULL,NULL,NULL,2,NULL,NULL,NULL,NULL,NULL,NULL,NULL),(101,15,'85D3FA66-3A9B-4BE8-83C7-43A18392A1FA','14',NULL,NULL,NULL,NULL,NULL,NULL,3,NULL,NULL,NULL,NULL,NULL,NULL,NULL),(102,15,'85D3FA66-3A9B-4BE8-83C7-43A18392A1FA','15',NULL,NULL,NULL,NULL,NULL,NULL,4,NULL,NULL,NULL,NULL,NULL,NULL,NULL),(103,15,'85D3FA66-3A9B-4BE8-83C7-43A18392A1FA','16',NULL,NULL,NULL,NULL,NULL,NULL,5,NULL,NULL,NULL,NULL,NULL,NULL,NULL),(104,15,'85D3FA66-3A9B-4BE8-83C7-43A18392A1FA','17',NULL,NULL,NULL,NULL,NULL,NULL,6,NULL,NULL,NULL,NULL,NULL,NULL,NULL),(105,15,'85D3FA66-3A9B-4BE8-83C7-43A18392A1FA','18',NULL,NULL,NULL,NULL,NULL,NULL,7,NULL,NULL,NULL,NULL,NULL,NULL,NULL),(106,15,'85D3FA66-3A9B-4BE8-83C7-43A18392A1FA','19',NULL,NULL,NULL,NULL,NULL,NULL,8,NULL,NULL,NULL,NULL,NULL,NULL,NULL),(107,15,'85D3FA66-3A9B-4BE8-83C7-43A18392A1FA','20',NULL,NULL,NULL,NULL,NULL,NULL,9,NULL,NULL,NULL,NULL,NULL,NULL,NULL),(108,15,'85D3FA66-3A9B-4BE8-83C7-43A18392A1FA','21',NULL,NULL,NULL,NULL,NULL,NULL,10,NULL,NULL,NULL,NULL,NULL,NULL,NULL),(109,15,'85D3FA66-3A9B-4BE8-83C7-43A18392A1FA','22',NULL,NULL,NULL,NULL,NULL,NULL,11,NULL,NULL,NULL,NULL,NULL,NULL,NULL),(110,15,'85D3FA66-3A9B-4BE8-83C7-43A18392A1FA','23',NULL,NULL,NULL,NULL,NULL,NULL,12,NULL,NULL,NULL,NULL,NULL,NULL,NULL),(111,15,'85D3FA66-3A9B-4BE8-83C7-43A18392A1FA','24',NULL,NULL,NULL,NULL,NULL,NULL,13,NULL,NULL,NULL,NULL,NULL,NULL,NULL),(112,15,'85D3FA66-3A9B-4BE8-83C7-43A18392A1FA','25',NULL,NULL,NULL,NULL,NULL,NULL,14,NULL,NULL,NULL,NULL,NULL,NULL,NULL),(113,16,'1F8B47C0-3E18-47BD-87A6-44AC09C7156E','38.5',NULL,NULL,NULL,NULL,NULL,NULL,1,NULL,NULL,NULL,NULL,NULL,NULL,NULL),(114,16,'1F8B47C0-3E18-47BD-87A6-44AC09C7156E','39',NULL,NULL,NULL,NULL,NULL,NULL,2,NULL,NULL,NULL,NULL,NULL,NULL,NULL),(115,16,'1F8B47C0-3E18-47BD-87A6-44AC09C7156E','39.5',NULL,NULL,NULL,NULL,NULL,NULL,3,NULL,NULL,NULL,NULL,NULL,NULL,NULL),(116,16,'1F8B47C0-3E18-47BD-87A6-44AC09C7156E','40',NULL,NULL,NULL,NULL,NULL,NULL,4,NULL,NULL,NULL,NULL,NULL,NULL,NULL),(117,16,'1F8B47C0-3E18-47BD-87A6-44AC09C7156E','40.5',NULL,NULL,NULL,NULL,NULL,NULL,5,NULL,NULL,NULL,NULL,NULL,NULL,NULL),(118,16,'1F8B47C0-3E18-47BD-87A6-44AC09C7156E','41',NULL,NULL,NULL,NULL,NULL,NULL,6,NULL,NULL,NULL,NULL,NULL,NULL,NULL),(119,16,'1F8B47C0-3E18-47BD-87A6-44AC09C7156E','41.5',NULL,NULL,NULL,NULL,NULL,NULL,7,NULL,NULL,NULL,NULL,NULL,NULL,NULL),(120,16,'1F8B47C0-3E18-47BD-87A6-44AC09C7156E','42',NULL,NULL,NULL,NULL,NULL,NULL,8,NULL,NULL,NULL,NULL,NULL,NULL,NULL),(121,16,'1F8B47C0-3E18-47BD-87A6-44AC09C7156E','42.5',NULL,NULL,NULL,NULL,NULL,NULL,9,NULL,NULL,NULL,NULL,NULL,NULL,NULL),(122,16,'1F8B47C0-3E18-47BD-87A6-44AC09C7156E','43',NULL,NULL,NULL,NULL,NULL,NULL,10,NULL,NULL,NULL,NULL,NULL,NULL,NULL),(123,16,'1F8B47C0-3E18-47BD-87A6-44AC09C7156E','43.5',NULL,NULL,NULL,NULL,NULL,NULL,11,NULL,NULL,NULL,NULL,NULL,NULL,NULL),(124,16,'1F8B47C0-3E18-47BD-87A6-44AC09C7156E','44',NULL,NULL,NULL,NULL,NULL,NULL,12,NULL,NULL,NULL,NULL,NULL,NULL,NULL),(125,16,'1F8B47C0-3E18-47BD-87A6-44AC09C7156E','44.5',NULL,NULL,NULL,NULL,NULL,NULL,13,NULL,NULL,NULL,NULL,NULL,NULL,NULL),(126,16,'1F8B47C0-3E18-47BD-87A6-44AC09C7156E','45',NULL,NULL,NULL,NULL,NULL,NULL,14,NULL,NULL,NULL,NULL,NULL,NULL,NULL),(127,16,'1F8B47C0-3E18-47BD-87A6-44AC09C7156E','45.5',NULL,NULL,NULL,NULL,NULL,NULL,15,NULL,NULL,NULL,NULL,NULL,NULL,NULL),(128,16,'1F8B47C0-3E18-47BD-87A6-44AC09C7156E','46',NULL,NULL,NULL,NULL,NULL,NULL,16,NULL,NULL,NULL,NULL,NULL,NULL,NULL),(129,17,'DF1DC957-FFE4-4E23-9864-4C6BF6072CCC','6M-12M',NULL,NULL,NULL,NULL,NULL,NULL,1,NULL,NULL,NULL,NULL,NULL,NULL,NULL),(130,17,'DF1DC957-FFE4-4E23-9864-4C6BF6072CCC','12M-18M',NULL,NULL,NULL,NULL,NULL,NULL,2,NULL,NULL,NULL,NULL,NULL,NULL,NULL),(131,17,'DF1DC957-FFE4-4E23-9864-4C6BF6072CCC','18M-24M',NULL,NULL,NULL,NULL,NULL,NULL,3,NULL,NULL,NULL,NULL,NULL,NULL,NULL),(132,17,'DF1DC957-FFE4-4E23-9864-4C6BF6072CCC','2Y-3Y',NULL,NULL,NULL,NULL,NULL,NULL,4,NULL,NULL,NULL,NULL,NULL,NULL,NULL),(133,17,'DF1DC957-FFE4-4E23-9864-4C6BF6072CCC','3Y-4Y',NULL,NULL,NULL,NULL,NULL,NULL,5,NULL,NULL,NULL,NULL,NULL,NULL,NULL),(134,17,'DF1DC957-FFE4-4E23-9864-4C6BF6072CCC','4Y-5Y',NULL,NULL,NULL,NULL,NULL,NULL,6,NULL,NULL,NULL,NULL,NULL,NULL,NULL),(135,17,'DF1DC957-FFE4-4E23-9864-4C6BF6072CCC','6Y-7Y',NULL,NULL,NULL,NULL,NULL,NULL,7,NULL,NULL,NULL,NULL,NULL,NULL,NULL),(136,17,'DF1DC957-FFE4-4E23-9864-4C6BF6072CCC','8Y-9Y',NULL,NULL,NULL,NULL,NULL,NULL,8,NULL,NULL,NULL,NULL,NULL,NULL,NULL),(137,17,'DF1DC957-FFE4-4E23-9864-4C6BF6072CCC','10Y-11Y',NULL,NULL,NULL,NULL,NULL,NULL,9,NULL,NULL,NULL,NULL,NULL,NULL,NULL),(138,17,'DF1DC957-FFE4-4E23-9864-4C6BF6072CCC','12Y-14Y',NULL,NULL,NULL,NULL,NULL,NULL,10,NULL,NULL,NULL,NULL,NULL,NULL,NULL),(139,18,'A1C45E09-EACA-42F9-918B-4D63CD99ABE4','T1',NULL,NULL,NULL,NULL,NULL,NULL,1,NULL,NULL,NULL,NULL,NULL,NULL,NULL),(140,18,'A1C45E09-EACA-42F9-918B-4D63CD99ABE4','T2',NULL,NULL,NULL,NULL,NULL,NULL,2,NULL,NULL,NULL,NULL,NULL,NULL,NULL),(141,18,'A1C45E09-EACA-42F9-918B-4D63CD99ABE4','T3',NULL,NULL,NULL,NULL,NULL,NULL,3,NULL,NULL,NULL,NULL,NULL,NULL,NULL),(142,18,'A1C45E09-EACA-42F9-918B-4D63CD99ABE4','3M/6M',NULL,NULL,NULL,NULL,NULL,NULL,4,NULL,NULL,NULL,NULL,NULL,NULL,NULL),(143,18,'A1C45E09-EACA-42F9-918B-4D63CD99ABE4','9M/12M',NULL,NULL,NULL,NULL,NULL,NULL,5,NULL,NULL,NULL,NULL,NULL,NULL,NULL),(144,18,'A1C45E09-EACA-42F9-918B-4D63CD99ABE4','18M/3A',NULL,NULL,NULL,NULL,NULL,NULL,6,NULL,NULL,NULL,NULL,NULL,NULL,NULL),(145,18,'A1C45E09-EACA-42F9-918B-4D63CD99ABE4','2A/4A',NULL,NULL,NULL,NULL,NULL,NULL,7,NULL,NULL,NULL,NULL,NULL,NULL,NULL),(146,18,'A1C45E09-EACA-42F9-918B-4D63CD99ABE4','5A/8A',NULL,NULL,NULL,NULL,NULL,NULL,8,NULL,NULL,NULL,NULL,NULL,NULL,NULL),(147,18,'A1C45E09-EACA-42F9-918B-4D63CD99ABE4','10A/16A',NULL,NULL,NULL,NULL,NULL,NULL,9,NULL,NULL,NULL,NULL,NULL,NULL,NULL),(148,19,'42D24695-52A7-42A1-A3DF-4EF840220ADA','37',NULL,NULL,NULL,NULL,NULL,NULL,1,NULL,NULL,NULL,NULL,NULL,NULL,NULL),(149,19,'42D24695-52A7-42A1-A3DF-4EF840220ADA','38',NULL,NULL,NULL,NULL,NULL,NULL,2,NULL,NULL,NULL,NULL,NULL,NULL,NULL),(150,19,'42D24695-52A7-42A1-A3DF-4EF840220ADA','39',NULL,NULL,NULL,NULL,NULL,NULL,3,NULL,NULL,NULL,NULL,NULL,NULL,NULL),(151,19,'42D24695-52A7-42A1-A3DF-4EF840220ADA','40',NULL,NULL,NULL,NULL,NULL,NULL,4,NULL,NULL,NULL,NULL,NULL,NULL,NULL),(152,19,'42D24695-52A7-42A1-A3DF-4EF840220ADA','41',NULL,NULL,NULL,NULL,NULL,NULL,5,NULL,NULL,NULL,NULL,NULL,NULL,NULL),(153,19,'42D24695-52A7-42A1-A3DF-4EF840220ADA','42',NULL,NULL,NULL,NULL,NULL,NULL,6,NULL,NULL,NULL,NULL,NULL,NULL,NULL),(154,19,'42D24695-52A7-42A1-A3DF-4EF840220ADA','43',NULL,NULL,NULL,NULL,NULL,NULL,7,NULL,NULL,NULL,NULL,NULL,NULL,NULL),(155,19,'42D24695-52A7-42A1-A3DF-4EF840220ADA','44',NULL,NULL,NULL,NULL,NULL,NULL,8,NULL,NULL,NULL,NULL,NULL,NULL,NULL),(156,19,'42D24695-52A7-42A1-A3DF-4EF840220ADA','45',NULL,NULL,NULL,NULL,NULL,NULL,9,NULL,NULL,NULL,NULL,NULL,NULL,NULL),(157,19,'42D24695-52A7-42A1-A3DF-4EF840220ADA','46',NULL,NULL,NULL,NULL,NULL,NULL,10,NULL,NULL,NULL,NULL,NULL,NULL,NULL),(158,20,'A459096A-71D7-42B1-9904-5097BB46BB0D','32',NULL,NULL,NULL,NULL,NULL,NULL,1,NULL,NULL,NULL,NULL,NULL,NULL,NULL),(159,20,'A459096A-71D7-42B1-9904-5097BB46BB0D','34',NULL,NULL,NULL,NULL,NULL,NULL,2,NULL,NULL,NULL,NULL,NULL,NULL,NULL),(160,20,'A459096A-71D7-42B1-9904-5097BB46BB0D','36',NULL,NULL,NULL,NULL,NULL,NULL,3,NULL,NULL,NULL,NULL,NULL,NULL,NULL),(161,20,'A459096A-71D7-42B1-9904-5097BB46BB0D','38',NULL,NULL,NULL,NULL,NULL,NULL,4,NULL,NULL,NULL,NULL,NULL,NULL,NULL),(162,20,'A459096A-71D7-42B1-9904-5097BB46BB0D','40',NULL,NULL,NULL,NULL,NULL,NULL,5,NULL,NULL,NULL,NULL,NULL,NULL,NULL),(163,20,'A459096A-71D7-42B1-9904-5097BB46BB0D','42',NULL,NULL,NULL,NULL,NULL,NULL,6,NULL,NULL,NULL,NULL,NULL,NULL,NULL),(164,20,'A459096A-71D7-42B1-9904-5097BB46BB0D','44',NULL,NULL,NULL,NULL,NULL,NULL,7,NULL,NULL,NULL,NULL,NULL,NULL,NULL),(165,20,'A459096A-71D7-42B1-9904-5097BB46BB0D','46',NULL,NULL,NULL,NULL,NULL,NULL,8,NULL,NULL,NULL,NULL,NULL,NULL,NULL),(166,20,'A459096A-71D7-42B1-9904-5097BB46BB0D','48',NULL,NULL,NULL,NULL,NULL,NULL,9,NULL,NULL,NULL,NULL,NULL,NULL,NULL),(167,20,'A459096A-71D7-42B1-9904-5097BB46BB0D','50',NULL,NULL,NULL,NULL,NULL,NULL,10,NULL,NULL,NULL,NULL,NULL,NULL,NULL),(168,21,'ABB8D2BD-01F4-402A-B180-59C15C34FE52','46',NULL,NULL,NULL,NULL,NULL,NULL,1,NULL,NULL,NULL,NULL,NULL,NULL,NULL),(169,21,'ABB8D2BD-01F4-402A-B180-59C15C34FE52','48',NULL,NULL,NULL,NULL,NULL,NULL,2,NULL,NULL,NULL,NULL,NULL,NULL,NULL),(170,21,'ABB8D2BD-01F4-402A-B180-59C15C34FE52','50',NULL,NULL,NULL,NULL,NULL,NULL,3,NULL,NULL,NULL,NULL,NULL,NULL,NULL),(171,21,'ABB8D2BD-01F4-402A-B180-59C15C34FE52','52',NULL,NULL,NULL,NULL,NULL,NULL,4,NULL,NULL,NULL,NULL,NULL,NULL,NULL),(172,21,'ABB8D2BD-01F4-402A-B180-59C15C34FE52','54',NULL,NULL,NULL,NULL,NULL,NULL,5,NULL,NULL,NULL,NULL,NULL,NULL,NULL),(173,21,'ABB8D2BD-01F4-402A-B180-59C15C34FE52','56',NULL,NULL,NULL,NULL,NULL,NULL,6,NULL,NULL,NULL,NULL,NULL,NULL,NULL),(174,21,'ABB8D2BD-01F4-402A-B180-59C15C34FE52','58',NULL,NULL,NULL,NULL,NULL,NULL,7,NULL,NULL,NULL,NULL,NULL,NULL,NULL),(175,21,'ABB8D2BD-01F4-402A-B180-59C15C34FE52','60',NULL,NULL,NULL,NULL,NULL,NULL,8,NULL,NULL,NULL,NULL,NULL,NULL,NULL),(176,23,'C3C3D5EE-3226-42CC-A928-63225E771810','3.5',NULL,NULL,NULL,NULL,NULL,NULL,1,NULL,NULL,NULL,NULL,NULL,NULL,NULL),(177,23,'C3C3D5EE-3226-42CC-A928-63225E771810','4',NULL,NULL,NULL,NULL,NULL,NULL,2,NULL,NULL,NULL,NULL,NULL,NULL,NULL),(178,23,'C3C3D5EE-3226-42CC-A928-63225E771810','4.5',NULL,NULL,NULL,NULL,NULL,NULL,3,NULL,NULL,NULL,NULL,NULL,NULL,NULL),(179,23,'C3C3D5EE-3226-42CC-A928-63225E771810','5',NULL,NULL,NULL,NULL,NULL,NULL,4,NULL,NULL,NULL,NULL,NULL,NULL,NULL),(180,23,'C3C3D5EE-3226-42CC-A928-63225E771810','5.5',NULL,NULL,NULL,NULL,NULL,NULL,5,NULL,NULL,NULL,NULL,NULL,NULL,NULL),(181,23,'C3C3D5EE-3226-42CC-A928-63225E771810','6',NULL,NULL,NULL,NULL,NULL,NULL,6,NULL,NULL,NULL,NULL,NULL,NULL,NULL),(182,23,'C3C3D5EE-3226-42CC-A928-63225E771810','6.5',NULL,NULL,NULL,NULL,NULL,NULL,7,NULL,NULL,NULL,NULL,NULL,NULL,NULL),(183,23,'C3C3D5EE-3226-42CC-A928-63225E771810','7',NULL,NULL,NULL,NULL,NULL,NULL,8,NULL,NULL,NULL,NULL,NULL,NULL,NULL),(184,23,'C3C3D5EE-3226-42CC-A928-63225E771810','7.5',NULL,NULL,NULL,NULL,NULL,NULL,9,NULL,NULL,NULL,NULL,NULL,NULL,NULL),(185,23,'C3C3D5EE-3226-42CC-A928-63225E771810','8',NULL,NULL,NULL,NULL,NULL,NULL,10,NULL,NULL,NULL,NULL,NULL,NULL,NULL),(186,23,'C3C3D5EE-3226-42CC-A928-63225E771810','8.5',NULL,NULL,NULL,NULL,NULL,NULL,11,NULL,NULL,NULL,NULL,NULL,NULL,NULL),(187,23,'C3C3D5EE-3226-42CC-A928-63225E771810','9',NULL,NULL,NULL,NULL,NULL,NULL,12,NULL,NULL,NULL,NULL,NULL,NULL,NULL),(188,23,'C3C3D5EE-3226-42CC-A928-63225E771810','9.5',NULL,NULL,NULL,NULL,NULL,NULL,13,NULL,NULL,NULL,NULL,NULL,NULL,NULL),(189,23,'C3C3D5EE-3226-42CC-A928-63225E771810','10',NULL,NULL,NULL,NULL,NULL,NULL,14,NULL,NULL,NULL,NULL,NULL,NULL,NULL),(190,23,'C3C3D5EE-3226-42CC-A928-63225E771810','10.5',NULL,NULL,NULL,NULL,NULL,NULL,15,NULL,NULL,NULL,NULL,NULL,NULL,NULL),(191,23,'C3C3D5EE-3226-42CC-A928-63225E771810','11',NULL,NULL,NULL,NULL,NULL,NULL,16,NULL,NULL,NULL,NULL,NULL,NULL,NULL),(192,23,'C3C3D5EE-3226-42CC-A928-63225E771810','11.5',NULL,NULL,NULL,NULL,NULL,NULL,17,NULL,NULL,NULL,NULL,NULL,NULL,NULL),(193,23,'C3C3D5EE-3226-42CC-A928-63225E771810','12',NULL,NULL,NULL,NULL,NULL,NULL,18,NULL,NULL,NULL,NULL,NULL,NULL,NULL),(194,24,'C3C567A8-F042-4F3A-93C6-6D93F1EEB397','2-3',NULL,NULL,NULL,NULL,NULL,NULL,1,NULL,NULL,NULL,NULL,NULL,NULL,NULL),(195,24,'C3C567A8-F042-4F3A-93C6-6D93F1EEB397','4-5',NULL,NULL,NULL,NULL,NULL,NULL,2,NULL,NULL,NULL,NULL,NULL,NULL,NULL),(196,24,'C3C567A8-F042-4F3A-93C6-6D93F1EEB397','6-7',NULL,NULL,NULL,NULL,NULL,NULL,3,NULL,NULL,NULL,NULL,NULL,NULL,NULL),(197,25,'FEF12D0D-D747-4C09-98D0-6EB3FBEFAB38','UNI',NULL,NULL,NULL,NULL,NULL,NULL,1,NULL,NULL,NULL,NULL,NULL,NULL,NULL),(198,27,'744367CC-FFF0-4A08-891D-8987C47ED1EF','24',NULL,NULL,NULL,NULL,NULL,NULL,1,NULL,NULL,NULL,NULL,NULL,NULL,NULL),(199,27,'744367CC-FFF0-4A08-891D-8987C47ED1EF','25',NULL,NULL,NULL,NULL,NULL,NULL,2,NULL,NULL,NULL,NULL,NULL,NULL,NULL),(200,27,'744367CC-FFF0-4A08-891D-8987C47ED1EF','26',NULL,NULL,NULL,NULL,NULL,NULL,3,NULL,NULL,NULL,NULL,NULL,NULL,NULL),(201,27,'744367CC-FFF0-4A08-891D-8987C47ED1EF','27',NULL,NULL,NULL,NULL,NULL,NULL,4,NULL,NULL,NULL,NULL,NULL,NULL,NULL),(202,27,'744367CC-FFF0-4A08-891D-8987C47ED1EF','28',NULL,NULL,NULL,NULL,NULL,NULL,5,NULL,NULL,NULL,NULL,NULL,NULL,NULL),(203,27,'744367CC-FFF0-4A08-891D-8987C47ED1EF','29',NULL,NULL,NULL,NULL,NULL,NULL,6,NULL,NULL,NULL,NULL,NULL,NULL,NULL),(204,27,'744367CC-FFF0-4A08-891D-8987C47ED1EF','30',NULL,NULL,NULL,NULL,NULL,NULL,7,NULL,NULL,NULL,NULL,NULL,NULL,NULL),(205,27,'744367CC-FFF0-4A08-891D-8987C47ED1EF','31',NULL,NULL,NULL,NULL,NULL,NULL,8,NULL,NULL,NULL,NULL,NULL,NULL,NULL),(206,27,'744367CC-FFF0-4A08-891D-8987C47ED1EF','32',NULL,NULL,NULL,NULL,NULL,NULL,9,NULL,NULL,NULL,NULL,NULL,NULL,NULL),(207,27,'744367CC-FFF0-4A08-891D-8987C47ED1EF','33',NULL,NULL,NULL,NULL,NULL,NULL,10,NULL,NULL,NULL,NULL,NULL,NULL,NULL),(208,27,'744367CC-FFF0-4A08-891D-8987C47ED1EF','34',NULL,NULL,NULL,NULL,NULL,NULL,11,NULL,NULL,NULL,NULL,NULL,NULL,NULL),(209,28,'A08B212F-609D-4D21-A8F6-8BCBFC298635','4.5',NULL,NULL,NULL,NULL,NULL,NULL,1,NULL,NULL,NULL,NULL,NULL,NULL,NULL),(210,28,'A08B212F-609D-4D21-A8F6-8BCBFC298635','5',NULL,NULL,NULL,NULL,NULL,NULL,2,NULL,NULL,NULL,NULL,NULL,NULL,NULL),(211,28,'A08B212F-609D-4D21-A8F6-8BCBFC298635','5.5',NULL,NULL,NULL,NULL,NULL,NULL,3,NULL,NULL,NULL,NULL,NULL,NULL,NULL),(212,28,'A08B212F-609D-4D21-A8F6-8BCBFC298635','6',NULL,NULL,NULL,NULL,NULL,NULL,4,NULL,NULL,NULL,NULL,NULL,NULL,NULL),(213,28,'A08B212F-609D-4D21-A8F6-8BCBFC298635','6.5',NULL,NULL,NULL,NULL,NULL,NULL,5,NULL,NULL,NULL,NULL,NULL,NULL,NULL),(214,28,'A08B212F-609D-4D21-A8F6-8BCBFC298635','7',NULL,NULL,NULL,NULL,NULL,NULL,6,NULL,NULL,NULL,NULL,NULL,NULL,NULL),(215,28,'A08B212F-609D-4D21-A8F6-8BCBFC298635','7.5',NULL,NULL,NULL,NULL,NULL,NULL,7,NULL,NULL,NULL,NULL,NULL,NULL,NULL),(216,28,'A08B212F-609D-4D21-A8F6-8BCBFC298635','8',NULL,NULL,NULL,NULL,NULL,NULL,8,NULL,NULL,NULL,NULL,NULL,NULL,NULL),(217,28,'A08B212F-609D-4D21-A8F6-8BCBFC298635','8.5',NULL,NULL,NULL,NULL,NULL,NULL,9,NULL,NULL,NULL,NULL,NULL,NULL,NULL),(218,28,'A08B212F-609D-4D21-A8F6-8BCBFC298635','9',NULL,NULL,NULL,NULL,NULL,NULL,10,NULL,NULL,NULL,NULL,NULL,NULL,NULL),(219,28,'A08B212F-609D-4D21-A8F6-8BCBFC298635','9.5',NULL,NULL,NULL,NULL,NULL,NULL,11,NULL,NULL,NULL,NULL,NULL,NULL,NULL),(220,28,'A08B212F-609D-4D21-A8F6-8BCBFC298635','10',NULL,NULL,NULL,NULL,NULL,NULL,12,NULL,NULL,NULL,NULL,NULL,NULL,NULL),(221,28,'A08B212F-609D-4D21-A8F6-8BCBFC298635','10.5',NULL,NULL,NULL,NULL,NULL,NULL,13,NULL,NULL,NULL,NULL,NULL,NULL,NULL),(222,28,'A08B212F-609D-4D21-A8F6-8BCBFC298635','11',NULL,NULL,NULL,NULL,NULL,NULL,14,NULL,NULL,NULL,NULL,NULL,NULL,NULL),(223,28,'A08B212F-609D-4D21-A8F6-8BCBFC298635','11.5',NULL,NULL,NULL,NULL,NULL,NULL,15,NULL,NULL,NULL,NULL,NULL,NULL,NULL),(224,28,'A08B212F-609D-4D21-A8F6-8BCBFC298635','12',NULL,NULL,NULL,NULL,NULL,NULL,16,NULL,NULL,NULL,NULL,NULL,NULL,NULL),(225,28,'A08B212F-609D-4D21-A8F6-8BCBFC298635','12.5',NULL,NULL,NULL,NULL,NULL,NULL,17,NULL,NULL,NULL,NULL,NULL,NULL,NULL),(226,28,'A08B212F-609D-4D21-A8F6-8BCBFC298635','13',NULL,NULL,NULL,NULL,NULL,NULL,18,NULL,NULL,NULL,NULL,NULL,NULL,NULL),(227,29,'FF341A6F-5092-4C07-AA91-9288C8BF1CAA','XXXS',NULL,NULL,NULL,NULL,NULL,NULL,1,NULL,NULL,NULL,NULL,NULL,NULL,NULL),(228,29,'FF341A6F-5092-4C07-AA91-9288C8BF1CAA','XXS',NULL,NULL,NULL,NULL,NULL,NULL,2,NULL,NULL,NULL,NULL,NULL,NULL,NULL),(229,29,'FF341A6F-5092-4C07-AA91-9288C8BF1CAA','XS',NULL,NULL,NULL,NULL,NULL,NULL,3,NULL,NULL,NULL,NULL,NULL,NULL,NULL),(230,29,'FF341A6F-5092-4C07-AA91-9288C8BF1CAA','S',NULL,NULL,NULL,NULL,NULL,NULL,4,NULL,NULL,NULL,NULL,NULL,NULL,NULL),(231,29,'FF341A6F-5092-4C07-AA91-9288C8BF1CAA','M',NULL,NULL,NULL,NULL,NULL,NULL,5,NULL,NULL,NULL,NULL,NULL,NULL,NULL),(232,29,'FF341A6F-5092-4C07-AA91-9288C8BF1CAA','L',NULL,NULL,NULL,NULL,NULL,NULL,6,NULL,NULL,NULL,NULL,NULL,NULL,NULL),(233,29,'FF341A6F-5092-4C07-AA91-9288C8BF1CAA','XL',NULL,NULL,NULL,NULL,NULL,NULL,7,NULL,NULL,NULL,NULL,NULL,NULL,NULL),(234,29,'FF341A6F-5092-4C07-AA91-9288C8BF1CAA','XXL',NULL,NULL,NULL,NULL,NULL,NULL,8,NULL,NULL,NULL,NULL,NULL,NULL,NULL),(235,29,'FF341A6F-5092-4C07-AA91-9288C8BF1CAA','XXXL',NULL,NULL,NULL,NULL,NULL,NULL,9,NULL,NULL,NULL,NULL,NULL,NULL,NULL),(236,29,'FF341A6F-5092-4C07-AA91-9288C8BF1CAA','XXXXL',NULL,NULL,NULL,NULL,NULL,NULL,10,NULL,NULL,NULL,NULL,NULL,NULL,NULL),(237,30,'3636ADD1-B9BC-40A3-88B5-94D9CF75B28E','46',NULL,NULL,NULL,NULL,NULL,NULL,1,NULL,NULL,NULL,NULL,NULL,NULL,NULL),(238,30,'3636ADD1-B9BC-40A3-88B5-94D9CF75B28E','48',NULL,NULL,NULL,NULL,NULL,NULL,2,NULL,NULL,NULL,NULL,NULL,NULL,NULL),(239,30,'3636ADD1-B9BC-40A3-88B5-94D9CF75B28E','50',NULL,NULL,NULL,NULL,NULL,NULL,3,NULL,NULL,NULL,NULL,NULL,NULL,NULL),(240,30,'3636ADD1-B9BC-40A3-88B5-94D9CF75B28E','52',NULL,NULL,NULL,NULL,NULL,NULL,4,NULL,NULL,NULL,NULL,NULL,NULL,NULL),(241,30,'3636ADD1-B9BC-40A3-88B5-94D9CF75B28E','54',NULL,NULL,NULL,NULL,NULL,NULL,5,NULL,NULL,NULL,NULL,NULL,NULL,NULL),(242,30,'3636ADD1-B9BC-40A3-88B5-94D9CF75B28E','56',NULL,NULL,NULL,NULL,NULL,NULL,6,NULL,NULL,NULL,NULL,NULL,NULL,NULL),(243,30,'3636ADD1-B9BC-40A3-88B5-94D9CF75B28E','58',NULL,NULL,NULL,NULL,NULL,NULL,7,NULL,NULL,NULL,NULL,NULL,NULL,NULL),(244,30,'3636ADD1-B9BC-40A3-88B5-94D9CF75B28E','60',NULL,NULL,NULL,NULL,NULL,NULL,8,NULL,NULL,NULL,NULL,NULL,NULL,NULL),(245,30,'3636ADD1-B9BC-40A3-88B5-94D9CF75B28E','62',NULL,NULL,NULL,NULL,NULL,NULL,9,NULL,NULL,NULL,NULL,NULL,NULL,NULL),(246,30,'3636ADD1-B9BC-40A3-88B5-94D9CF75B28E','64',NULL,NULL,NULL,NULL,NULL,NULL,10,NULL,NULL,NULL,NULL,NULL,NULL,NULL),(247,30,'3636ADD1-B9BC-40A3-88B5-94D9CF75B28E','66',NULL,NULL,NULL,NULL,NULL,NULL,11,NULL,NULL,NULL,NULL,NULL,NULL,NULL),(248,30,'3636ADD1-B9BC-40A3-88B5-94D9CF75B28E','68',NULL,NULL,NULL,NULL,NULL,NULL,12,NULL,NULL,NULL,NULL,NULL,NULL,NULL),(249,30,'3636ADD1-B9BC-40A3-88B5-94D9CF75B28E','70',NULL,NULL,NULL,NULL,NULL,NULL,13,NULL,NULL,NULL,NULL,NULL,NULL,NULL),(250,30,'3636ADD1-B9BC-40A3-88B5-94D9CF75B28E','72',NULL,NULL,NULL,NULL,NULL,NULL,14,NULL,NULL,NULL,NULL,NULL,NULL,NULL),(251,31,'D80BEA95-5F83-4B43-82C9-955AAB764FC2','1M',NULL,NULL,NULL,NULL,NULL,NULL,1,NULL,NULL,NULL,NULL,NULL,NULL,NULL),(252,31,'D80BEA95-5F83-4B43-82C9-955AAB764FC2','3M',NULL,NULL,NULL,NULL,NULL,NULL,2,NULL,NULL,NULL,NULL,NULL,NULL,NULL),(253,31,'D80BEA95-5F83-4B43-82C9-955AAB764FC2','6M',NULL,NULL,NULL,NULL,NULL,NULL,3,NULL,NULL,NULL,NULL,NULL,NULL,NULL),(254,31,'D80BEA95-5F83-4B43-82C9-955AAB764FC2','9M',NULL,NULL,NULL,NULL,NULL,NULL,4,NULL,NULL,NULL,NULL,NULL,NULL,NULL),(255,32,'17A1B8F2-4844-41B9-B44A-9C62CD4E5956','3M',NULL,NULL,NULL,NULL,NULL,NULL,1,NULL,NULL,NULL,NULL,NULL,NULL,NULL),(256,32,'17A1B8F2-4844-41B9-B44A-9C62CD4E5956','6M',NULL,NULL,NULL,NULL,NULL,NULL,2,NULL,NULL,NULL,NULL,NULL,NULL,NULL),(257,32,'17A1B8F2-4844-41B9-B44A-9C62CD4E5956','9M',NULL,NULL,NULL,NULL,NULL,NULL,3,NULL,NULL,NULL,NULL,NULL,NULL,NULL),(258,32,'17A1B8F2-4844-41B9-B44A-9C62CD4E5956','12M',NULL,NULL,NULL,NULL,NULL,NULL,4,NULL,NULL,NULL,NULL,NULL,NULL,NULL),(259,32,'17A1B8F2-4844-41B9-B44A-9C62CD4E5956','18M',NULL,NULL,NULL,NULL,NULL,NULL,5,NULL,NULL,NULL,NULL,NULL,NULL,NULL),(260,32,'17A1B8F2-4844-41B9-B44A-9C62CD4E5956','2A',NULL,NULL,NULL,NULL,NULL,NULL,6,NULL,NULL,NULL,NULL,NULL,NULL,NULL),(261,32,'17A1B8F2-4844-41B9-B44A-9C62CD4E5956','3A',NULL,NULL,NULL,NULL,NULL,NULL,7,NULL,NULL,NULL,NULL,NULL,NULL,NULL),(262,32,'17A1B8F2-4844-41B9-B44A-9C62CD4E5956','4A',NULL,NULL,NULL,NULL,NULL,NULL,8,NULL,NULL,NULL,NULL,NULL,NULL,NULL),(263,32,'17A1B8F2-4844-41B9-B44A-9C62CD4E5956','5A',NULL,NULL,NULL,NULL,NULL,NULL,9,NULL,NULL,NULL,NULL,NULL,NULL,NULL),(264,32,'17A1B8F2-4844-41B9-B44A-9C62CD4E5956','6A',NULL,NULL,NULL,NULL,NULL,NULL,10,NULL,NULL,NULL,NULL,NULL,NULL,NULL),(265,32,'17A1B8F2-4844-41B9-B44A-9C62CD4E5956','7A',NULL,NULL,NULL,NULL,NULL,NULL,11,NULL,NULL,NULL,NULL,NULL,NULL,NULL),(266,32,'17A1B8F2-4844-41B9-B44A-9C62CD4E5956','8A',NULL,NULL,NULL,NULL,NULL,NULL,12,NULL,NULL,NULL,NULL,NULL,NULL,NULL),(267,32,'17A1B8F2-4844-41B9-B44A-9C62CD4E5956','9A',NULL,NULL,NULL,NULL,NULL,NULL,13,NULL,NULL,NULL,NULL,NULL,NULL,NULL),(268,32,'17A1B8F2-4844-41B9-B44A-9C62CD4E5956','10A',NULL,NULL,NULL,NULL,NULL,NULL,14,NULL,NULL,NULL,NULL,NULL,NULL,NULL),(269,32,'17A1B8F2-4844-41B9-B44A-9C62CD4E5956','11A',NULL,NULL,NULL,NULL,NULL,NULL,15,NULL,NULL,NULL,NULL,NULL,NULL,NULL),(270,32,'17A1B8F2-4844-41B9-B44A-9C62CD4E5956','12A',NULL,NULL,NULL,NULL,NULL,NULL,16,NULL,NULL,NULL,NULL,NULL,NULL,NULL),(271,32,'17A1B8F2-4844-41B9-B44A-9C62CD4E5956','13A',NULL,NULL,NULL,NULL,NULL,NULL,17,NULL,NULL,NULL,NULL,NULL,NULL,NULL),(272,32,'17A1B8F2-4844-41B9-B44A-9C62CD4E5956','14A',NULL,NULL,NULL,NULL,NULL,NULL,18,NULL,NULL,NULL,NULL,NULL,NULL,NULL),(273,32,'17A1B8F2-4844-41B9-B44A-9C62CD4E5956','15A',NULL,NULL,NULL,NULL,NULL,NULL,19,NULL,NULL,NULL,NULL,NULL,NULL,NULL),(274,32,'17A1B8F2-4844-41B9-B44A-9C62CD4E5956','16A',NULL,NULL,NULL,NULL,NULL,NULL,20,NULL,NULL,NULL,NULL,NULL,NULL,NULL),(275,33,'491767F2-B5C4-4E3B-B61D-A6910D4FDAAE','2A',NULL,NULL,NULL,NULL,NULL,NULL,1,NULL,NULL,NULL,NULL,NULL,NULL,NULL),(276,33,'491767F2-B5C4-4E3B-B61D-A6910D4FDAAE','3A',NULL,NULL,NULL,NULL,NULL,NULL,2,NULL,NULL,NULL,NULL,NULL,NULL,NULL),(277,33,'491767F2-B5C4-4E3B-B61D-A6910D4FDAAE','4A',NULL,NULL,NULL,NULL,NULL,NULL,3,NULL,NULL,NULL,NULL,NULL,NULL,NULL),(278,33,'491767F2-B5C4-4E3B-B61D-A6910D4FDAAE','5A',NULL,NULL,NULL,NULL,NULL,NULL,4,NULL,NULL,NULL,NULL,NULL,NULL,NULL),(279,33,'491767F2-B5C4-4E3B-B61D-A6910D4FDAAE','6A',NULL,NULL,NULL,NULL,NULL,NULL,5,NULL,NULL,NULL,NULL,NULL,NULL,NULL),(280,34,'7453B913-D501-460D-AB0D-AA914DBA1868','12M',NULL,NULL,NULL,NULL,NULL,NULL,1,NULL,NULL,NULL,NULL,NULL,NULL,NULL),(281,34,'7453B913-D501-460D-AB0D-AA914DBA1868','18M',NULL,NULL,NULL,NULL,NULL,NULL,2,NULL,NULL,NULL,NULL,NULL,NULL,NULL),(282,34,'7453B913-D501-460D-AB0D-AA914DBA1868','24M',NULL,NULL,NULL,NULL,NULL,NULL,3,NULL,NULL,NULL,NULL,NULL,NULL,NULL),(283,35,'60821A09-F2BA-4257-92AA-ABCEEC3E6997','36',NULL,NULL,NULL,NULL,NULL,NULL,1,NULL,NULL,NULL,NULL,NULL,NULL,NULL),(284,35,'60821A09-F2BA-4257-92AA-ABCEEC3E6997','36.5',NULL,NULL,NULL,NULL,NULL,NULL,2,NULL,NULL,NULL,NULL,NULL,NULL,NULL),(285,35,'60821A09-F2BA-4257-92AA-ABCEEC3E6997','37',NULL,NULL,NULL,NULL,NULL,NULL,3,NULL,NULL,NULL,NULL,NULL,NULL,NULL),(286,35,'60821A09-F2BA-4257-92AA-ABCEEC3E6997','37.5',NULL,NULL,NULL,NULL,NULL,NULL,4,NULL,NULL,NULL,NULL,NULL,NULL,NULL),(287,35,'60821A09-F2BA-4257-92AA-ABCEEC3E6997','38',NULL,NULL,NULL,NULL,NULL,NULL,5,NULL,NULL,NULL,NULL,NULL,NULL,NULL),(288,35,'60821A09-F2BA-4257-92AA-ABCEEC3E6997','38.5',NULL,NULL,NULL,NULL,NULL,NULL,6,NULL,NULL,NULL,NULL,NULL,NULL,NULL),(289,35,'60821A09-F2BA-4257-92AA-ABCEEC3E6997','39',NULL,NULL,NULL,NULL,NULL,NULL,7,NULL,NULL,NULL,NULL,NULL,NULL,NULL),(290,35,'60821A09-F2BA-4257-92AA-ABCEEC3E6997','39.5',NULL,NULL,NULL,NULL,NULL,NULL,8,NULL,NULL,NULL,NULL,NULL,NULL,NULL),(291,35,'60821A09-F2BA-4257-92AA-ABCEEC3E6997','40',NULL,NULL,NULL,NULL,NULL,NULL,9,NULL,NULL,NULL,NULL,NULL,NULL,NULL),(292,35,'60821A09-F2BA-4257-92AA-ABCEEC3E6997','40.5',NULL,NULL,NULL,NULL,NULL,NULL,10,NULL,NULL,NULL,NULL,NULL,NULL,NULL),(293,35,'60821A09-F2BA-4257-92AA-ABCEEC3E6997','41',NULL,NULL,NULL,NULL,NULL,NULL,11,NULL,NULL,NULL,NULL,NULL,NULL,NULL),(294,35,'60821A09-F2BA-4257-92AA-ABCEEC3E6997','41.5',NULL,NULL,NULL,NULL,NULL,NULL,12,NULL,NULL,NULL,NULL,NULL,NULL,NULL),(295,35,'60821A09-F2BA-4257-92AA-ABCEEC3E6997','42',NULL,NULL,NULL,NULL,NULL,NULL,13,NULL,NULL,NULL,NULL,NULL,NULL,NULL),(296,35,'60821A09-F2BA-4257-92AA-ABCEEC3E6997','42.5',NULL,NULL,NULL,NULL,NULL,NULL,14,NULL,NULL,NULL,NULL,NULL,NULL,NULL),(297,35,'60821A09-F2BA-4257-92AA-ABCEEC3E6997','43',NULL,NULL,NULL,NULL,NULL,NULL,15,NULL,NULL,NULL,NULL,NULL,NULL,NULL),(298,35,'60821A09-F2BA-4257-92AA-ABCEEC3E6997','43.5',NULL,NULL,NULL,NULL,NULL,NULL,16,NULL,NULL,NULL,NULL,NULL,NULL,NULL),(299,35,'60821A09-F2BA-4257-92AA-ABCEEC3E6997','44',NULL,NULL,NULL,NULL,NULL,NULL,17,NULL,NULL,NULL,NULL,NULL,NULL,NULL),(300,35,'60821A09-F2BA-4257-92AA-ABCEEC3E6997','44.5',NULL,NULL,NULL,NULL,NULL,NULL,18,NULL,NULL,NULL,NULL,NULL,NULL,NULL),(301,35,'60821A09-F2BA-4257-92AA-ABCEEC3E6997','45',NULL,NULL,NULL,NULL,NULL,NULL,19,NULL,NULL,NULL,NULL,NULL,NULL,NULL),(302,37,'52CD99AF-E24E-4CD8-98EB-B381CD148BBD','1M-3M',NULL,NULL,NULL,NULL,NULL,NULL,1,NULL,NULL,NULL,NULL,NULL,NULL,NULL),(303,37,'52CD99AF-E24E-4CD8-98EB-B381CD148BBD','3M-6M',NULL,NULL,NULL,NULL,NULL,NULL,2,NULL,NULL,NULL,NULL,NULL,NULL,NULL),(304,37,'52CD99AF-E24E-4CD8-98EB-B381CD148BBD','6M-9M',NULL,NULL,NULL,NULL,NULL,NULL,3,NULL,NULL,NULL,NULL,NULL,NULL,NULL),(305,37,'52CD99AF-E24E-4CD8-98EB-B381CD148BBD','9M-12M',NULL,NULL,NULL,NULL,NULL,NULL,4,NULL,NULL,NULL,NULL,NULL,NULL,NULL),(306,37,'52CD99AF-E24E-4CD8-98EB-B381CD148BBD','12M-18M',NULL,NULL,NULL,NULL,NULL,NULL,5,NULL,NULL,NULL,NULL,NULL,NULL,NULL),(307,37,'52CD99AF-E24E-4CD8-98EB-B381CD148BBD','18M-24M',NULL,NULL,NULL,NULL,NULL,NULL,6,NULL,NULL,NULL,NULL,NULL,NULL,NULL),(308,37,'52CD99AF-E24E-4CD8-98EB-B381CD148BBD','2A',NULL,NULL,NULL,NULL,NULL,NULL,7,NULL,NULL,NULL,NULL,NULL,NULL,NULL),(309,37,'52CD99AF-E24E-4CD8-98EB-B381CD148BBD','3A',NULL,NULL,NULL,NULL,NULL,NULL,8,NULL,NULL,NULL,NULL,NULL,NULL,NULL),(310,38,'3D1E3F04-4E3D-4820-AF73-BA9B1AE240A6','42',NULL,NULL,NULL,NULL,NULL,NULL,1,NULL,NULL,NULL,NULL,NULL,NULL,NULL),(311,38,'3D1E3F04-4E3D-4820-AF73-BA9B1AE240A6','44',NULL,NULL,NULL,NULL,NULL,NULL,2,NULL,NULL,NULL,NULL,NULL,NULL,NULL),(312,38,'3D1E3F04-4E3D-4820-AF73-BA9B1AE240A6','46',NULL,NULL,NULL,NULL,NULL,NULL,3,NULL,NULL,NULL,NULL,NULL,NULL,NULL),(313,38,'3D1E3F04-4E3D-4820-AF73-BA9B1AE240A6','48',NULL,NULL,NULL,NULL,NULL,NULL,4,NULL,NULL,NULL,NULL,NULL,NULL,NULL),(314,38,'3D1E3F04-4E3D-4820-AF73-BA9B1AE240A6','50',NULL,NULL,NULL,NULL,NULL,NULL,5,NULL,NULL,NULL,NULL,NULL,NULL,NULL),(315,38,'3D1E3F04-4E3D-4820-AF73-BA9B1AE240A6','52',NULL,NULL,NULL,NULL,NULL,NULL,6,NULL,NULL,NULL,NULL,NULL,NULL,NULL),(316,38,'3D1E3F04-4E3D-4820-AF73-BA9B1AE240A6','54',NULL,NULL,NULL,NULL,NULL,NULL,7,NULL,NULL,NULL,NULL,NULL,NULL,NULL),(317,38,'3D1E3F04-4E3D-4820-AF73-BA9B1AE240A6','56',NULL,NULL,NULL,NULL,NULL,NULL,8,NULL,NULL,NULL,NULL,NULL,NULL,NULL),(318,38,'3D1E3F04-4E3D-4820-AF73-BA9B1AE240A6','58',NULL,NULL,NULL,NULL,NULL,NULL,9,NULL,NULL,NULL,NULL,NULL,NULL,NULL),(319,38,'3D1E3F04-4E3D-4820-AF73-BA9B1AE240A6','60',NULL,NULL,NULL,NULL,NULL,NULL,10,NULL,NULL,NULL,NULL,NULL,NULL,NULL),(320,39,'BBE57562-B1DE-4CDC-9C60-BC8793149718','I',NULL,NULL,NULL,NULL,NULL,NULL,1,NULL,NULL,NULL,NULL,NULL,NULL,NULL),(321,39,'BBE57562-B1DE-4CDC-9C60-BC8793149718','II',NULL,NULL,NULL,NULL,NULL,NULL,2,NULL,NULL,NULL,NULL,NULL,NULL,NULL),(322,39,'BBE57562-B1DE-4CDC-9C60-BC8793149718','III',NULL,NULL,NULL,NULL,NULL,NULL,3,NULL,NULL,NULL,NULL,NULL,NULL,NULL),(323,39,'BBE57562-B1DE-4CDC-9C60-BC8793149718','IV',NULL,NULL,NULL,NULL,NULL,NULL,4,NULL,NULL,NULL,NULL,NULL,NULL,NULL),(324,39,'BBE57562-B1DE-4CDC-9C60-BC8793149718','V',NULL,NULL,NULL,NULL,NULL,NULL,5,NULL,NULL,NULL,NULL,NULL,NULL,NULL),(325,39,'BBE57562-B1DE-4CDC-9C60-BC8793149718','VI',NULL,NULL,NULL,NULL,NULL,NULL,6,NULL,NULL,NULL,NULL,NULL,NULL,NULL),(326,39,'BBE57562-B1DE-4CDC-9C60-BC8793149718','VII',NULL,NULL,NULL,NULL,NULL,NULL,7,NULL,NULL,NULL,NULL,NULL,NULL,NULL),(327,39,'BBE57562-B1DE-4CDC-9C60-BC8793149718','VIII',NULL,NULL,NULL,NULL,NULL,NULL,8,NULL,NULL,NULL,NULL,NULL,NULL,NULL),(328,40,'FB8DF189-E2A3-45BE-9138-C0E470C242FF','3',NULL,NULL,NULL,NULL,NULL,NULL,1,NULL,NULL,NULL,NULL,NULL,NULL,NULL),(329,40,'FB8DF189-E2A3-45BE-9138-C0E470C242FF','3.5',NULL,NULL,NULL,NULL,NULL,NULL,2,NULL,NULL,NULL,NULL,NULL,NULL,NULL),(330,40,'FB8DF189-E2A3-45BE-9138-C0E470C242FF','4',NULL,NULL,NULL,NULL,NULL,NULL,3,NULL,NULL,NULL,NULL,NULL,NULL,NULL),(331,40,'FB8DF189-E2A3-45BE-9138-C0E470C242FF','4.5',NULL,NULL,NULL,NULL,NULL,NULL,4,NULL,NULL,NULL,NULL,NULL,NULL,NULL),(332,40,'FB8DF189-E2A3-45BE-9138-C0E470C242FF','5',NULL,NULL,NULL,NULL,NULL,NULL,5,NULL,NULL,NULL,NULL,NULL,NULL,NULL),(333,40,'FB8DF189-E2A3-45BE-9138-C0E470C242FF','5.5',NULL,NULL,NULL,NULL,NULL,NULL,6,NULL,NULL,NULL,NULL,NULL,NULL,NULL),(334,40,'FB8DF189-E2A3-45BE-9138-C0E470C242FF','6',NULL,NULL,NULL,NULL,NULL,NULL,7,NULL,NULL,NULL,NULL,NULL,NULL,NULL),(335,40,'FB8DF189-E2A3-45BE-9138-C0E470C242FF','6.5',NULL,NULL,NULL,NULL,NULL,NULL,8,NULL,NULL,NULL,NULL,NULL,NULL,NULL),(336,40,'FB8DF189-E2A3-45BE-9138-C0E470C242FF','7',NULL,NULL,NULL,NULL,NULL,NULL,9,NULL,NULL,NULL,NULL,NULL,NULL,NULL),(337,40,'FB8DF189-E2A3-45BE-9138-C0E470C242FF','7.5',NULL,NULL,NULL,NULL,NULL,NULL,10,NULL,NULL,NULL,NULL,NULL,NULL,NULL),(338,40,'FB8DF189-E2A3-45BE-9138-C0E470C242FF','8',NULL,NULL,NULL,NULL,NULL,NULL,11,NULL,NULL,NULL,NULL,NULL,NULL,NULL),(339,40,'FB8DF189-E2A3-45BE-9138-C0E470C242FF','8.5',NULL,NULL,NULL,NULL,NULL,NULL,12,NULL,NULL,NULL,NULL,NULL,NULL,NULL),(340,40,'FB8DF189-E2A3-45BE-9138-C0E470C242FF','9',NULL,NULL,NULL,NULL,NULL,NULL,13,NULL,NULL,NULL,NULL,NULL,NULL,NULL),(341,40,'FB8DF189-E2A3-45BE-9138-C0E470C242FF','9.5',NULL,NULL,NULL,NULL,NULL,NULL,14,NULL,NULL,NULL,NULL,NULL,NULL,NULL),(342,40,'FB8DF189-E2A3-45BE-9138-C0E470C242FF','10',NULL,NULL,NULL,NULL,NULL,NULL,15,NULL,NULL,NULL,NULL,NULL,NULL,NULL),(343,41,'E024333F-5316-4C0A-A68E-C5FAF7DD7EA9','9',NULL,NULL,NULL,NULL,NULL,NULL,1,NULL,NULL,NULL,NULL,NULL,NULL,NULL),(344,41,'E024333F-5316-4C0A-A68E-C5FAF7DD7EA9','11',NULL,NULL,NULL,NULL,NULL,NULL,2,NULL,NULL,NULL,NULL,NULL,NULL,NULL),(345,41,'E024333F-5316-4C0A-A68E-C5FAF7DD7EA9','13',NULL,NULL,NULL,NULL,NULL,NULL,3,NULL,NULL,NULL,NULL,NULL,NULL,NULL),(346,41,'E024333F-5316-4C0A-A68E-C5FAF7DD7EA9','15',NULL,NULL,NULL,NULL,NULL,NULL,4,NULL,NULL,NULL,NULL,NULL,NULL,NULL),(347,41,'E024333F-5316-4C0A-A68E-C5FAF7DD7EA9','16',NULL,NULL,NULL,NULL,NULL,NULL,5,NULL,NULL,NULL,NULL,NULL,NULL,NULL),(348,41,'E024333F-5316-4C0A-A68E-C5FAF7DD7EA9','17',NULL,NULL,NULL,NULL,NULL,NULL,6,NULL,NULL,NULL,NULL,NULL,NULL,NULL),(349,41,'E024333F-5316-4C0A-A68E-C5FAF7DD7EA9','18',NULL,NULL,NULL,NULL,NULL,NULL,7,NULL,NULL,NULL,NULL,NULL,NULL,NULL),(350,41,'E024333F-5316-4C0A-A68E-C5FAF7DD7EA9','19',NULL,NULL,NULL,NULL,NULL,NULL,8,NULL,NULL,NULL,NULL,NULL,NULL,NULL),(351,41,'E024333F-5316-4C0A-A68E-C5FAF7DD7EA9','20',NULL,NULL,NULL,NULL,NULL,NULL,9,NULL,NULL,NULL,NULL,NULL,NULL,NULL),(352,41,'E024333F-5316-4C0A-A68E-C5FAF7DD7EA9','21',NULL,NULL,NULL,NULL,NULL,NULL,10,NULL,NULL,NULL,NULL,NULL,NULL,NULL),(353,41,'E024333F-5316-4C0A-A68E-C5FAF7DD7EA9','22',NULL,NULL,NULL,NULL,NULL,NULL,11,NULL,NULL,NULL,NULL,NULL,NULL,NULL),(354,41,'E024333F-5316-4C0A-A68E-C5FAF7DD7EA9','23',NULL,NULL,NULL,NULL,NULL,NULL,12,NULL,NULL,NULL,NULL,NULL,NULL,NULL),(355,41,'E024333F-5316-4C0A-A68E-C5FAF7DD7EA9','24',NULL,NULL,NULL,NULL,NULL,NULL,13,NULL,NULL,NULL,NULL,NULL,NULL,NULL),(356,41,'E024333F-5316-4C0A-A68E-C5FAF7DD7EA9','25',NULL,NULL,NULL,NULL,NULL,NULL,14,NULL,NULL,NULL,NULL,NULL,NULL,NULL),(357,42,'43D93EA5-A8B6-4E6B-B5AA-CE4D13471A4F','3436',NULL,NULL,NULL,NULL,NULL,NULL,1,NULL,NULL,NULL,NULL,NULL,NULL,NULL),(358,42,'43D93EA5-A8B6-4E6B-B5AA-CE4D13471A4F','3739',NULL,NULL,NULL,NULL,NULL,NULL,2,NULL,NULL,NULL,NULL,NULL,NULL,NULL),(359,42,'43D93EA5-A8B6-4E6B-B5AA-CE4D13471A4F','4042',NULL,NULL,NULL,NULL,NULL,NULL,3,NULL,NULL,NULL,NULL,NULL,NULL,NULL),(360,42,'43D93EA5-A8B6-4E6B-B5AA-CE4D13471A4F','4345',NULL,NULL,NULL,NULL,NULL,NULL,4,NULL,NULL,NULL,NULL,NULL,NULL,NULL),(361,43,'FA123364-C678-431C-B629-CEC8FFD0C230','28',NULL,NULL,NULL,NULL,NULL,NULL,1,NULL,NULL,NULL,NULL,NULL,NULL,NULL),(362,43,'FA123364-C678-431C-B629-CEC8FFD0C230','29',NULL,NULL,NULL,NULL,NULL,NULL,2,NULL,NULL,NULL,NULL,NULL,NULL,NULL),(363,43,'FA123364-C678-431C-B629-CEC8FFD0C230','30',NULL,NULL,NULL,NULL,NULL,NULL,3,NULL,NULL,NULL,NULL,NULL,NULL,NULL),(364,43,'FA123364-C678-431C-B629-CEC8FFD0C230','31',NULL,NULL,NULL,NULL,NULL,NULL,4,NULL,NULL,NULL,NULL,NULL,NULL,NULL),(365,43,'FA123364-C678-431C-B629-CEC8FFD0C230','32',NULL,NULL,NULL,NULL,NULL,NULL,5,NULL,NULL,NULL,NULL,NULL,NULL,NULL),(366,43,'FA123364-C678-431C-B629-CEC8FFD0C230','33',NULL,NULL,NULL,NULL,NULL,NULL,6,NULL,NULL,NULL,NULL,NULL,NULL,NULL),(367,43,'FA123364-C678-431C-B629-CEC8FFD0C230','34',NULL,NULL,NULL,NULL,NULL,NULL,7,NULL,NULL,NULL,NULL,NULL,NULL,NULL),(368,43,'FA123364-C678-431C-B629-CEC8FFD0C230','35',NULL,NULL,NULL,NULL,NULL,NULL,8,NULL,NULL,NULL,NULL,NULL,NULL,NULL),(369,43,'FA123364-C678-431C-B629-CEC8FFD0C230','36',NULL,NULL,NULL,NULL,NULL,NULL,9,NULL,NULL,NULL,NULL,NULL,NULL,NULL),(370,43,'FA123364-C678-431C-B629-CEC8FFD0C230','37',NULL,NULL,NULL,NULL,NULL,NULL,10,NULL,NULL,NULL,NULL,NULL,NULL,NULL),(371,43,'FA123364-C678-431C-B629-CEC8FFD0C230','38',NULL,NULL,NULL,NULL,NULL,NULL,11,NULL,NULL,NULL,NULL,NULL,NULL,NULL),(372,43,'FA123364-C678-431C-B629-CEC8FFD0C230','39',NULL,NULL,NULL,NULL,NULL,NULL,12,NULL,NULL,NULL,NULL,NULL,NULL,NULL),(373,43,'FA123364-C678-431C-B629-CEC8FFD0C230','40',NULL,NULL,NULL,NULL,NULL,NULL,13,NULL,NULL,NULL,NULL,NULL,NULL,NULL),(374,44,'CB044BC7-E402-4D26-BDC1-D1880536AF9A','44',NULL,NULL,NULL,NULL,NULL,NULL,1,NULL,NULL,NULL,NULL,NULL,NULL,NULL),(375,44,'CB044BC7-E402-4D26-BDC1-D1880536AF9A','46',NULL,NULL,NULL,NULL,NULL,NULL,2,NULL,NULL,NULL,NULL,NULL,NULL,NULL),(376,44,'CB044BC7-E402-4D26-BDC1-D1880536AF9A','48',NULL,NULL,NULL,NULL,NULL,NULL,3,NULL,NULL,NULL,NULL,NULL,NULL,NULL),(377,44,'CB044BC7-E402-4D26-BDC1-D1880536AF9A','50',NULL,NULL,NULL,NULL,NULL,NULL,4,NULL,NULL,NULL,NULL,NULL,NULL,NULL),(378,44,'CB044BC7-E402-4D26-BDC1-D1880536AF9A','52',NULL,NULL,NULL,NULL,NULL,NULL,5,NULL,NULL,NULL,NULL,NULL,NULL,NULL),(379,44,'CB044BC7-E402-4D26-BDC1-D1880536AF9A','54',NULL,NULL,NULL,NULL,NULL,NULL,6,NULL,NULL,NULL,NULL,NULL,NULL,NULL),(380,44,'CB044BC7-E402-4D26-BDC1-D1880536AF9A','56',NULL,NULL,NULL,NULL,NULL,NULL,7,NULL,NULL,NULL,NULL,NULL,NULL,NULL),(381,44,'CB044BC7-E402-4D26-BDC1-D1880536AF9A','58',NULL,NULL,NULL,NULL,NULL,NULL,8,NULL,NULL,NULL,NULL,NULL,NULL,NULL),(382,44,'CB044BC7-E402-4D26-BDC1-D1880536AF9A','60',NULL,NULL,NULL,NULL,NULL,NULL,9,NULL,NULL,NULL,NULL,NULL,NULL,NULL),(383,44,'CB044BC7-E402-4D26-BDC1-D1880536AF9A','62',NULL,NULL,NULL,NULL,NULL,NULL,10,NULL,NULL,NULL,NULL,NULL,NULL,NULL),(384,45,'2806CDC1-59E3-483E-9788-D1CE540179AE','SS',NULL,NULL,NULL,NULL,NULL,NULL,1,NULL,NULL,NULL,NULL,NULL,NULL,NULL),(385,45,'2806CDC1-59E3-483E-9788-D1CE540179AE','S',NULL,NULL,NULL,NULL,NULL,NULL,2,NULL,NULL,NULL,NULL,NULL,NULL,NULL),(386,45,'2806CDC1-59E3-483E-9788-D1CE540179AE','M',NULL,NULL,NULL,NULL,NULL,NULL,3,NULL,NULL,NULL,NULL,NULL,NULL,NULL),(387,45,'2806CDC1-59E3-483E-9788-D1CE540179AE','L',NULL,NULL,NULL,NULL,NULL,NULL,4,NULL,NULL,NULL,NULL,NULL,NULL,NULL),(388,46,'F353F68E-46FE-4DD7-98C4-D6CF55C8CBFF','1',NULL,NULL,NULL,NULL,NULL,NULL,1,NULL,NULL,NULL,NULL,NULL,NULL,NULL),(389,46,'F353F68E-46FE-4DD7-98C4-D6CF55C8CBFF','2',NULL,NULL,NULL,NULL,NULL,NULL,2,NULL,NULL,NULL,NULL,NULL,NULL,NULL),(390,46,'F353F68E-46FE-4DD7-98C4-D6CF55C8CBFF','3',NULL,NULL,NULL,NULL,NULL,NULL,3,NULL,NULL,NULL,NULL,NULL,NULL,NULL),(391,47,'2DF8498B-FD90-45CC-A58A-DF501A7508B0','26',NULL,NULL,NULL,NULL,NULL,NULL,1,NULL,NULL,NULL,NULL,NULL,NULL,NULL),(392,47,'2DF8498B-FD90-45CC-A58A-DF501A7508B0','27',NULL,NULL,NULL,NULL,NULL,NULL,2,NULL,NULL,NULL,NULL,NULL,NULL,NULL),(393,47,'2DF8498B-FD90-45CC-A58A-DF501A7508B0','28',NULL,NULL,NULL,NULL,NULL,NULL,3,NULL,NULL,NULL,NULL,NULL,NULL,NULL),(394,47,'2DF8498B-FD90-45CC-A58A-DF501A7508B0','29',NULL,NULL,NULL,NULL,NULL,NULL,4,NULL,NULL,NULL,NULL,NULL,NULL,NULL),(395,47,'2DF8498B-FD90-45CC-A58A-DF501A7508B0','30',NULL,NULL,NULL,NULL,NULL,NULL,5,NULL,NULL,NULL,NULL,NULL,NULL,NULL),(396,47,'2DF8498B-FD90-45CC-A58A-DF501A7508B0','31',NULL,NULL,NULL,NULL,NULL,NULL,6,NULL,NULL,NULL,NULL,NULL,NULL,NULL),(397,47,'2DF8498B-FD90-45CC-A58A-DF501A7508B0','32',NULL,NULL,NULL,NULL,NULL,NULL,7,NULL,NULL,NULL,NULL,NULL,NULL,NULL),(398,47,'2DF8498B-FD90-45CC-A58A-DF501A7508B0','33',NULL,NULL,NULL,NULL,NULL,NULL,8,NULL,NULL,NULL,NULL,NULL,NULL,NULL),(399,47,'2DF8498B-FD90-45CC-A58A-DF501A7508B0','34',NULL,NULL,NULL,NULL,NULL,NULL,9,NULL,NULL,NULL,NULL,NULL,NULL,NULL),(400,47,'2DF8498B-FD90-45CC-A58A-DF501A7508B0','35',NULL,NULL,NULL,NULL,NULL,NULL,10,NULL,NULL,NULL,NULL,NULL,NULL,NULL),(401,47,'2DF8498B-FD90-45CC-A58A-DF501A7508B0','36',NULL,NULL,NULL,NULL,NULL,NULL,11,NULL,NULL,NULL,NULL,NULL,NULL,NULL),(402,47,'2DF8498B-FD90-45CC-A58A-DF501A7508B0','37',NULL,NULL,NULL,NULL,NULL,NULL,12,NULL,NULL,NULL,NULL,NULL,NULL,NULL),(403,47,'2DF8498B-FD90-45CC-A58A-DF501A7508B0','38',NULL,NULL,NULL,NULL,NULL,NULL,13,NULL,NULL,NULL,NULL,NULL,NULL,NULL),(404,47,'2DF8498B-FD90-45CC-A58A-DF501A7508B0','39',NULL,NULL,NULL,NULL,NULL,NULL,14,NULL,NULL,NULL,NULL,NULL,NULL,NULL),(405,47,'2DF8498B-FD90-45CC-A58A-DF501A7508B0','40',NULL,NULL,NULL,NULL,NULL,NULL,15,NULL,NULL,NULL,NULL,NULL,NULL,NULL),(406,48,'77FA285E-68B1-4CE9-84D3-E030A540AFF7','XXS',NULL,NULL,NULL,NULL,NULL,NULL,1,NULL,NULL,NULL,NULL,NULL,NULL,NULL),(407,48,'77FA285E-68B1-4CE9-84D3-E030A540AFF7','XS',NULL,NULL,NULL,NULL,NULL,NULL,2,NULL,NULL,NULL,NULL,NULL,NULL,NULL),(408,48,'77FA285E-68B1-4CE9-84D3-E030A540AFF7','S',NULL,NULL,NULL,NULL,NULL,NULL,3,NULL,NULL,NULL,NULL,NULL,NULL,NULL),(409,48,'77FA285E-68B1-4CE9-84D3-E030A540AFF7','M',NULL,NULL,NULL,NULL,NULL,NULL,4,NULL,NULL,NULL,NULL,NULL,NULL,NULL),(410,48,'77FA285E-68B1-4CE9-84D3-E030A540AFF7','L',NULL,NULL,NULL,NULL,NULL,NULL,5,NULL,NULL,NULL,NULL,NULL,NULL,NULL),(411,48,'77FA285E-68B1-4CE9-84D3-E030A540AFF7','XL',NULL,NULL,NULL,NULL,NULL,NULL,6,NULL,NULL,NULL,NULL,NULL,NULL,NULL),(412,48,'77FA285E-68B1-4CE9-84D3-E030A540AFF7','XXL',NULL,NULL,NULL,NULL,NULL,NULL,7,NULL,NULL,NULL,NULL,NULL,NULL,NULL),(413,48,'77FA285E-68B1-4CE9-84D3-E030A540AFF7','XXXL',NULL,NULL,NULL,NULL,NULL,NULL,8,NULL,NULL,NULL,NULL,NULL,NULL,NULL),(414,49,'9034AC57-2484-40CF-8F7C-E742AD557297','65',NULL,NULL,NULL,NULL,NULL,NULL,1,NULL,NULL,NULL,NULL,NULL,NULL,NULL),(415,49,'9034AC57-2484-40CF-8F7C-E742AD557297','70',NULL,NULL,NULL,NULL,NULL,NULL,2,NULL,NULL,NULL,NULL,NULL,NULL,NULL),(416,49,'9034AC57-2484-40CF-8F7C-E742AD557297','75',NULL,NULL,NULL,NULL,NULL,NULL,3,NULL,NULL,NULL,NULL,NULL,NULL,NULL),(417,49,'9034AC57-2484-40CF-8F7C-E742AD557297','80',NULL,NULL,NULL,NULL,NULL,NULL,4,NULL,NULL,NULL,NULL,NULL,NULL,NULL),(418,49,'9034AC57-2484-40CF-8F7C-E742AD557297','85',NULL,NULL,NULL,NULL,NULL,NULL,5,NULL,NULL,NULL,NULL,NULL,NULL,NULL),(419,49,'9034AC57-2484-40CF-8F7C-E742AD557297','90',NULL,NULL,NULL,NULL,NULL,NULL,6,NULL,NULL,NULL,NULL,NULL,NULL,NULL),(420,49,'9034AC57-2484-40CF-8F7C-E742AD557297','95',NULL,NULL,NULL,NULL,NULL,NULL,7,NULL,NULL,NULL,NULL,NULL,NULL,NULL),(421,49,'9034AC57-2484-40CF-8F7C-E742AD557297','100',NULL,NULL,NULL,NULL,NULL,NULL,8,NULL,NULL,NULL,NULL,NULL,NULL,NULL),(422,49,'9034AC57-2484-40CF-8F7C-E742AD557297','105',NULL,NULL,NULL,NULL,NULL,NULL,9,NULL,NULL,NULL,NULL,NULL,NULL,NULL),(423,49,'9034AC57-2484-40CF-8F7C-E742AD557297','110',NULL,NULL,NULL,NULL,NULL,NULL,10,NULL,NULL,NULL,NULL,NULL,NULL,NULL),(424,49,'9034AC57-2484-40CF-8F7C-E742AD557297','115',NULL,NULL,NULL,NULL,NULL,NULL,11,NULL,NULL,NULL,NULL,NULL,NULL,NULL),(425,49,'9034AC57-2484-40CF-8F7C-E742AD557297','120',NULL,NULL,NULL,NULL,NULL,NULL,12,NULL,NULL,NULL,NULL,NULL,NULL,NULL),(426,49,'9034AC57-2484-40CF-8F7C-E742AD557297','125',NULL,NULL,NULL,NULL,NULL,NULL,13,NULL,NULL,NULL,NULL,NULL,NULL,NULL),(427,50,'92C61F12-420B-4604-A499-E7D2E509C6FB','34',NULL,NULL,NULL,NULL,NULL,NULL,1,NULL,NULL,NULL,NULL,NULL,NULL,NULL),(428,50,'92C61F12-420B-4604-A499-E7D2E509C6FB','34.5',NULL,NULL,NULL,NULL,NULL,NULL,2,NULL,NULL,NULL,NULL,NULL,NULL,NULL),(429,50,'92C61F12-420B-4604-A499-E7D2E509C6FB','35',NULL,NULL,NULL,NULL,NULL,NULL,3,NULL,NULL,NULL,NULL,NULL,NULL,NULL),(430,50,'92C61F12-420B-4604-A499-E7D2E509C6FB','35.5',NULL,NULL,NULL,NULL,NULL,NULL,4,NULL,NULL,NULL,NULL,NULL,NULL,NULL),(431,50,'92C61F12-420B-4604-A499-E7D2E509C6FB','36',NULL,NULL,NULL,NULL,NULL,NULL,5,NULL,NULL,NULL,NULL,NULL,NULL,NULL),(432,50,'92C61F12-420B-4604-A499-E7D2E509C6FB','36.5',NULL,NULL,NULL,NULL,NULL,NULL,6,NULL,NULL,NULL,NULL,NULL,NULL,NULL),(433,50,'92C61F12-420B-4604-A499-E7D2E509C6FB','37',NULL,NULL,NULL,NULL,NULL,NULL,7,NULL,NULL,NULL,NULL,NULL,NULL,NULL),(434,50,'92C61F12-420B-4604-A499-E7D2E509C6FB','37.5',NULL,NULL,NULL,NULL,NULL,NULL,8,NULL,NULL,NULL,NULL,NULL,NULL,NULL),(435,50,'92C61F12-420B-4604-A499-E7D2E509C6FB','38',NULL,NULL,NULL,NULL,NULL,NULL,9,NULL,NULL,NULL,NULL,NULL,NULL,NULL),(436,50,'92C61F12-420B-4604-A499-E7D2E509C6FB','38.5',NULL,NULL,NULL,NULL,NULL,NULL,10,NULL,NULL,NULL,NULL,NULL,NULL,NULL),(437,50,'92C61F12-420B-4604-A499-E7D2E509C6FB','39',NULL,NULL,NULL,NULL,NULL,NULL,11,NULL,NULL,NULL,NULL,NULL,NULL,NULL),(438,50,'92C61F12-420B-4604-A499-E7D2E509C6FB','39.5',NULL,NULL,NULL,NULL,NULL,NULL,12,NULL,NULL,NULL,NULL,NULL,NULL,NULL),(439,50,'92C61F12-420B-4604-A499-E7D2E509C6FB','40',NULL,NULL,NULL,NULL,NULL,NULL,13,NULL,NULL,NULL,NULL,NULL,NULL,NULL),(440,50,'92C61F12-420B-4604-A499-E7D2E509C6FB','40.5',NULL,NULL,NULL,NULL,NULL,NULL,14,NULL,NULL,NULL,NULL,NULL,NULL,NULL),(441,50,'92C61F12-420B-4604-A499-E7D2E509C6FB','41',NULL,NULL,NULL,NULL,NULL,NULL,15,NULL,NULL,NULL,NULL,NULL,NULL,NULL),(442,51,'2FB3E5D9-8AC1-4C39-AB61-EB8D8FBA1305','00',NULL,NULL,NULL,NULL,NULL,NULL,1,NULL,NULL,NULL,NULL,NULL,NULL,NULL),(443,51,'2FB3E5D9-8AC1-4C39-AB61-EB8D8FBA1305','0',NULL,NULL,NULL,NULL,NULL,NULL,2,NULL,NULL,NULL,NULL,NULL,NULL,NULL),(444,51,'2FB3E5D9-8AC1-4C39-AB61-EB8D8FBA1305','1',NULL,NULL,NULL,NULL,NULL,NULL,3,NULL,NULL,NULL,NULL,NULL,NULL,NULL),(445,51,'2FB3E5D9-8AC1-4C39-AB61-EB8D8FBA1305','2',NULL,NULL,NULL,NULL,NULL,NULL,4,NULL,NULL,NULL,NULL,NULL,NULL,NULL),(446,51,'2FB3E5D9-8AC1-4C39-AB61-EB8D8FBA1305','3',NULL,NULL,NULL,NULL,NULL,NULL,5,NULL,NULL,NULL,NULL,NULL,NULL,NULL),(447,51,'2FB3E5D9-8AC1-4C39-AB61-EB8D8FBA1305','4',NULL,NULL,NULL,NULL,NULL,NULL,6,NULL,NULL,NULL,NULL,NULL,NULL,NULL),(448,51,'2FB3E5D9-8AC1-4C39-AB61-EB8D8FBA1305','5',NULL,NULL,NULL,NULL,NULL,NULL,7,NULL,NULL,NULL,NULL,NULL,NULL,NULL),(449,51,'2FB3E5D9-8AC1-4C39-AB61-EB8D8FBA1305','6',NULL,NULL,NULL,NULL,NULL,NULL,8,NULL,NULL,NULL,NULL,NULL,NULL,NULL),(450,51,'2FB3E5D9-8AC1-4C39-AB61-EB8D8FBA1305','7',NULL,NULL,NULL,NULL,NULL,NULL,9,NULL,NULL,NULL,NULL,NULL,NULL,NULL),(451,51,'2FB3E5D9-8AC1-4C39-AB61-EB8D8FBA1305','8',NULL,NULL,NULL,NULL,NULL,NULL,10,NULL,NULL,NULL,NULL,NULL,NULL,NULL),(452,51,'2FB3E5D9-8AC1-4C39-AB61-EB8D8FBA1305','9',NULL,NULL,NULL,NULL,NULL,NULL,11,NULL,NULL,NULL,NULL,NULL,NULL,NULL),(453,51,'2FB3E5D9-8AC1-4C39-AB61-EB8D8FBA1305','10',NULL,NULL,NULL,NULL,NULL,NULL,12,NULL,NULL,NULL,NULL,NULL,NULL,NULL),(454,51,'2FB3E5D9-8AC1-4C39-AB61-EB8D8FBA1305','11',NULL,NULL,NULL,NULL,NULL,NULL,13,NULL,NULL,NULL,NULL,NULL,NULL,NULL),(455,51,'2FB3E5D9-8AC1-4C39-AB61-EB8D8FBA1305','12',NULL,NULL,NULL,NULL,NULL,NULL,14,NULL,NULL,NULL,NULL,NULL,NULL,NULL),(456,52,'E5883302-7963-4C5B-8CA3-EE753AF91D7A','1M',NULL,NULL,NULL,NULL,NULL,NULL,1,NULL,NULL,NULL,NULL,NULL,NULL,NULL),(457,52,'E5883302-7963-4C5B-8CA3-EE753AF91D7A','3M',NULL,NULL,NULL,NULL,NULL,NULL,2,NULL,NULL,NULL,NULL,NULL,NULL,NULL),(458,52,'E5883302-7963-4C5B-8CA3-EE753AF91D7A','6M',NULL,NULL,NULL,NULL,NULL,NULL,3,NULL,NULL,NULL,NULL,NULL,NULL,NULL),(459,52,'E5883302-7963-4C5B-8CA3-EE753AF91D7A','9M',NULL,NULL,NULL,NULL,NULL,NULL,4,NULL,NULL,NULL,NULL,NULL,NULL,NULL),(460,52,'E5883302-7963-4C5B-8CA3-EE753AF91D7A','12M',NULL,NULL,NULL,NULL,NULL,NULL,5,NULL,NULL,NULL,NULL,NULL,NULL,NULL),(461,52,'E5883302-7963-4C5B-8CA3-EE753AF91D7A','18M',NULL,NULL,NULL,NULL,NULL,NULL,6,NULL,NULL,NULL,NULL,NULL,NULL,NULL),(462,52,'E5883302-7963-4C5B-8CA3-EE753AF91D7A','24M',NULL,NULL,NULL,NULL,NULL,NULL,7,NULL,NULL,NULL,NULL,NULL,NULL,NULL),(463,53,'BE236CF3-0FF2-4A46-9DDE-FBFAB964B9AC','M',NULL,NULL,NULL,NULL,NULL,NULL,1,NULL,NULL,NULL,NULL,NULL,NULL,NULL),(464,53,'BE236CF3-0FF2-4A46-9DDE-FBFAB964B9AC','L',NULL,NULL,NULL,NULL,NULL,NULL,2,NULL,NULL,NULL,NULL,NULL,NULL,NULL),(465,53,'BE236CF3-0FF2-4A46-9DDE-FBFAB964B9AC','XL',NULL,NULL,NULL,NULL,NULL,NULL,3,NULL,NULL,NULL,NULL,NULL,NULL,NULL),(466,53,'BE236CF3-0FF2-4A46-9DDE-FBFAB964B9AC','XXL',NULL,NULL,NULL,NULL,NULL,NULL,4,NULL,NULL,NULL,NULL,NULL,NULL,NULL);

/*Table structure for table `temp_tb_sizetop` */

DROP TABLE IF EXISTS `temp_tb_sizetop`;

CREATE TABLE `temp_tb_sizetop` (
  `id` int(10) unsigned NOT NULL AUTO_INCREMENT COMMENT '主键id',
  `oldid` varchar(36) DEFAULT NULL COMMENT '老数据表对应主键id',
  `name_cn` varchar(100) DEFAULT NULL COMMENT '中文名称',
  `name_en` varchar(100) DEFAULT NULL COMMENT '英文名称',
  `name_hk` varchar(100) DEFAULT NULL COMMENT '粤语名称',
  `name_fr` varchar(100) DEFAULT NULL COMMENT '法语名称',
  `name_it` varchar(100) DEFAULT NULL COMMENT '意大利语名称',
  `name_sp` varchar(100) DEFAULT NULL COMMENT '西班牙语名称',
  `name_de` varchar(100) DEFAULT NULL COMMENT '德语名称',
  `code` varchar(50) DEFAULT NULL,
  PRIMARY KEY (`id`)
) ENGINE=InnoDB AUTO_INCREMENT=54 DEFAULT CHARSET=utf8mb4 COMMENT='尺码组';

/*Data for the table `temp_tb_sizetop` */

insert  into `temp_tb_sizetop`(`id`,`oldid`,`name_cn`,`name_en`,`name_hk`,`name_fr`,`name_it`,`name_sp`,`name_de`,`code`) values (1,'74CF592A-761C-4972-92D0-0B4B48629F5C','鞋 男女通用',NULL,NULL,NULL,NULL,NULL,NULL,'P'),(2,'567300D9-B6BA-43F4-A396-1197B2CE6D85','禁用   上装/男',NULL,NULL,NULL,NULL,NULL,NULL,'D'),(3,'B3D61A4A-0956-4EAD-8D11-1672F0832CD2','女鞋分段码',NULL,NULL,NULL,NULL,NULL,NULL,'XX CHIARA.F'),(4,'F42DD5D9-40F6-4ABD-B5B5-16F5E851FFC4','童装20-35',NULL,NULL,NULL,NULL,NULL,NULL,'TZ NUNUNU'),(5,'3E1B370F-3B12-4CAB-958F-188F1C3ACBB9','儿童袜子',NULL,NULL,NULL,NULL,NULL,NULL,'TZ BURBERRY'),(6,'FD45834E-7374-418A-A36A-1CA4F6F2B3C4','服装XS/S-M/L',NULL,NULL,NULL,NULL,NULL,NULL,'FZT3'),(7,'8D68737A-A595-43B5-8D1C-232B4A545730','鞋类/男女',NULL,NULL,NULL,NULL,NULL,NULL,'Q'),(8,'03C7DD73-88F2-4C4D-90F7-2AA152219024','禁用2',NULL,NULL,NULL,NULL,NULL,NULL,'XXT2'),(9,'96088D8E-1C62-40EC-BC54-2C716A4098F3','下装',NULL,NULL,NULL,NULL,NULL,NULL,'T'),(10,'E7F5C977-E357-4506-A70B-308BF9FA48BD','眼镜B',NULL,NULL,NULL,NULL,NULL,NULL,'PS2'),(11,'24A93703-2B9B-4210-B02A-31D02A77D298','服装JP-S/FR-S-JP-3XL/FR-XL',NULL,NULL,NULL,NULL,NULL,NULL,'FZT6'),(12,'C3A006FF-4D9C-4F03-8051-32B0A543C34E','上装/男女',NULL,NULL,NULL,NULL,NULL,NULL,'N'),(13,'55F0F2F0-8C38-4968-B336-3D6991672CFF','Y-3帽子',NULL,NULL,NULL,NULL,NULL,NULL,'PS6'),(14,'01959BBE-0EBD-44D5-8304-4031A6A49566','童装7A-S',NULL,NULL,NULL,NULL,NULL,NULL,'TZ Y.VERSACE'),(15,'85D3FA66-3A9B-4BE8-83C7-43A18392A1FA','儿童鞋12-22',NULL,NULL,NULL,NULL,NULL,NULL,'TZ XX1'),(16,'1F8B47C0-3E18-47BD-87A6-44AC09C7156E','男鞋38-46',NULL,NULL,NULL,NULL,NULL,NULL,'XXM1'),(17,'DF1DC957-FFE4-4E23-9864-4C6BF6072CCC','童装6M-14Y',NULL,NULL,NULL,NULL,NULL,NULL,'TZ NUNUNU'),(18,'A1C45E09-EACA-42F9-918B-4D63CD99ABE4','儿童帽子',NULL,NULL,NULL,NULL,NULL,NULL,'TZ MZ'),(19,'42D24695-52A7-42A1-A3DF-4EF840220ADA','衬衫37-46',NULL,NULL,NULL,NULL,NULL,NULL,'FZT2'),(20,'A459096A-71D7-42B1-9904-5097BB46BB0D','女装32-50',NULL,NULL,NULL,NULL,NULL,NULL,'FZW2'),(21,'ABB8D2BD-01F4-402A-B180-59C15C34FE52','下装/男裤',NULL,NULL,NULL,NULL,NULL,NULL,'O'),(22,'AB8F673C-7A0E-4339-A92C-6243149F9F84','服装FR34-FR48',NULL,NULL,NULL,NULL,NULL,NULL,'FZT7'),(23,'C3C3D5EE-3226-42CC-A928-63225E771810','男女鞋(禁用)',NULL,NULL,NULL,NULL,NULL,NULL,'ADIDAS'),(24,'C3C567A8-F042-4F3A-93C6-6D93F1EEB397','童装尺码',NULL,NULL,NULL,NULL,NULL,NULL,'TZ CANADA GOOSE KID'),(25,'FEF12D0D-D747-4C09-98D0-6EB3FBEFAB38','均码',NULL,NULL,NULL,NULL,NULL,NULL,'JM'),(26,'895D88F5-7D87-4527-AF69-78C5D921CB02','童装8A-14A',NULL,NULL,NULL,NULL,NULL,NULL,'TZ Y.VERSACE'),(27,'744367CC-FFF0-4A08-891D-8987C47ED1EF','女裤24-34',NULL,NULL,NULL,NULL,NULL,NULL,'FZW1'),(28,'A08B212F-609D-4D21-A8F6-8BCBFC298635','男鞋4.5-13',NULL,NULL,NULL,NULL,NULL,NULL,'XXM2'),(29,'FF341A6F-5092-4C07-AA91-9288C8BF1CAA','服装XXXS-XXXL',NULL,NULL,NULL,NULL,NULL,NULL,'FZT1'),(30,'3636ADD1-B9BC-40A3-88B5-94D9CF75B28E','眼镜',NULL,NULL,NULL,NULL,NULL,NULL,'PS4'),(31,'D80BEA95-5F83-4B43-82C9-955AAB764FC2','童装1M-9M',NULL,NULL,NULL,NULL,NULL,NULL,'TZ Y.VERSACE'),(32,'17A1B8F2-4844-41B9-B44A-9C62CD4E5956','童装3M-16A',NULL,NULL,NULL,NULL,NULL,NULL,'TZ KENZO'),(33,'491767F2-B5C4-4E3B-B61D-A6910D4FDAAE','童装2A-6A',NULL,NULL,NULL,NULL,NULL,NULL,'TZ Y.VERSACE'),(34,'7453B913-D501-460D-AB0D-AA914DBA1868','童装12M-24M',NULL,NULL,NULL,NULL,NULL,NULL,'TZ Y.VERSACE'),(35,'60821A09-F2BA-4257-92AA-ABCEEC3E6997','禁用1',NULL,NULL,NULL,NULL,NULL,NULL,'XXT1'),(36,'18EE65F9-B4F6-4DA0-BAF0-AE00192483B1','Y.VERSACE童装',NULL,NULL,NULL,NULL,NULL,NULL,'TZ Y.VERSACE'),(37,'52CD99AF-E24E-4CD8-98EB-B381CD148BBD','MONCLER 童装',NULL,NULL,NULL,NULL,NULL,NULL,'TZ MONCLER'),(38,'3D1E3F04-4E3D-4820-AF73-BA9B1AE240A6','男装44-60',NULL,NULL,NULL,NULL,NULL,NULL,'FZM2'),(39,'BBE57562-B1DE-4CDC-9C60-BC8793149718','服装I-VIII',NULL,NULL,NULL,NULL,NULL,NULL,'FZT4'),(40,'FB8DF189-E2A3-45BE-9138-C0E470C242FF','女鞋4-10',NULL,NULL,NULL,NULL,NULL,NULL,'XXW2'),(41,'E024333F-5316-4C0A-A68E-C5FAF7DD7EA9','手链/戒指',NULL,NULL,NULL,NULL,NULL,NULL,'PS1'),(42,'43D93EA5-A8B6-4E6B-B5AA-CE4D13471A4F','袜子',NULL,NULL,NULL,NULL,NULL,NULL,'PS5'),(43,'FA123364-C678-431C-B629-CEC8FFD0C230','男裤28-38',NULL,NULL,NULL,NULL,NULL,NULL,'FZM1'),(44,'CB044BC7-E402-4D26-BDC1-D1880536AF9A','帽子（儿童）',NULL,NULL,NULL,NULL,NULL,NULL,'X'),(45,'2806CDC1-59E3-483E-9788-D1CE540179AE','帽子',NULL,NULL,NULL,NULL,NULL,NULL,'PS2'),(46,'F353F68E-46FE-4DD7-98C4-D6CF55C8CBFF','帽子',NULL,NULL,NULL,NULL,NULL,NULL,'U'),(47,'2DF8498B-FD90-45CC-A58A-DF501A7508B0','儿童鞋 26-35',NULL,NULL,NULL,NULL,NULL,NULL,'TZ XX2'),(48,'77FA285E-68B1-4CE9-84D3-E030A540AFF7','下装/裤',NULL,NULL,NULL,NULL,NULL,NULL,'R'),(49,'9034AC57-2484-40CF-8F7C-E742AD557297','腰带',NULL,NULL,NULL,NULL,NULL,NULL,'PS3'),(50,'92C61F12-420B-4604-A499-E7D2E509C6FB','女鞋34-43',NULL,NULL,NULL,NULL,NULL,NULL,'XXW1'),(51,'2FB3E5D9-8AC1-4C39-AB61-EB8D8FBA1305','服装00-10',NULL,NULL,NULL,NULL,NULL,NULL,'FZT5'),(52,'E5883302-7963-4C5B-8CA3-EE753AF91D7A','童装1M-24M',NULL,NULL,NULL,NULL,NULL,NULL,'TZ A.JUNIOR'),(53,'BE236CF3-0FF2-4A46-9DDE-FBFAB964B9AC','童装M-XXL',NULL,NULL,NULL,NULL,NULL,NULL,'TZ Y.VERSACE');

/*!40101 SET SQL_MODE=@OLD_SQL_MODE */;
/*!40014 SET FOREIGN_KEY_CHECKS=@OLD_FOREIGN_KEY_CHECKS */;
/*!40014 SET UNIQUE_CHECKS=@OLD_UNIQUE_CHECKS */;
/*!40111 SET SQL_NOTES=@OLD_SQL_NOTES */;
